-- --------------------------------------------------------
-- 主機:                           192.168.2.152
-- 伺服器版本:                        10.6.5-MariaDB-1:10.6.5+maria~focal - mariadb.org binary distribution
-- 伺服器作業系統:                      debian-linux-gnu
-- HeidiSQL 版本:                  11.3.0.6295
-- --------------------------------------------------------

/*!40101 SET @OLD_CHARACTER_SET_CLIENT=@@CHARACTER_SET_CLIENT */;
/*!40101 SET NAMES utf8 */;
/*!50503 SET NAMES utf8mb4 */;
/*!40014 SET @OLD_FOREIGN_KEY_CHECKS=@@FOREIGN_KEY_CHECKS, FOREIGN_KEY_CHECKS=0 */;
/*!40101 SET @OLD_SQL_MODE=@@SQL_MODE, SQL_MODE='NO_AUTO_VALUE_ON_ZERO' */;
/*!40111 SET @OLD_SQL_NOTES=@@SQL_NOTES, SQL_NOTES=0 */;


-- 傾印 koa_main 的資料庫結構
CREATE DATABASE IF NOT EXISTS `koa_main` /*!40100 DEFAULT CHARACTER SET utf8mb4 */;
USE `koa_main`;

-- 傾印  資料表 koa_main.Configs 結構
CREATE TABLE IF NOT EXISTS `Configs` (
  `Name` varchar(255) NOT NULL,
  `Value` varchar(255) NOT NULL,
  `Comment` varchar(255) NOT NULL,
  PRIMARY KEY (`Name`) USING BTREE
) ENGINE=InnoDB DEFAULT CHARSET=utf8mb3 COMMENT='雜項設置';

-- 正在傾印表格  koa_main.Configs 的資料：~17 rows (近似值)
/*!40000 ALTER TABLE `Configs` DISABLE KEYS */;
INSERT INTO `Configs` (`Name`, `Value`, `Comment`) VALUES
	('AmountRacePlayerMax', '8', '開房最大人數'),
	('ItemFullAddMailID', '1', '物品超過堆疊上限加入信件的MailID'),
	('ItemFullAddMailIDay', '365', '物品超過堆疊上限加入信件的過期時間(日)'),
	('PvP_B_FreeTicketId_1_Count', '15', '金幣賽免費入場券(每次)發放數量'),
	('PvP_B_FreeTicketId_2_Count', '0', 'PT幣賽免費入場券(每次)發放數量'),
	('PvP_B_MaxTickets_1', '100', '金幣賽入場券的儲存上限'),
	('PvP_B_MaxTickets_2', '3', 'PT賽入場券的儲存上限'),
	('PvP_B_NewRoomRate_1', '1', '金幣晉級賽創建房間千分比'),
	('PvP_B_NewRoomRate_2', '250', 'PT晉級賽創建房間千分比'),
	('PvP_B_PetaLvLimit_1', '70', '參加金幣賽的Peta等級壓縮'),
	('PvP_B_SeasonStartTime', '2022-06-24 00:00:00+8:00', '晉級賽賽季起始時間'),
	('PvP_B_StopMatch', '1800', '晉級賽結束配對時間(秒數)'),
	('PvP_B_TicketId_1', '5100', '金幣賽入場券的道具Id'),
	('PvP_B_TicketId_2', '5201', 'PT賽入場券的道具Id'),
	('PvP_B_WeeksPerSeacon', '2', '晉級賽每賽季有幾週'),
	('PvP_ExtraMatchSeconds', '120', '開局配對延長等待秒數'),
	('PvP_MaxMatchSeconds', '200', '開局配對基本等待秒數'),
	('TimelimitElitetestRace', '300', '菁英測試競賽時限(秒)');
/*!40000 ALTER TABLE `Configs` ENABLE KEYS */;

-- 傾印  資料表 koa_main.Marquee 結構
CREATE TABLE IF NOT EXISTS `Marquee` (
  `Serial` int(10) unsigned NOT NULL AUTO_INCREMENT,
  `Status` tinyint(4) NOT NULL DEFAULT 0 COMMENT '狀態(1=啟用)',
  `Lang` tinyint(4) NOT NULL DEFAULT 1 COMMENT '語系',
  `Sorting` tinyint(4) NOT NULL DEFAULT 0 COMMENT '排序',
  `Content` text NOT NULL COMMENT '內容',
  `CreateTime` int(11) NOT NULL DEFAULT 0 COMMENT '建立時間',
  `UpdateTime` int(11) NOT NULL DEFAULT 0 COMMENT '更新時間',
  PRIMARY KEY (`Serial`),
  KEY `Sorting` (`Sorting`),
  KEY `Staus` (`Status`,`Lang`) USING BTREE
) ENGINE=InnoDB DEFAULT CHARSET=utf8mb4 COMMENT='跑馬燈訊息';

-- 正在傾印表格  koa_main.Marquee 的資料：~13 rows (近似值)
/*!40000 ALTER TABLE `Marquee` DISABLE KEYS */;
INSERT INTO `Marquee` (`Serial`, `Status`, `Lang`, `Sorting`, `Content`, `CreateTime`, `UpdateTime`) VALUES
	(1, 1, 0, 0, 'So glad to have you in PetaRush. Come and join the festivity!', 0, 0),
	(2, 1, 1, 0, 'Willkommen bei PetaRush! Komm und feiere mit uns das Peta Fest!', 0, 0),
	(3, 1, 2, 0, 'So glad to have you in PetaRush. Come and join the festivity!', 0, 0),
	(4, 1, 3, 0, '¡Bienvenido a PetaRush! ¡Venga y únase a la fiesta de Peta con nosotros!', 0, 0),
	(5, 1, 4, 0, 'Maligayang pagdating sa “PetaRush”. Taos-puso kaming inaanyayahan na sumali sa amin sa malaking kaganapan ng Peta, “pagtakbo ng hayop” !', 0, 0),
	(6, 1, 5, 0, 'Selamat datang di PetaRush. Dengan senang hati, kami mengundang Anda untuk bergabung dengan kami di acara akbar Peta, yaitu PetaRush!', 0, 0),
	(7, 1, 6, 0, '《PetaRush》へようこそ一緒に《PetaRush》で盛り上がりましょう！', 0, 0),
	(8, 1, 7, 0, '<PetaRush>에 오신 걸 환영합니다. 당신을 <페타 러시> Peta의 대형 행사에 초대합니다!', 0, 0),
	(9, 1, 8, 0, '"PetaRush" မွ ႀကိဳဆိုပါသည္။ Peta ၏အဓိကပြဲျဖစ္သည့္ "PetaRush" တြင္ ပါဝင္ဆင္ႏႊဲရန္ ေလးစားစြာျဖင့္ ဖိတ္ၾကားအပ္ပါသည္။', 0, 0),
	(10, 1, 9, 0, 'Bem-vindo à PetaRush! Vem participar das comemorações da Peta com a gente!', 0, 0),
	(11, 1, 10, 0, 'Добро пожаловать в PetaRush! Присоединяйтесь к празднику Peta вместе с нами!', 0, 0),
	(12, 1, 11, 0, 'ยินดีต้อนรับสู่ 《PetaRush》. เราขอเชิญคุณมาร่วมงานPetaครั้งสำคัญใน PetaRush', 0, 0),
	(13, 1, 12, 0, '歡迎來到《PetaRush》誠摯邀請你一同來參與《動物大奔走》這個Peta的大型盛事！', 0, 0);
/*!40000 ALTER TABLE `Marquee` ENABLE KEYS */;

-- 傾印  資料表 koa_main.PlayerHolder 結構
CREATE TABLE IF NOT EXISTS `PlayerHolder` (
  `PlayerID` bigint(20) NOT NULL,
  `UserID` int(10) NOT NULL DEFAULT 0,
  `Nickname` varchar(50) DEFAULT NULL COMMENT '角色暱稱',
  `SyncRate` smallint(5) unsigned NOT NULL DEFAULT 0 COMMENT '同步率',
  PRIMARY KEY (`PlayerID`) USING BTREE,
  UNIQUE KEY `CharacterID_UserID` (`PlayerID`,`UserID`) USING BTREE,
  KEY `UserID` (`UserID`)
) ENGINE=InnoDB DEFAULT CHARSET=utf8mb4 COMMENT='角色持有資訊';

-- 正在傾印表格  koa_main.PlayerHolder 的資料：~73 rows (近似值)
/*!40000 ALTER TABLE `PlayerHolder` DISABLE KEYS */;
INSERT INTO `PlayerHolder` (`PlayerID`, `UserID`, `Nickname`, `SyncRate`) VALUES
	(-38, -38, 'aichar0038', 0),
	(-37, -37, 'aichar0037', 0),
	(-36, -36, 'aichar0036', 0),
	(-35, -35, 'aichar0035', 0),
	(-34, -34, 'aichar0034', 0),
	(-33, -33, 'aichar0033', 0),
	(-32, -32, 'aichar0032', 0),
	(-31, -31, 'aichar0031', 0),
	(-30, -30, 'aichar0030', 0),
	(-29, -29, 'aichar0029', 0),
	(-28, -28, 'aichar0028', 0),
	(-27, -27, 'aichar0027', 0),
	(-26, -26, 'aichar0026', 0),
	(-25, -25, 'aichar0025', 0),
	(-24, -24, 'aichar0024', 0),
	(-23, -23, 'aichar0023', 0),
	(-22, -22, 'aichar0022', 0),
	(-21, -21, 'aichar0021', 0),
	(-20, -20, 'aichar0020', 0),
	(-19, -19, 'aichar0019', 0),
	(-18, -18, 'aichar0018', 0),
	(-17, -17, 'aichar0017', 0),
	(-16, -16, 'aichar0016', 0),
	(-15, -15, 'aichar0015', 0),
	(-14, -14, 'aichar0014', 0),
	(-13, -13, 'aichar0013', 0),
	(-12, -12, 'aichar0012', 0),
	(-11, -11, 'aichar0011', 0),
	(-10, -10, 'aichar0010', 0),
	(-9, -9, 'aichar0009', 0),
	(-8, -8, 'aichar0008', 0),
	(-7, -7, 'aichar0007', 0),
	(-6, -6, 'aichar0006', 0),
	(-5, -5, 'aichar0005', 0),
	(-4, -4, 'aichar0004', 0),
	(-3, -3, 'aichar0003', 0),
	(-2, -2, 'aichar0002', 0),
	(-1, -1, 'aichar0001', 0),
	(1010000000000001, 1, NULL, 0),
	(1010000000000002, 1, NULL, 0),
	(1010000000000003, 2, NULL, 0),
	(1010000000000004, 2, NULL, 0),
	(1010000000000005, 3, NULL, 0),
	(1010000000000006, 3, NULL, 0),
	(1010000000000007, 4, NULL, 0),
	(1010000000000008, 4, NULL, 0),
	(1010000000000009, 5, NULL, 0),
	(1010000000000010, 5, NULL, 0),
	(1010000000000011, 6, NULL, 0),
	(1010000000000012, 6, NULL, 0),
	(1010000000000013, 7, NULL, 0),
	(1010000000000014, 7, NULL, 0),
	(1010000000000015, 8, NULL, 0),
	(1010000000000016, 8, NULL, 0),
	(1010000000000017, 9, NULL, 0),
	(1010000000000018, 9, NULL, 0),
	(1010000000000019, 10, NULL, 0),
	(1010000000000020, 10, NULL, 0),
	(1010000000000021, 0, NULL, 0),
	(1010000000000022, 0, NULL, 0),
	(1010000000000023, 0, NULL, 0),
	(1010000000000024, 0, NULL, 0),
	(1010000000000025, 0, NULL, 0),
	(1010000000000026, 0, NULL, 0),
	(1010000000000027, 0, NULL, 0),
	(1010000000000028, 0, NULL, 0),
	(1010000000000029, 0, NULL, 0),
	(1010000000000030, 0, NULL, 0),
	(1010000000000031, 0, NULL, 0),
	(1010000000000032, 0, NULL, 0),
	(1010000000000033, 0, NULL, 0),
	(1010000000000034, 0, NULL, 0),
	(1010000000000035, 0, NULL, 0),
	(1010000000000036, 0, NULL, 0),
	(1010000000000037, 0, NULL, 0),
	(1010000000000038, 0, NULL, 0);
/*!40000 ALTER TABLE `PlayerHolder` ENABLE KEYS */;

-- 傾印  資料表 koa_main.PlayerLevel 結構
CREATE TABLE IF NOT EXISTS `PlayerLevel` (
  `PlayerID` bigint(20) NOT NULL,
  `Level` tinyint(3) unsigned NOT NULL DEFAULT 1 COMMENT '等級',
  `Rank` tinyint(3) unsigned NOT NULL DEFAULT 1 COMMENT '階級',
  `Exp` bigint(20) unsigned NOT NULL DEFAULT 0 COMMENT '經驗值',
  PRIMARY KEY (`PlayerID`) USING BTREE
) ENGINE=InnoDB DEFAULT CHARSET=utf8mb4 COMMENT='角色養成數值';

-- 正在傾印表格  koa_main.PlayerLevel 的資料：~76 rows (近似值)
/*!40000 ALTER TABLE `PlayerLevel` DISABLE KEYS */;
INSERT INTO `PlayerLevel` (`PlayerID`, `Level`, `Rank`, `Exp`) VALUES
	(-38, 1, 1, 0),
	(-37, 1, 1, 0),
	(-36, 1, 1, 0),
	(-35, 1, 1, 0),
	(-34, 1, 1, 0),
	(-33, 1, 1, 0),
	(-32, 1, 1, 0),
	(-31, 1, 1, 0),
	(-30, 1, 1, 0),
	(-29, 1, 1, 0),
	(-28, 1, 1, 0),
	(-27, 1, 1, 0),
	(-26, 1, 1, 0),
	(-25, 1, 1, 0),
	(-24, 1, 1, 0),
	(-23, 1, 1, 0),
	(-22, 1, 1, 0),
	(-21, 1, 1, 0),
	(-20, 1, 1, 0),
	(-19, 1, 1, 0),
	(-18, 1, 1, 0),
	(-17, 1, 1, 0),
	(-16, 1, 1, 0),
	(-15, 1, 1, 0),
	(-14, 1, 1, 0),
	(-13, 1, 1, 0),
	(-12, 1, 1, 0),
	(-11, 1, 1, 0),
	(-10, 1, 1, 0),
	(-9, 1, 1, 0),
	(-8, 1, 1, 0),
	(-7, 1, 1, 0),
	(-6, 1, 1, 0),
	(-5, 1, 1, 0),
	(-4, 1, 1, 0),
	(-3, 1, 1, 0),
	(-2, 1, 1, 0),
	(-1, 1, 1, 0),
	(1010000000000001, 1, 1, 0),
	(1010000000000002, 1, 1, 0),
	(1010000000000003, 1, 1, 0),
	(1010000000000004, 1, 1, 0),
	(1010000000000005, 1, 1, 0),
	(1010000000000006, 1, 1, 0),
	(1010000000000007, 1, 1, 0),
	(1010000000000008, 1, 1, 0),
	(1010000000000009, 1, 1, 0),
	(1010000000000010, 1, 1, 0),
	(1010000000000011, 1, 1, 0),
	(1010000000000012, 1, 1, 0),
	(1010000000000013, 1, 1, 0),
	(1010000000000014, 1, 1, 0),
	(1010000000000015, 1, 1, 0),
	(1010000000000016, 1, 1, 0),
	(1010000000000017, 1, 1, 0),
	(1010000000000018, 1, 1, 0),
	(1010000000000019, 1, 1, 0),
	(1010000000000020, 1, 1, 0),
	(1010000000000021, 1, 1, 0),
	(1010000000000022, 1, 1, 0),
	(1010000000000023, 1, 1, 0),
	(1010000000000024, 1, 1, 0),
	(1010000000000025, 1, 1, 0),
	(1010000000000026, 1, 1, 0),
	(1010000000000027, 1, 1, 0),
	(1010000000000028, 1, 1, 0),
	(1010000000000029, 1, 1, 0),
	(1010000000000030, 1, 1, 0),
	(1010000000000031, 1, 1, 0),
	(1010000000000032, 1, 1, 0),
	(1010000000000033, 1, 1, 0),
	(1010000000000034, 1, 1, 0),
	(1010000000000035, 1, 1, 0),
	(1010000000000036, 1, 1, 0),
	(1010000000000037, 1, 1, 0),
	(1010000000000038, 1, 1, 0);
/*!40000 ALTER TABLE `PlayerLevel` ENABLE KEYS */;

-- 傾印  資料表 koa_main.PlayerNFT 結構
CREATE TABLE IF NOT EXISTS `PlayerNFT` (
  `PlayerID` bigint(20) NOT NULL,
  `Constitution` smallint(5) unsigned NOT NULL DEFAULT 100 COMMENT '體力',
  `Strength` smallint(5) unsigned NOT NULL DEFAULT 100 COMMENT '力量',
  `Dexterity` smallint(5) unsigned NOT NULL DEFAULT 100 COMMENT '技巧',
  `Agility` smallint(5) unsigned NOT NULL DEFAULT 100 COMMENT '敏捷',
  `Attribute` tinyint(3) unsigned NOT NULL DEFAULT 0 COMMENT '屬性',
  `HeadDNA` varchar(50) NOT NULL COMMENT '頭部 DNA 編碼',
  `BodyDNA` varchar(50) NOT NULL COMMENT '身體 DNA 編碼',
  `HandDNA` varchar(50) NOT NULL COMMENT '手部 DNA 編碼',
  `LegDNA` varchar(50) NOT NULL COMMENT '腿部 DNA 編碼',
  `BackDNA` varchar(50) NOT NULL COMMENT '背脊 DNA 編碼',
  `HatDNA` varchar(50) NOT NULL COMMENT '頭冠 DNA 編碼',
  `Achievement` varchar(50) NOT NULL DEFAULT '0000000000000000' COMMENT '成就標籤',
  `Native` tinyint(2) unsigned zerofill NOT NULL DEFAULT 00 COMMENT '原生種標記',
  `Source` tinyint(1) NOT NULL DEFAULT 0 COMMENT '來源標記',
  `StrengthLevel` tinyint(1) unsigned zerofill NOT NULL DEFAULT 0 COMMENT '數值標記、強度級別',
  `SkeletonType` tinyint(2) unsigned zerofill NOT NULL DEFAULT 00 COMMENT '骨架類別',
  PRIMARY KEY (`PlayerID`) USING BTREE
) ENGINE=InnoDB DEFAULT CHARSET=utf8mb4 COMMENT='來自 NFT 角色資訊';

-- 正在傾印表格  koa_main.PlayerNFT 的資料：~76 rows (近似值)
/*!40000 ALTER TABLE `PlayerNFT` DISABLE KEYS */;
INSERT INTO `PlayerNFT` (`PlayerID`, `Constitution`, `Strength`, `Dexterity`, `Agility`, `Attribute`, `HeadDNA`, `BodyDNA`, `HandDNA`, `LegDNA`, `BackDNA`, `HatDNA`, `Achievement`, `Native`, `Source`, `StrengthLevel`, `SkeletonType`) VALUES
	(-38, 7409, 5872, 6813, 6868, 1, '110208701101047031020170', '110208702103017011010370', '110110701102053021030170', '140105701203017011010270', '130303703102017011010370', '110113701101027012030170', '0000000000000000', 00, 0, 0, 00),
	(-37, 6813, 5529, 6389, 7495, 1, '140308701101037021030170', '110211701203017011010470', '110112703102017012030170', '140105701101027011010470', '140301702103017011010170', '140307701101017011010470', '0000000000000000', 00, 0, 0, 00),
	(-36, 7433, 5890, 6972, 5815, 1, '110112701101027012030170', '140307701101017012030170', '110208701203017011010470', '170201701101047011010370', '170206701203017011020530', '140303303102017011010370', '0000000000000000', 00, 0, 0, 00),
	(-35, 6889, 7264, 5977, 7165, 1, '140308701101037011010470', '140301703102017021030170', '140102701101047011010370', '140303701101027021030170', '110208701101047031020170', '110207702103017011010270', '0000000000000000', 00, 0, 0, 00),
	(-34, 6095, 7541, 7655, 6939, 1, '130303703102017011010370', '110109702103017031020170', '110113701203017011010270', '110110701101027011020530', '110109701101037012030170', '110106701203017011010170', '0000000000000000', 00, 0, 0, 00),
	(-33, 7334, 7878, 6340, 7309, 1, '170302702103017011010270', '170304701203017011020530', '110112701101027011020530', '110112703102017021030170', '140102701101027011010370', '110113701101047011020530', '0000000000000000', 00, 0, 0, 00),
	(-32, 7681, 7583, 7338, 5777, 1, '140303701203017011010170', '110211703102017011010170', '140301702103017031020170', '170206702103017012030170', '170206701101047021030170', '110106701101037031020170', '0000000000000000', 00, 0, 0, 00),
	(-31, 5886, 7253, 7012, 7806, 1, '110208701101027031020170', '140102702103017011010270', '130303701101017021030170', '130302701203017031020170', '170302703102017011010470', '140102701101047021030170', '0000000000000000', 00, 0, 0, 00),
	(-30, 7190, 7661, 7014, 7048, 1, '140308701101037021030170', '140301701203017011010370', '140105701102053012030170', '110106701101047011010270', '140303702103017011010370', '140307701101017012030170', '0000000000000000', 00, 0, 0, 00),
	(-29, 7668, 6556, 5905, 5814, 1, '110110701101027012030170', '140102301101017011010470', '170206703102017011010470', '110110701101037011010470', '140303701203017011010170', '140102703102017011010470', '0000000000000000', 00, 0, 0, 00),
	(-28, 6658, 7884, 7795, 7131, 1, '130301701101017011010470', '140301701101037012030170', '110113701101047011010370', '110208701101027011010370', '110110701101047011020530', '170206702103017011010370', '0000000000000000', 00, 0, 0, 00),
	(-27, 6381, 6620, 7406, 5925, 1, '170304303102017011010370', '140308701101027021030170', '140301701101037011010270', '110112702103017012030170', '140206701101037031020170', '140308701203017011010370', '0000000000000000', 00, 0, 0, 00),
	(-26, 6680, 6092, 6000, 5604, 1, '110211702103017011010270', '140206701101017031020170', '110112701203017031020170', '110112703102017011020530', '130302701101027012030170', '110112701101047011010270', '0000000000000000', 00, 0, 0, 00),
	(-25, 6013, 6461, 6115, 6722, 1, '110208701203017011010170', '130303703102017011020530', '110113701101027031020170', '140301701102053021030170', '140102701101047011010270', '110110701101037011010170', '0000000000000000', 00, 0, 0, 00),
	(-24, 6945, 7845, 6889, 7663, 1, '110211701101047031020170', '110112702103017011010170', '140303701101037021030170', '170304703102017012030170', '110113703102017021030170', '130301701101037011020530', '0000000000000000', 00, 0, 0, 00),
	(-23, 6759, 7519, 6132, 6148, 1, '140204701101037021030170', '140303701203017011010270', '140204701101017012030170', '140301701101047031020170', '140308702103017011010470', '140303701101017031020170', '0000000000000000', 00, 0, 0, 00),
	(-22, 7745, 5609, 5858, 6716, 1, '130302701101017012030170', '140204701101047011010370', '130303701102053011010470', '140102701101037011010270', '170304701203017011010370', '140303703102017021030170', '0000000000000000', 00, 0, 0, 00),
	(-21, 7672, 6003, 5989, 6645, 1, '170304701101017011010470', '110112701101037011010470', '110208703102017011010370', '110211701101027011010470', '170304301101047011010170', '170302702103017012030170', '0000000000000000', 00, 0, 0, 00),
	(-20, 5752, 7262, 5892, 6933, 1, '110106703102017011010370', '110110701101027012030170', '110109701101047011010270', '110208702103017011010370', '130301701101037011020530', '130303701203017011010470', '0000000000000000', 00, 0, 0, 00),
	(-19, 7853, 6466, 6805, 6002, 1, '170201702103017011010270', '140303701101017021030170', '110112701101037021030170', '140303703102017011010470', '140307701101027031020170', '110208701101047011010370', '0000000000000000', 00, 0, 0, 00),
	(-18, 5890, 7323, 6409, 6605, 1, '110113301203017011010170', '140102301101027031020170', '140307701203017031020170', '140303702103017011020530', '110211701101047012030170', '170304701101037012030170', '0000000000000000', 00, 0, 0, 00),
	(-17, 6293, 5832, 5628, 5665, 1, '130301701101047031020170', '110110702103017011020530', '140105701101027021030170', '110106701203017021030170', '140307703102017011010270', '130303701101017011010270', '0000000000000000', 00, 0, 0, 00),
	(-16, 6073, 6425, 5564, 6007, 1, '130301701101037021030170', '110112701203017011010170', '110106702103017012030170', '130302701101047012030170', '140105702103017031020170', '170302701101027011010170', '0000000000000000', 00, 0, 0, 00),
	(-15, 5705, 5653, 6024, 6606, 1, '170201701101027012030170', '140308701101047011010270', '130303701101017011010470', '140303701101037031020170', '110113701203017011010470', '140204703102017011020530', '0000000000000000', 00, 0, 0, 00),
	(-14, 6154, 7459, 7642, 5512, 1, '170304701101017011020530', '130303301101027011010370', '140102701102053011010370', '110112702103017011010270', '140303701101047011010370', '170206702103017031020170', '0000000000000000', 00, 0, 0, 00),
	(-13, 6226, 7008, 7004, 6065, 1, '170206703102017011010370', '110113301101017011010470', '140303703102017011010270', '140307702103017011010470', '140102701101037011010170', '140206701203017021030170', '0000000000000000', 00, 0, 0, 00),
	(-12, 6451, 7730, 7930, 5943, 1, '140105702103017011010270', '110110701101017012030170', '170302701101047012030170', '130302703102017011010370', '130303701101027011020530', '140307701101047012030170', '0000000000000000', 00, 0, 0, 00),
	(-11, 7395, 7398, 5545, 7662, 1, '130301701203017011010170', '140204703102017021030170', '140307701101037031020170', '140301702103017011010370', '140102701101047031020170', '110211701101037011010470', '0000000000000000', 00, 0, 0, 00),
	(-10, 7148, 6008, 6997, 5809, 1, '140105701101047031020170', '110211702103017031020170', '110110701203017021030170', '140105701203017011020530', '140307703102017012030170', '140206701101027011010370', '0000000000000000', 00, 0, 0, 00),
	(-9, 7006, 7151, 6736, 7894, 1, '110207701101027021030170', '170302701203017011020530', '140303701101027012030170', '110112701101047021030170', '140303702103017011010270', '140303701101037011020530', '0000000000000000', 00, 0, 0, 00),
	(-8, 5636, 6136, 7451, 7902, 1, '110106701101047012030170', '110109301101047011010170', '110211702103017011010470', '170201701101037012030170', '130303701203017021030170', '110211703102017011010270', '0000000000000000', 00, 0, 0, 00),
	(-7, 6251, 7476, 7479, 6739, 1, '140102701101017011010470', '170304703102017011010270', '130303301101017011010370', '140308701101027031020170', '140308701101047012030170', '110110702103017011010170', '0000000000000000', 00, 0, 0, 00),
	(-6, 6153, 6605, 7156, 7836, 1, '140105703102017011010370', '140204702103017011010370', '170206701102053011010270', '140303701203017011010270', '110106701101037011010470', '140308701203017011020530', '0000000000000000', 00, 0, 0, 00),
	(-5, 7570, 7600, 5505, 7447, 1, '140105302103017011010270', '140301701203017011010470', '130303703102017011010470', '110106703102017011010470', '130303701101027011010170', '170302701101047031020170', '0000000000000000', 00, 0, 0, 00),
	(-4, 5962, 7943, 5722, 6903, 1, '110208301203017011010170', '110207703102017012030170', '130303701101047031020170', '140204702103017011010370', '140303701101047011020530', '140102701101037021030170', '0000000000000000', 00, 0, 0, 00),
	(-3, 6470, 5684, 5974, 7694, 1, '130302701101047031020170', '140308301101037021030170', '130303701101037021030170', '110208701203017011010270', '110207703102017011010270', '170302701101027012030170', '0000000000000000', 00, 0, 0, 00),
	(-2, 5669, 7122, 6943, 5679, 1, '130302701101037021030170', '140102701203017031020170', '130303701101027012030170', '110211701101047011020530', '110211702103017012030170', '140105701101027011010470', '0000000000000000', 00, 0, 0, 00),
	(-1, 6647, 6045, 7676, 7736, 1, '140105701101027012030170', '140102701101047011020530', '110113701101027011010470', '140204701101037021030170', '110113701203017011010270', '130301703102017011010370', '0000000000000000', 00, 0, 0, 00),
	(1010000000000001, 6647, 6045, 7676, 7736, 1, '170201701101027012030170', '140307701101047011020530', '170304701101027011010470', '130301701101037021030170', '140105701203017011010270', '170302703102017011010370', '0000000000000000', 00, 0, 0, 00),
	(1010000000000002, 5669, 7122, 6943, 5679, 1, '140303701101037021030170', '170201701203017031020170', '140102701101027012030170', '170206701101047011020530', '110109702103017012030170', '110109701101027011010470', '0000000000000000', 00, 0, 0, 00),
	(1010000000000003, 6470, 5684, 5974, 7694, 1, '130303701101047031020170', '130302301101037021030170', '140102701101037021030170', '140301701203017011010270', '140204703102017011010270', '170304701101027012030170', '0000000000000000', 00, 0, 0, 00),
	(1010000000000004, 5962, 7943, 5722, 6903, 1, '130303301203017011010170', '110110703102017012030170', '110112701101047031020170', '130302702103017011010370', '140307701101047011020530', '140105701101037021030170', '0000000000000000', 00, 0, 0, 00),
	(1010000000000005, 7570, 7600, 5505, 7447, 1, '140102302103017011010270', '130302701203017011010470', '110211703102017011010470', '110113703102017011010470', '140102701101027011010170', '170304701101047031020170', '0000000000000000', 00, 0, 0, 00),
	(1010000000000006, 6153, 6605, 7156, 7836, 1, '170304703102017011010370', '130303702103017011010370', '110208701102053011010270', '110211701203017011010270', '110106701101037011010470', '140105701203017011020530', '0000000000000000', 00, 0, 0, 00),
	(1010000000000007, 6251, 7476, 7479, 6739, 1, '110113701101017011010470', '140204703102017011010270', '170206301101017011010370', '110113701101027031020170', '110113701101047012030170', '170201702103017011010170', '0000000000000000', 00, 0, 0, 00),
	(1010000000000008, 5636, 6136, 7451, 7902, 1, '140105701101047012030170', '140204301101047011010170', '110106702103017011010470', '140308701101037012030170', '140301701203017021030170', '140307703102017011010270', '0000000000000000', 00, 0, 0, 00),
	(1010000000000009, 7006, 7151, 6736, 7894, 1, '110211701101027021030170', '110106701203017011020530', '110211701101027012030170', '140206701101047021030170', '110211702103017011010270', '110112701101037011020530', '0000000000000000', 00, 0, 0, 00),
	(1010000000000010, 7148, 6008, 6997, 5809, 1, '110112701101047031020170', '140102702103017031020170', '170302701203017021030170', '140307701203017011020530', '140301703102017012030170', '110112701101027011010370', '0000000000000000', 00, 0, 0, 00),
	(1010000000000011, 7395, 7398, 5545, 7662, 1, '110109701203017011010170', '140308703102017021030170', '140204701101037031020170', '130301702103017011010370', '140307701101047031020170', '140204701101037011010470', '0000000000000000', 00, 0, 0, 00),
	(1010000000000012, 6451, 7730, 7930, 5943, 1, '140307702103017011010270', '170304701101017012030170', '140206701101047012030170', '110207703102017011010370', '170201701101027011020530', '170206701101047012030170', '0000000000000000', 00, 0, 0, 00),
	(1010000000000013, 6226, 7008, 7004, 6065, 1, '170302703102017011010370', '140307301101017011010470', '110207703102017011010270', '110208702103017011010470', '140206701101037011010170', '110110701203017021030170', '0000000000000000', 00, 0, 0, 00),
	(1010000000000014, 6154, 7459, 7642, 5512, 1, '140301701101017011020530', '140206301101027011010370', '130302701102053011010370', '140206702103017011010270', '130303701101047011010370', '110106702103017031020170', '0000000000000000', 00, 0, 0, 00),
	(1010000000000015, 5705, 5653, 6024, 6606, 1, '110207701101027012030170', '170206701101047011010270', '140105701101017011010470', '170304701101037031020170', '170201701203017011010470', '130301703102017011020530', '0000000000000000', 00, 0, 0, 00),
	(1010000000000016, 6073, 6425, 5564, 6007, 1, '140204701101037021030170', '110211701203017011010170', '110207702103017012030170', '110113701101047012030170', '110208702103017031020170', '140105701101027011010170', '0000000000000000', 00, 0, 0, 00),
	(1010000000000017, 6293, 5832, 5628, 5665, 1, '130303701101047031020170', '140301702103017011020530', '170201701101027021030170', '130301701203017021030170', '140105703102017011010270', '110112701101017011010270', '0000000000000000', 00, 0, 0, 00),
	(1010000000000018, 5890, 7323, 6409, 6605, 1, '140301301203017011010170', '130302301101027031020170', '140102701203017031020170', '110112702103017011020530', '140204701101047012030170', '130301701101037012030170', '0000000000000000', 00, 0, 0, 00),
	(1010000000000019, 7853, 6466, 6805, 6002, 1, '140105702103017011010270', '130302701101017021030170', '110106701101037021030170', '110207703102017011010470', '170206701101027031020170', '110113701101047011010370', '0000000000000000', 00, 0, 0, 00),
	(1010000000000020, 5752, 7262, 5892, 6933, 1, '130301703102017011010370', '170304701101027012030170', '130301701101047011010270', '140307702103017011010370', '110211701101037011020530', '110109701203017011010470', '0000000000000000', 00, 0, 0, 00),
	(1010000000000021, 7672, 6003, 5989, 6645, 1, '110208701101017011010470', '110112701101037011010470', '130302703102017011010370', '170201701101027011010470', '170206301101047011010170', '170201702103017012030170', '0000000000000000', 00, 0, 0, 00),
	(1010000000000022, 7745, 5609, 5858, 6716, 1, '140206701101017012030170', '140301701101047011010370', '170304701102053011010470', '140204701101037011010270', '140105701203017011010370', '170304703102017021030170', '0000000000000000', 00, 0, 0, 00),
	(1010000000000023, 6759, 7519, 6132, 6148, 1, '110113701101037021030170', '110109701203017011010270', '140206701101017012030170', '140105701101047031020170', '170201702103017011010470', '110112701101017031020170', '0000000000000000', 00, 0, 0, 00),
	(1010000000000024, 6945, 7845, 6889, 7663, 1, '110207701101047031020170', '140307702103017011010170', '130303701101037021030170', '110208703102017012030170', '170201703102017021030170', '110211701101037011020530', '0000000000000000', 00, 0, 0, 00),
	(1010000000000025, 6013, 6461, 6115, 6722, 1, '170302701203017011010170', '110106703102017011020530', '130303701101027031020170', '110208701102053021030170', '110207701101047011010270', '110208701101037011010170', '0000000000000000', 00, 0, 0, 00),
	(1010000000000026, 6680, 6092, 6000, 5604, 1, '170206702103017011010270', '140204701101017031020170', '110110701203017031020170', '110113703102017011020530', '140307701101027012030170', '140102701101047011010270', '0000000000000000', 00, 0, 0, 00),
	(1010000000000027, 6381, 6620, 7406, 5925, 1, '110106303102017011010370', '170201701101027021030170', '110207701101037011010270', '140102702103017012030170', '140204701101037031020170', '110106701203017011010370', '0000000000000000', 00, 0, 0, 00),
	(1010000000000028, 6658, 7884, 7795, 7131, 1, '170201701101017011010470', '130301701101037012030170', '110109701101047011010370', '110211701101027011010370', '170304701101047011020530', '110109702103017011010370', '0000000000000000', 00, 0, 0, 00),
	(1010000000000029, 7668, 6556, 5905, 5814, 1, '130302701101027012030170', '140308301101017011010470', '110110703102017011010470', '140307701101037011010470', '170304701203017011010170', '110106703102017011010470', '0000000000000000', 00, 0, 0, 00),
	(1010000000000030, 7190, 7661, 7014, 7048, 1, '110112701101037021030170', '140301701203017011010370', '140102701102053012030170', '140105701101047011010270', '130301702103017011010370', '130301701101017012030170', '0000000000000000', 00, 0, 0, 00),
	(1010000000000031, 5886, 7253, 7012, 7806, 1, '110109701101027031020170', '140204702103017011010270', '110110701101017021030170', '140308701203017031020170', '110208703102017011010470', '170206701101047021030170', '0000000000000000', 00, 0, 0, 00),
	(1010000000000032, 7681, 7583, 7338, 5777, 1, '110211701203017011010170', '170201703102017011010170', '140102702103017031020170', '130302702103017012030170', '110207701101047021030170', '140303701101037031020170', '0000000000000000', 00, 0, 0, 00),
	(1010000000000033, 7334, 7878, 6340, 7309, 1, '140105702103017011010270', '110112701203017011020530', '130303701101027011020530', '170201703102017021030170', '140308701101027011010370', '140303701101047011020530', '0000000000000000', 00, 0, 0, 00),
	(1010000000000034, 6095, 7541, 7655, 6939, 1, '110110703102017011010370', '130301702103017031020170', '110109701203017011010270', '140307701101027011020530', '170302701101037012030170', '110208701203017011010170', '0000000000000000', 00, 0, 0, 00),
	(1010000000000035, 6889, 7264, 5977, 7165, 1, '130301701101037011010470', '130301703102017021030170', '110112701101047011010370', '170201701101027021030170', '110106701101047031020170', '130303702103017011010270', '0000000000000000', 00, 0, 0, 00),
	(1010000000000036, 7433, 5890, 6972, 5815, 1, '140206701101027012030170', '130301701101017012030170', '130302701203017011010470', '170304701101047011010370', '130301701203017011020530', '140303303102017011010370', '0000000000000000', 00, 0, 0, 00),
	(1010000000000037, 6813, 5529, 6389, 7495, 1, '140303701101037021030170', '110106701203017011010470', '130302703102017012030170', '110208701101027011010470', '110207702103017011010170', '130301701101017011010470', '0000000000000000', 00, 0, 0, 00),
	(1010000000000038, 7409, 5872, 6813, 6868, 1, '140204701101047031020170', '110106702103017011010370', '140308701102053021030170', '110211701203017011010270', '170304703102017011010370', '140105701101027012030170', '0000000000000000', 00, 0, 0, 00);
/*!40000 ALTER TABLE `PlayerNFT` ENABLE KEYS */;

-- 傾印  資料表 koa_main.PlayerrCounts 結構
CREATE TABLE IF NOT EXISTS `PlayerrCounts` (
  `PlayerID` bigint(20) NOT NULL,
  `PVPPlay` int(10) unsigned NOT NULL DEFAULT 0 COMMENT 'PvP 比賽次數',
  `PVPFirst` int(10) unsigned NOT NULL DEFAULT 0 COMMENT 'PvP 第一名次數',
  `PVPTopThree` int(10) unsigned NOT NULL DEFAULT 0 COMMENT 'PvP 前三名次數',
  `PVPMiddle` int(10) unsigned NOT NULL DEFAULT 0 COMMENT 'PvP 中間名次次數',
  `PVPLastThree` int(10) unsigned NOT NULL DEFAULT 0 COMMENT 'PvP 後三名次數',
  `TeamPlay` int(10) unsigned NOT NULL DEFAULT 0 COMMENT '團體戰次數',
  `TeamWin` int(10) unsigned NOT NULL DEFAULT 0 COMMENT '團體戰優勝次數',
  PRIMARY KEY (`PlayerID`) USING BTREE
) ENGINE=InnoDB DEFAULT CHARSET=utf8mb4 COMMENT='角色計量數值';

-- 傾印  資料表 koa_main.PlayerSkill 結構
CREATE TABLE IF NOT EXISTS `PlayerSkill` (
  `PlayerID` bigint(20) NOT NULL,
  `SkillID` bigint(20) unsigned NOT NULL,
  `Level` tinyint(3) unsigned NOT NULL DEFAULT 1 COMMENT '星級',
  `Slot` tinyint(3) unsigned NOT NULL DEFAULT 0 COMMENT '裝備插槽',
  PRIMARY KEY (`PlayerID`,`SkillID`) USING BTREE,
  KEY `CharacterID` (`PlayerID`) USING BTREE
) ENGINE=InnoDB DEFAULT CHARSET=utf8mb4 COMMENT='角色技能等級\r\n只記錄該角色所具備的技能';

-- 正在傾印表格  koa_main.PlayerSkill 的資料：~336 rows (近似值)
/*!40000 ALTER TABLE `PlayerSkill` DISABLE KEYS */;
INSERT INTO `PlayerSkill` (`PlayerID`, `SkillID`, `Level`, `Slot`) VALUES
	(-38, 13, 1, 0),
	(-38, 14, 1, 0),
	(-38, 21, 1, 0),
	(-38, 64, 1, 0),
	(-38, 89, 1, 0),
	(-38, 131, 1, 0),
	(-37, 32, 1, 0),
	(-37, 41, 1, 0),
	(-37, 64, 1, 0),
	(-36, 15, 1, 0),
	(-36, 54, 1, 0),
	(-35, 12, 1, 0),
	(-35, 17, 1, 0),
	(-35, 38, 1, 0),
	(-35, 45, 1, 0),
	(-35, 52, 1, 0),
	(-34, 6, 1, 0),
	(-34, 22, 1, 0),
	(-34, 26, 1, 0),
	(-34, 29, 1, 0),
	(-34, 85, 1, 0),
	(-34, 146, 1, 0),
	(-33, 47, 1, 0),
	(-32, 6, 1, 0),
	(-32, 32, 1, 0),
	(-32, 39, 1, 0),
	(-32, 49, 1, 0),
	(-31, 13, 1, 0),
	(-31, 44, 1, 0),
	(-31, 48, 1, 0),
	(-31, 82, 1, 0),
	(-31, 87, 1, 0),
	(-31, 106, 1, 0),
	(-30, 4, 1, 0),
	(-30, 38, 1, 0),
	(-30, 53, 1, 0),
	(-30, 63, 1, 0),
	(-29, 19, 1, 0),
	(-29, 22, 1, 0),
	(-29, 44, 1, 0),
	(-29, 48, 1, 0),
	(-29, 53, 1, 0),
	(-29, 146, 1, 0),
	(-28, 16, 1, 0),
	(-28, 23, 1, 0),
	(-28, 38, 1, 0),
	(-28, 73, 1, 0),
	(-27, 39, 1, 0),
	(-27, 71, 1, 0),
	(-26, 31, 1, 0),
	(-26, 68, 1, 0),
	(-26, 83, 1, 0),
	(-25, 13, 1, 0),
	(-25, 24, 1, 0),
	(-25, 40, 1, 0),
	(-25, 47, 1, 0),
	(-25, 86, 1, 0),
	(-25, 146, 1, 0),
	(-24, 31, 1, 0),
	(-24, 51, 1, 0),
	(-24, 78, 1, 0),
	(-23, 40, 1, 0),
	(-23, 50, 1, 0),
	(-23, 54, 1, 0),
	(-23, 55, 1, 0),
	(-23, 57, 1, 0),
	(-23, 96, 1, 0),
	(-22, 46, 1, 0),
	(-22, 54, 1, 0),
	(-22, 56, 1, 0),
	(-22, 79, 1, 0),
	(-22, 87, 1, 0),
	(-21, 15, 1, 0),
	(-21, 34, 1, 0),
	(-20, 1, 1, 0),
	(-20, 16, 1, 0),
	(-20, 20, 1, 0),
	(-20, 27, 1, 0),
	(-20, 77, 1, 0),
	(-20, 90, 1, 0),
	(-20, 146, 1, 0),
	(-19, 18, 1, 0),
	(-19, 50, 1, 0),
	(-19, 52, 1, 0),
	(-19, 136, 1, 0),
	(-18, 35, 1, 0),
	(-18, 44, 1, 0),
	(-18, 52, 1, 0),
	(-17, 4, 1, 0),
	(-17, 20, 1, 0),
	(-17, 63, 1, 0),
	(-17, 73, 1, 0),
	(-17, 90, 1, 0),
	(-17, 146, 1, 0),
	(-16, 3, 1, 0),
	(-16, 65, 1, 0),
	(-16, 73, 1, 0),
	(-16, 82, 1, 0),
	(-15, 52, 1, 0),
	(-15, 60, 1, 0),
	(-15, 87, 1, 0),
	(-14, 45, 1, 0),
	(-14, 53, 1, 0),
	(-14, 86, 1, 0),
	(-13, 47, 1, 0),
	(-13, 51, 1, 0),
	(-13, 72, 1, 0),
	(-12, 20, 1, 0),
	(-12, 61, 1, 0),
	(-12, 82, 1, 0),
	(-12, 89, 1, 0),
	(-12, 146, 1, 0),
	(-11, 36, 1, 0),
	(-11, 40, 1, 0),
	(-11, 47, 1, 0),
	(-11, 56, 1, 0),
	(-11, 73, 1, 0),
	(-11, 96, 1, 0),
	(-10, 21, 1, 0),
	(-10, 32, 1, 0),
	(-10, 61, 1, 0),
	(-10, 64, 1, 0),
	(-10, 72, 1, 0),
	(-10, 91, 1, 0),
	(-9, 7, 1, 0),
	(-9, 51, 1, 0),
	(-9, 53, 1, 0),
	(-9, 54, 1, 0),
	(-9, 137, 1, 0),
	(-8, 1, 1, 0),
	(-8, 26, 1, 0),
	(-8, 33, 1, 0),
	(-8, 36, 1, 0),
	(-8, 89, 1, 0),
	(-8, 96, 1, 0),
	(-7, 24, 1, 0),
	(-7, 43, 1, 0),
	(-7, 87, 1, 0),
	(-7, 146, 1, 0),
	(-6, 5, 1, 0),
	(-6, 52, 1, 0),
	(-6, 56, 1, 0),
	(-6, 61, 1, 0),
	(-5, 4, 1, 0),
	(-5, 38, 1, 0),
	(-5, 61, 1, 0),
	(-5, 87, 1, 0),
	(-5, 89, 1, 0),
	(-5, 146, 1, 0),
	(-4, 8, 1, 0),
	(-4, 13, 1, 0),
	(-4, 48, 1, 0),
	(-4, 53, 1, 0),
	(-4, 58, 1, 0),
	(-4, 87, 1, 0),
	(-3, 11, 1, 0),
	(-3, 16, 1, 0),
	(-3, 79, 1, 0),
	(-3, 87, 1, 0),
	(-2, 34, 1, 0),
	(-2, 35, 1, 0),
	(-2, 44, 1, 0),
	(-2, 66, 1, 0),
	(-2, 79, 1, 0),
	(-2, 87, 1, 0),
	(-2, 96, 1, 0),
	(-1, 44, 1, 0),
	(-1, 58, 1, 0),
	(-1, 61, 1, 0),
	(-1, 78, 1, 0),
	(1010000000000001, 65, 1, 0),
	(1010000000000001, 76, 1, 0),
	(1010000000000002, 29, 1, 0),
	(1010000000000002, 30, 1, 0),
	(1010000000000002, 45, 1, 0),
	(1010000000000002, 49, 1, 0),
	(1010000000000002, 137, 1, 0),
	(1010000000000003, 40, 1, 0),
	(1010000000000003, 45, 1, 0),
	(1010000000000003, 59, 1, 0),
	(1010000000000003, 80, 1, 0),
	(1010000000000003, 85, 1, 0),
	(1010000000000004, 20, 1, 0),
	(1010000000000004, 66, 1, 0),
	(1010000000000004, 82, 1, 0),
	(1010000000000004, 85, 1, 0),
	(1010000000000004, 146, 1, 0),
	(1010000000000005, 33, 1, 0),
	(1010000000000005, 43, 1, 0),
	(1010000000000005, 47, 1, 0),
	(1010000000000005, 80, 1, 0),
	(1010000000000005, 106, 1, 0),
	(1010000000000006, 5, 1, 0),
	(1010000000000006, 15, 1, 0),
	(1010000000000006, 34, 1, 0),
	(1010000000000006, 66, 1, 0),
	(1010000000000006, 86, 1, 0),
	(1010000000000007, 56, 1, 0),
	(1010000000000008, 3, 1, 0),
	(1010000000000008, 41, 1, 0),
	(1010000000000008, 56, 1, 0),
	(1010000000000008, 61, 1, 0),
	(1010000000000009, 2, 1, 0),
	(1010000000000009, 31, 1, 0),
	(1010000000000009, 33, 1, 0),
	(1010000000000009, 35, 1, 0),
	(1010000000000009, 70, 1, 0),
	(1010000000000009, 97, 1, 0),
	(1010000000000010, 41, 1, 0),
	(1010000000000010, 44, 1, 0),
	(1010000000000011, 25, 1, 0),
	(1010000000000011, 57, 1, 0),
	(1010000000000011, 60, 1, 0),
	(1010000000000011, 76, 1, 0),
	(1010000000000011, 96, 1, 0),
	(1010000000000012, 10, 1, 0),
	(1010000000000012, 69, 1, 0),
	(1010000000000013, 9, 1, 0),
	(1010000000000013, 16, 1, 0),
	(1010000000000013, 24, 1, 0),
	(1010000000000013, 71, 1, 0),
	(1010000000000013, 131, 1, 0),
	(1010000000000014, 6, 1, 0),
	(1010000000000014, 37, 1, 0),
	(1010000000000014, 68, 1, 0),
	(1010000000000014, 70, 1, 0),
	(1010000000000014, 81, 1, 0),
	(1010000000000014, 89, 1, 0),
	(1010000000000014, 131, 1, 0),
	(1010000000000015, 7, 1, 0),
	(1010000000000015, 63, 1, 0),
	(1010000000000015, 78, 1, 0),
	(1010000000000016, 9, 1, 0),
	(1010000000000016, 17, 1, 0),
	(1010000000000016, 32, 1, 0),
	(1010000000000016, 55, 1, 0),
	(1010000000000016, 66, 1, 0),
	(1010000000000016, 96, 1, 0),
	(1010000000000017, 38, 1, 0),
	(1010000000000017, 65, 1, 0),
	(1010000000000017, 76, 1, 0),
	(1010000000000017, 85, 1, 0),
	(1010000000000018, 37, 1, 0),
	(1010000000000018, 45, 1, 0),
	(1010000000000018, 59, 1, 0),
	(1010000000000018, 78, 1, 0),
	(1010000000000018, 80, 1, 0),
	(1010000000000019, 3, 1, 0),
	(1010000000000019, 10, 1, 0),
	(1010000000000019, 61, 1, 0),
	(1010000000000019, 80, 1, 0),
	(1010000000000020, 30, 1, 0),
	(1010000000000020, 35, 1, 0),
	(1010000000000020, 73, 1, 0),
	(1010000000000020, 75, 1, 0),
	(1010000000000020, 116, 1, 0),
	(1010000000000021, 13, 1, 0),
	(1010000000000021, 81, 1, 0),
	(1010000000000022, 38, 1, 0),
	(1010000000000022, 58, 1, 0),
	(1010000000000022, 65, 1, 0),
	(1010000000000022, 67, 1, 0),
	(1010000000000023, 26, 1, 0),
	(1010000000000023, 64, 1, 0),
	(1010000000000023, 69, 1, 0),
	(1010000000000024, 7, 1, 0),
	(1010000000000024, 16, 1, 0),
	(1010000000000024, 36, 1, 0),
	(1010000000000024, 87, 1, 0),
	(1010000000000025, 2, 1, 0),
	(1010000000000025, 11, 1, 0),
	(1010000000000025, 16, 1, 0),
	(1010000000000025, 18, 1, 0),
	(1010000000000025, 87, 1, 0),
	(1010000000000025, 131, 1, 0),
	(1010000000000026, 21, 1, 0),
	(1010000000000026, 48, 1, 0),
	(1010000000000026, 56, 1, 0),
	(1010000000000027, 1, 1, 0),
	(1010000000000027, 6, 1, 0),
	(1010000000000027, 9, 1, 0),
	(1010000000000027, 46, 1, 0),
	(1010000000000027, 59, 1, 0),
	(1010000000000027, 121, 1, 0),
	(1010000000000028, 27, 1, 0),
	(1010000000000028, 30, 1, 0),
	(1010000000000028, 34, 1, 0),
	(1010000000000028, 74, 1, 0),
	(1010000000000028, 136, 1, 0),
	(1010000000000029, 6, 1, 0),
	(1010000000000029, 21, 1, 0),
	(1010000000000029, 79, 1, 0),
	(1010000000000030, 38, 1, 0),
	(1010000000000030, 45, 1, 0),
	(1010000000000030, 64, 1, 0),
	(1010000000000030, 77, 1, 0),
	(1010000000000030, 78, 1, 0),
	(1010000000000030, 116, 1, 0),
	(1010000000000031, 17, 1, 0),
	(1010000000000031, 21, 1, 0),
	(1010000000000031, 25, 1, 0),
	(1010000000000031, 56, 1, 0),
	(1010000000000032, 11, 1, 0),
	(1010000000000032, 31, 1, 0),
	(1010000000000032, 45, 1, 0),
	(1010000000000032, 54, 1, 0),
	(1010000000000032, 82, 1, 0),
	(1010000000000033, 54, 1, 0),
	(1010000000000033, 61, 1, 0),
	(1010000000000033, 87, 1, 0),
	(1010000000000034, 18, 1, 0),
	(1010000000000034, 19, 1, 0),
	(1010000000000034, 27, 1, 0),
	(1010000000000034, 74, 1, 0),
	(1010000000000035, 5, 1, 0),
	(1010000000000035, 73, 1, 0),
	(1010000000000035, 74, 1, 0),
	(1010000000000035, 90, 1, 0),
	(1010000000000035, 116, 1, 0),
	(1010000000000036, 54, 1, 0),
	(1010000000000036, 67, 1, 0),
	(1010000000000036, 74, 1, 0),
	(1010000000000036, 77, 1, 0),
	(1010000000000036, 81, 1, 0),
	(1010000000000036, 116, 1, 0),
	(1010000000000037, 2, 1, 0),
	(1010000000000037, 11, 1, 0),
	(1010000000000037, 16, 1, 0),
	(1010000000000037, 49, 1, 0),
	(1010000000000037, 78, 1, 0),
	(1010000000000037, 81, 1, 0),
	(1010000000000038, 2, 1, 0),
	(1010000000000038, 34, 1, 0),
	(1010000000000038, 55, 1, 0),
	(1010000000000038, 66, 1, 0),
	(1010000000000038, 96, 1, 0);
/*!40000 ALTER TABLE `PlayerSkill` ENABLE KEYS */;

-- 傾印  資料表 koa_main.QualifyingSeason 結構
CREATE TABLE IF NOT EXISTS `QualifyingSeason` (
  `QualifyingSeasonID` int(11) NOT NULL AUTO_INCREMENT COMMENT '晉級賽賽季編號',
  `ArenaID` int(11) NOT NULL DEFAULT 0 COMMENT '賽場編號',
  `PTScene` int(10) DEFAULT 0 COMMENT 'PT場地',
  `CoinScene` int(10) DEFAULT 0 COMMENT '金幣場地',
  `StartTime` int(11) NOT NULL DEFAULT 0 COMMENT '起始時間',
  `EndTime` int(11) NOT NULL DEFAULT 0 COMMENT '結束時間',
  `CreateTime` int(11) NOT NULL DEFAULT 0 COMMENT '建立時間',
  PRIMARY KEY (`QualifyingSeasonID`)
) ENGINE=InnoDB DEFAULT CHARSET=utf8mb4 COMMENT='晉級賽賽季';

-- 正在傾印表格  koa_main.QualifyingSeason 的資料：~2 rows (近似值)
/*!40000 ALTER TABLE `QualifyingSeason` DISABLE KEYS */;
INSERT INTO `QualifyingSeason` (`QualifyingSeasonID`, `ArenaID`, `PTScene`, `CoinScene`, `StartTime`, `EndTime`, `CreateTime`) VALUES
	(1, 1, 1001, 1001, 1659628800, 1660838400, 1659926242),
	(2, 2, 1001, 1001, 1660838400, 1662048000, 1661157822);
/*!40000 ALTER TABLE `QualifyingSeason` ENABLE KEYS */;

-- 傾印  程序 koa_main.RaceFinish 結構
DELIMITER //
CREATE PROCEDURE `RaceFinish`(
	IN `inRaceID` INT,
	IN `inStatus` INT,
	IN `inTime` DECIMAL(20,6)
)
BEGIN
    
    DECLARE step INT DEFAULT 0;
    DECLARE EXIT HANDLER FOR SQLEXCEPTION, NOT FOUND, SQLWARNING
    
    BEGIN
    
        GET DIAGNOSTICS CONDITION 1 @`errno` = MYSQL_ERRNO, @`sqlstate` = RETURNED_SQLSTATE, @`text` = MESSAGE_TEXT;
        SET @full_error = CONCAT('ERROR ', @`errno`, ' (', @`sqlstate`, '): ', @`text`);
        ROLLBACK;
        SELECT step, @full_error;
    
    END;

    START TRANSACTION;

        UPDATE `RacePlayer` SET `Status`= inStatus, `UpdateTime` = inTime WHERE `RaceID` = inRaceID;
        SET step = 1;

        UPDATE `Users` SET `Race` = 0, `Lobby` = 0, `Room` = 0, `UpdateTime` = inTime WHERE `UserID` IN (SELECT `UserID` FROM `RacePlayer` WHERE `RaceID` = inRaceID);
        SET step = 2;

        UPDATE `Races` SET `Status` = inStatus, `UpdateTime` = inTime, `FinishTime` = inTime WHERE `RaceID` = inRaceID;
        SET step = 3;

        SELECT step, '';

    COMMIT;

END//
DELIMITER ;

-- 傾印  資料表 koa_main.RacePlayer 結構
CREATE TABLE IF NOT EXISTS `RacePlayer` (
  `RacePlayerID` int(10) unsigned NOT NULL AUTO_INCREMENT,
  `RaceID` int(10) unsigned NOT NULL DEFAULT 0 COMMENT '競賽編號',
  `UserID` int(10) NOT NULL DEFAULT 0 COMMENT '使用者編號',
  `PlayerID` bigint(20) NOT NULL DEFAULT 0 COMMENT '角色編號',
  `RaceNumber` tinyint(3) unsigned NOT NULL DEFAULT 0 COMMENT '參與比賽號碼',
  `Status` tinyint(3) NOT NULL DEFAULT 0 COMMENT '狀態',
  `Position` varchar(50) DEFAULT NULL COMMENT '所在位置',
  `Direction` tinyint(3) NOT NULL DEFAULT 0 COMMENT '角色方向',
  `Energy` varchar(50) DEFAULT NULL COMMENT '能量 紅,黃,藍,綠',
  `EnergyAgain` tinyint(4) NOT NULL DEFAULT 0 COMMENT '能量再獲得次數',
  `TrackType` tinyint(4) NOT NULL DEFAULT 0 COMMENT '賽道類別',
  `TrackShape` tinyint(4) NOT NULL DEFAULT 0 COMMENT '賽道形狀',
  `Rhythm` tinyint(3) NOT NULL DEFAULT 0 COMMENT '比賽節奏',
  `Ranking` tinyint(3) unsigned NOT NULL DEFAULT 0 COMMENT '排名',
  `TrackNumber` tinyint(3) unsigned NOT NULL DEFAULT 0 COMMENT '賽道號碼',
  `HP` int(10) unsigned NOT NULL DEFAULT 0 COMMENT '剩餘耐力',
  `Offside` tinyint(3) unsigned NOT NULL DEFAULT 0 COMMENT '超越 n 名',
  `TakenOver` tinyint(3) unsigned NOT NULL DEFAULT 0 COMMENT '被超越 n 名',
  `Hit` tinyint(3) unsigned NOT NULL DEFAULT 0 COMMENT '被妨礙次數',
  `CreateTime` decimal(20,6) NOT NULL DEFAULT 0.000000 COMMENT '建立時間',
  `UpdateTime` decimal(20,6) NOT NULL DEFAULT 0.000000 COMMENT '更新時間',
  `FinishTime` decimal(20,6) NOT NULL DEFAULT 0.000000 COMMENT '結束時間',
  PRIMARY KEY (`RacePlayerID`),
  UNIQUE KEY `RaceID_UserID` (`RaceID`,`UserID`),
  UNIQUE KEY `RaceID_PlayerID` (`RaceID`,`PlayerID`),
  KEY `RaceID` (`RaceID`)
) ENGINE=InnoDB DEFAULT CHARSET=utf8mb4 COMMENT='競賽角色';

-- 傾印  資料表 koa_main.RacePlayerEffect 結構
CREATE TABLE IF NOT EXISTS `RacePlayerEffect` (
  `Serial` int(10) unsigned NOT NULL AUTO_INCREMENT,
  `RacePlayerID` int(10) unsigned NOT NULL DEFAULT 0 COMMENT '競賽角色資料編號',
  `EffectType` smallint(6) NOT NULL DEFAULT 0 COMMENT '效果類型',
  `EffectValue` decimal(20,6) NOT NULL DEFAULT 0.000000 COMMENT '效果影響值',
  `StartTime` decimal(20,6) NOT NULL DEFAULT 0.000000 COMMENT '起始時間',
  `EndTime` decimal(20,6) NOT NULL DEFAULT 0.000000 COMMENT '結束時間',
  PRIMARY KEY (`Serial`),
  KEY `RacePlayerID` (`RacePlayerID`)
) ENGINE=InnoDB DEFAULT CHARSET=utf8mb4 COMMENT='競賽角色效果';

-- 傾印  資料表 koa_main.RacePlayerSkill 結構
CREATE TABLE IF NOT EXISTS `RacePlayerSkill` (
  `Serial` int(10) unsigned NOT NULL AUTO_INCREMENT,
  `RacePlayerID` int(10) unsigned NOT NULL DEFAULT 0 COMMENT '競賽角色資料編號',
  `CreateTime` decimal(20,6) NOT NULL DEFAULT 0.000000 COMMENT '觸發時間',
  `SkillID` int(10) unsigned NOT NULL DEFAULT 0 COMMENT '技能編號',
  `LaunchMax` tinyint(4) NOT NULL DEFAULT 0 COMMENT '是否發動滿星效果',
  `Result` tinyint(4) NOT NULL DEFAULT 0 COMMENT '發動結果',
  PRIMARY KEY (`Serial`),
  KEY `RacePlayerID` (`RacePlayerID`)
) ENGINE=InnoDB DEFAULT CHARSET=utf8mb4 COMMENT='競賽角色技能';

-- 傾印  資料表 koa_main.RaceRooms 結構
CREATE TABLE IF NOT EXISTS `RaceRooms` (
  `RaceRoomID` int(10) unsigned NOT NULL AUTO_INCREMENT COMMENT '競賽房間編號',
  `Status` int(10) unsigned NOT NULL DEFAULT 0 COMMENT '狀態',
  `Lobby` tinyint(4) NOT NULL DEFAULT 0 COMMENT '大廳',
  `LowBound` int(10) NOT NULL DEFAULT 0 COMMENT '下限數值',
  `UpBound` int(10) NOT NULL DEFAULT 0 COMMENT '上限數值',
  `QualifyingSeasonID` int(11) NOT NULL DEFAULT 0 COMMENT '晉級賽賽季編號',
  `CreateTime` int(11) unsigned NOT NULL DEFAULT 0 COMMENT '建立時間',
  `UpdateTime` int(11) unsigned NOT NULL DEFAULT 0 COMMENT '更新時間',
  `RaceID` int(10) NOT NULL DEFAULT 0 COMMENT '競賽編號',
  `RaceRoomSeats` varchar(255) NOT NULL DEFAULT '[]' COMMENT '競賽席次房間編號',
  PRIMARY KEY (`RaceRoomID`)
) ENGINE=InnoDB DEFAULT CHARSET=utf8mb4 COMMENT='競賽房間';

-- 傾印  資料表 koa_main.Races 結構
CREATE TABLE IF NOT EXISTS `Races` (
  `RaceID` int(10) unsigned NOT NULL AUTO_INCREMENT,
  `SceneID` int(10) unsigned NOT NULL DEFAULT 0 COMMENT '場景編號',
  `Status` tinyint(4) NOT NULL DEFAULT 0 COMMENT '狀態',
  `Room` int(10) unsigned NOT NULL DEFAULT 0 COMMENT '房間',
  `CreateTime` decimal(20,6) NOT NULL DEFAULT 0.000000 COMMENT '建立時間',
  `UpdateTime` decimal(20,6) NOT NULL DEFAULT 0.000000 COMMENT '更新時間',
  `FinishTime` decimal(20,6) NOT NULL DEFAULT 0.000000 COMMENT '結束時間',
  `Weather` tinyint(3) unsigned NOT NULL DEFAULT 0 COMMENT '天氣',
  `WindDirection` tinyint(4) NOT NULL DEFAULT 0 COMMENT '風向',
  `RacePlayerIDs` text DEFAULT NULL COMMENT '競賽角色編號',
  PRIMARY KEY (`RaceID`)
) ENGINE=InnoDB DEFAULT CHARSET=utf8mb4 COMMENT='競賽資訊';

-- 傾印  資料表 koa_main.RecoveryData 結構
CREATE TABLE IF NOT EXISTS `RecoveryData` (
  `RaceID` int(10) unsigned NOT NULL,
  `CountDown` float unsigned NOT NULL,
  `RunTime` float unsigned NOT NULL,
  `PlayerID` bigint(20) NOT NULL,
  `MoveDistance` float unsigned NOT NULL DEFAULT 0,
  `SkillID1` int(10) unsigned NOT NULL DEFAULT 0,
  `SkillCoolTime1` float unsigned NOT NULL DEFAULT 0,
  `NormalSkillTime1` float unsigned NOT NULL DEFAULT 0,
  `FullLVSkillTime1` float unsigned NOT NULL DEFAULT 0,
  `SkillID2` int(10) unsigned NOT NULL DEFAULT 0,
  `SkillCoolTime2` float unsigned NOT NULL DEFAULT 0,
  `NormalSkillTime2` float unsigned NOT NULL DEFAULT 0,
  `FullLVSkillTime2` float unsigned NOT NULL DEFAULT 0,
  `SkillID3` int(10) unsigned NOT NULL DEFAULT 0,
  `SkillCoolTime3` float unsigned NOT NULL DEFAULT 0,
  `NormalSkillTime3` float unsigned NOT NULL DEFAULT 0,
  `FullLVSkillTime3` float unsigned NOT NULL DEFAULT 0,
  `SkillID4` int(10) unsigned NOT NULL DEFAULT 0,
  `SkillCoolTime4` float unsigned NOT NULL DEFAULT 0,
  `NormalSkillTime4` float unsigned NOT NULL DEFAULT 0,
  `FullLVSkillTime4` float unsigned NOT NULL DEFAULT 0,
  `SkillID5` int(10) unsigned NOT NULL DEFAULT 0,
  `SkillCoolTime5` float unsigned NOT NULL DEFAULT 0,
  `NormalSkillTime5` float unsigned NOT NULL DEFAULT 0,
  `FullLVSkillTime5` float unsigned NOT NULL DEFAULT 0,
  `SkillID6` int(10) unsigned NOT NULL DEFAULT 0,
  `SkillCoolTime6` float unsigned NOT NULL DEFAULT 0,
  `NormalSkillTime6` float unsigned NOT NULL DEFAULT 0,
  `FullLVSkillTime6` float unsigned NOT NULL DEFAULT 0,
  `CreateTime` int(10) unsigned NOT NULL,
  UNIQUE KEY `PlayerID` (`PlayerID`) USING BTREE
) ENGINE=InnoDB DEFAULT CHARSET=utf8mb4;

-- 傾印  資料表 koa_main.Sessions 結構
CREATE TABLE IF NOT EXISTS `Sessions` (
  `SessionID` varchar(255) NOT NULL,
  `SessionExpires` int(10) unsigned NOT NULL DEFAULT 0,
  `SessionData` text DEFAULT NULL,
  `UserID` int(11) NOT NULL,
  PRIMARY KEY (`SessionID`),
  KEY `SessionExpires` (`SessionExpires`),
  KEY `UserID` (`UserID`)
) ENGINE=InnoDB DEFAULT CHARSET=utf8mb4;

-- 傾印  資料表 koa_main.UserFreePeta 結構
CREATE TABLE IF NOT EXISTS `UserFreePeta` (
  `UserID` int(10) NOT NULL DEFAULT 0,
  `FreePetaInfo` text NOT NULL COMMENT '隨機免費Peta暫存',
  PRIMARY KEY (`UserID`)
) ENGINE=InnoDB DEFAULT CHARSET=utf8mb4 COMMENT='隨機免費Peta暫存';

-- 傾印  資料表 koa_main.UserItems 結構
CREATE TABLE IF NOT EXISTS `UserItems` (
  `UserItemID` int(10) unsigned NOT NULL AUTO_INCREMENT COMMENT '使用者物品編號',
  `UserID` int(10) unsigned NOT NULL DEFAULT 0 COMMENT '使用者編號',
  `ItemID` int(11) NOT NULL DEFAULT 0 COMMENT '物品編號',
  `Amount` int(10) NOT NULL DEFAULT 0 COMMENT '數量',
  `CreateTime` int(10) unsigned NOT NULL DEFAULT 0 COMMENT '建立時間',
  `UpdateTime` int(10) unsigned NOT NULL DEFAULT 0 COMMENT '更新時間',
  PRIMARY KEY (`UserItemID`),
  KEY `UserID` (`UserID`),
  KEY `ItemID` (`ItemID`)
) ENGINE=InnoDB DEFAULT CHARSET=utf8mb4 COMMENT='使用者持有物品';

-- 傾印  資料表 koa_main.UserMailItems 結構
CREATE TABLE IF NOT EXISTS `UserMailItems` (
  `UserMailID` int(10) unsigned NOT NULL DEFAULT 0 COMMENT '玩家信件編號',
  `ItemID` int(11) NOT NULL DEFAULT 0 COMMENT '道具編號',
  `Amount` int(11) NOT NULL DEFAULT 0 COMMENT '道具數量',
  KEY `UserMailID` (`UserMailID`) USING BTREE
) ENGINE=InnoDB DEFAULT CHARSET=utf8mb4 COMMENT='玩家信件物品';

-- 傾印  資料表 koa_main.UserMails 結構
CREATE TABLE IF NOT EXISTS `UserMails` (
  `UserMailID` int(10) unsigned NOT NULL AUTO_INCREMENT COMMENT '信件流水號',
  `UserID` int(10) NOT NULL COMMENT '玩家ID',
  `MailsID` int(10) NOT NULL COMMENT '信件編號',
  `OpenStatus` int(10) unsigned NOT NULL DEFAULT 0 COMMENT '開啟狀態',
  `ReceiveStatus` int(10) unsigned NOT NULL DEFAULT 0 COMMENT '領取狀態',
  `CreateTime` int(10) unsigned NOT NULL DEFAULT 0 COMMENT '建立時間',
  `UpdateTime` int(10) unsigned NOT NULL DEFAULT 0 COMMENT '更新時間',
  `FinishTime` int(10) unsigned NOT NULL DEFAULT 0 COMMENT '結束時間',
  PRIMARY KEY (`UserMailID`) USING BTREE,
  KEY `UserID` (`UserID`) USING BTREE,
  KEY `MailsID` (`MailsID`) USING BTREE
) ENGINE=InnoDB DEFAULT CHARSET=utf8mb4;

-- 傾印  資料表 koa_main.UserRaceTiming 結構
CREATE TABLE IF NOT EXISTS `UserRaceTiming` (
  `UserID` int(10) NOT NULL DEFAULT 0 COMMENT '使用者編號',
  `Fastest` decimal(20,6) NOT NULL DEFAULT 0.000000 COMMENT '最快時間',
  `Slowest` decimal(20,6) NOT NULL DEFAULT 0.000000 COMMENT '最慢時間',
  `UpdateTime` int(11) NOT NULL DEFAULT 0 COMMENT '更新時間',
  PRIMARY KEY (`UserID`),
  KEY `Fastest` (`Fastest`),
  KEY `Slowest` (`Slowest`)
) ENGINE=InnoDB DEFAULT CHARSET=utf8mb4 COMMENT='使用者競賽計時紀錄';

-- 傾印  程序 koa_main.UserRaceTimingRecord 結構
DELIMITER //
CREATE PROCEDURE `UserRaceTimingRecord`(
	IN `inUserID` INT,
	IN `inDuration` DECIMAL(20,6),
	IN `inUpdateTime` INT
)
    COMMENT '使用者競賽計時記錄'
BEGIN

INSERT INTO UserRaceTiming (`UserID`, `Fastest`, `Slowest`, `UpdateTime`)
VALUES (inUserID, inDuration, inDuration, inUpdateTime)
ON DUPLICATE KEY UPDATE `Fastest` = LEAST(`Fastest`, inDuration), `Slowest` = GREATEST(`Slowest`, inDuration), `UpdateTime` = inUpdateTime;

END//
DELIMITER ;

-- 傾印  資料表 koa_main.UserRewardTimes 結構
CREATE TABLE IF NOT EXISTS `UserRewardTimes` (
  `UserRewardTimeID` int(10) unsigned NOT NULL AUTO_INCREMENT COMMENT '使用者領獎時間ID',
  `UserID` int(10) NOT NULL DEFAULT 0 COMMENT '使用者編號',
  `CoinTime` int(11) NOT NULL DEFAULT 0 COMMENT '領取金幣賽入場卷時間',
  `PTTime` int(11) NOT NULL DEFAULT 0 COMMENT '領取PT賽入場卷時間',
  `CreateTime` int(11) NOT NULL DEFAULT 0 COMMENT '建立時間',
  `UpdateTime` int(11) NOT NULL DEFAULT 0 COMMENT '更新時間',
  PRIMARY KEY (`UserRewardTimeID`),
  UNIQUE KEY `UserID` (`UserID`)
) ENGINE=InnoDB DEFAULT CHARSET=utf8mb4 COMMENT='使用者領獎時間標記';

-- 傾印  資料表 koa_main.Users 結構
CREATE TABLE IF NOT EXISTS `Users` (
  `UserID` int(10) NOT NULL AUTO_INCREMENT,
  `Status` tinyint(4) DEFAULT 1 COMMENT '狀態(1=啟用)',
  `Username` varchar(255) NOT NULL COMMENT '帳號',
  `Nickname` varchar(255) NOT NULL DEFAULT '' COMMENT '暱稱',
  `Password` varchar(255) DEFAULT NULL COMMENT '密碼',
  `Email` varchar(255) DEFAULT NULL COMMENT '電子信箱',
  `Level` smallint(5) unsigned NOT NULL DEFAULT 1 COMMENT '等級',
  `Exp` bigint(20) unsigned NOT NULL DEFAULT 0 COMMENT '經驗值',
  `PetaToken` int(11) NOT NULL DEFAULT 0 COMMENT 'Peta虛擬幣',
  `Coin` int(11) NOT NULL DEFAULT 0 COMMENT '遊戲金幣',
  `Power` int(11) NOT NULL DEFAULT 0 COMMENT '電力',
  `Diamond` int(11) NOT NULL DEFAULT 0 COMMENT '鑽石',
  `Player` bigint(20) NOT NULL DEFAULT 0 COMMENT '當前角色',
  `Scene` int(10) unsigned NOT NULL DEFAULT 0 COMMENT '當前場景',
  `Race` int(10) NOT NULL DEFAULT 0 COMMENT '當前競賽',
  `Lobby` tinyint(4) NOT NULL DEFAULT 0 COMMENT '當前大廳',
  `Room` int(11) NOT NULL DEFAULT 0 COMMENT '當前房間',
  `CreateTime` int(11) NOT NULL DEFAULT 0 COMMENT '建立時間',
  `UpdateTime` int(11) NOT NULL DEFAULT 0 COMMENT '更新時間',
  PRIMARY KEY (`UserID`),
  UNIQUE KEY `Username` (`Username`),
  KEY `Race` (`Race`),
  KEY `Coin` (`Coin`)
) ENGINE=InnoDB DEFAULT CHARSET=utf8mb4 COMMENT='使用者資料';

-- 正在傾印表格  koa_main.Users 的資料：~49 rows (近似值)
/*!40000 ALTER TABLE `Users` DISABLE KEYS */;
INSERT INTO `Users` (`UserID`, `Status`, `Username`, `Nickname`, `Password`, `Email`, `Level`, `Exp`, `PetaToken`, `Coin`, `Power`, `Diamond`, `Player`, `Scene`, `Race`, `Lobby`, `Room`, `CreateTime`, `UpdateTime`) VALUES
	(-38, 1, 'ai0038', 'aiacc0038', 'pass0038', '', 1, 0, 0, 0, 0, 0, -38, 1001, 0, 0, 0, 0, 0),
	(-37, 1, 'ai0037', 'aiacc0037', 'pass0037', '', 1, 0, 0, 0, 0, 0, -37, 1001, 0, 0, 0, 0, 0),
	(-36, 1, 'ai0036', 'aiacc0036', 'pass0036', '', 1, 0, 0, 0, 0, 0, -36, 1001, 0, 0, 0, 0, 0),
	(-35, 1, 'ai0035', 'aiacc0035', 'pass0035', '', 1, 0, 0, 0, 0, 0, -35, 1001, 0, 0, 0, 0, 0),
	(-34, 1, 'ai0034', 'aiacc0034', 'pass0034', '', 1, 0, 0, 0, 0, 0, -34, 1001, 0, 0, 0, 0, 0),
	(-33, 1, 'ai0033', 'aiacc0033', 'pass0033', '', 1, 0, 0, 0, 0, 0, -33, 1001, 0, 0, 0, 0, 0),
	(-32, 1, 'ai0032', 'aiacc0032', 'pass0032', '', 1, 0, 0, 0, 0, 0, -32, 1001, 0, 0, 0, 0, 0),
	(-31, 1, 'ai0031', 'aiacc0031', 'pass0031', '', 1, 0, 0, 0, 0, 0, -31, 1001, 0, 0, 0, 0, 0),
	(-30, 1, 'ai0030', 'aiacc0030', 'pass0030', '', 1, 0, 0, 0, 0, 0, -30, 1001, 0, 0, 0, 0, 0),
	(-29, 1, 'ai0029', 'aiacc0029', 'pass0029', '', 1, 0, 0, 0, 0, 0, -29, 1001, 0, 0, 0, 0, 0),
	(-28, 1, 'ai0028', 'aiacc0028', 'pass0028', '', 1, 0, 0, 0, 0, 0, -28, 1001, 0, 0, 0, 0, 0),
	(-27, 1, 'ai0027', 'aiacc0027', 'pass0027', '', 1, 0, 0, 0, 0, 0, -27, 1001, 0, 0, 0, 0, 0),
	(-26, 1, 'ai0026', 'aiacc0026', 'pass0026', '', 1, 0, 0, 0, 0, 0, -26, 1001, 0, 0, 0, 0, 0),
	(-25, 1, 'ai0025', 'aiacc0025', 'pass0025', '', 1, 0, 0, 0, 0, 0, -25, 1001, 0, 0, 0, 0, 0),
	(-24, 1, 'ai0024', 'aiacc0024', 'pass0024', '', 1, 0, 0, 0, 0, 0, -24, 1001, 0, 0, 0, 0, 0),
	(-23, 1, 'ai0023', 'aiacc0023', 'pass0023', '', 1, 0, 0, 0, 0, 0, -23, 1001, 0, 0, 0, 0, 0),
	(-22, 1, 'ai0022', 'aiacc0022', 'pass0022', '', 1, 0, 0, 0, 0, 0, -22, 1001, 0, 0, 0, 0, 0),
	(-21, 1, 'ai0021', 'aiacc0021', 'pass0021', '', 1, 0, 0, 0, 0, 0, -21, 1001, 0, 0, 0, 0, 0),
	(-20, 1, 'ai0020', 'aiacc0020', 'pass0020', '', 1, 0, 0, 0, 0, 0, -20, 1001, 0, 0, 0, 0, 0),
	(-19, 1, 'ai0019', 'aiacc0019', 'pass0019', '', 1, 0, 0, 0, 0, 0, -19, 1001, 0, 0, 0, 0, 0),
	(-18, 1, 'ai0018', 'aiacc0018', 'pass0018', '', 1, 0, 0, 0, 0, 0, -18, 1001, 0, 0, 0, 0, 0),
	(-17, 1, 'ai0017', 'aiacc0017', 'pass0017', '', 1, 0, 0, 0, 0, 0, -17, 1001, 0, 0, 0, 0, 0),
	(-16, 1, 'ai0016', 'aiacc0016', 'pass0016', '', 1, 0, 0, 0, 0, 0, -16, 1001, 0, 0, 0, 0, 0),
	(-15, 1, 'ai0015', 'aiacc0015', 'pass0015', '', 1, 0, 0, 0, 0, 0, -15, 1001, 0, 0, 0, 0, 0),
	(-14, 1, 'ai0014', 'aiacc0014', 'pass0014', '', 1, 0, 0, 0, 0, 0, -14, 1001, 0, 0, 0, 0, 0),
	(-13, 1, 'ai0013', 'aiacc0013', 'pass0013', '', 1, 0, 0, 0, 0, 0, -13, 1001, 0, 0, 0, 0, 0),
	(-12, 1, 'ai0012', 'aiacc0012', 'pass0012', '', 1, 0, 0, 0, 0, 0, -12, 1001, 0, 0, 0, 0, 0),
	(-11, 1, 'ai0011', 'aiacc0011', 'pass0011', '', 1, 0, 0, 0, 0, 0, -11, 1001, 0, 0, 0, 0, 0),
	(-10, 1, 'ai0010', 'aiacc0010', 'pass0010', '', 1, 0, 0, 0, 0, 0, -10, 1001, 0, 0, 0, 0, 0),
	(-9, 1, 'ai0009', 'aiacc0009', 'pass0009', '', 1, 0, 0, 0, 0, 0, -9, 1001, 0, 0, 0, 0, 0),
	(-8, 1, 'ai0008', 'aiacc0008', 'pass0008', '', 1, 0, 0, 0, 0, 0, -8, 1001, 0, 0, 0, 0, 0),
	(-7, 1, 'ai0007', 'aiacc0007', 'pass0007', '', 1, 0, 0, 0, 0, 0, -7, 1001, 0, 0, 0, 0, 0),
	(-6, 1, 'ai0006', 'aiacc0006', 'pass0006', '', 1, 0, 0, 0, 0, 0, -6, 1001, 0, 0, 0, 0, 0),
	(-5, 1, 'ai0005', 'aiacc0005', 'pass0005', '', 1, 0, 0, 0, 0, 0, -5, 1001, 0, 0, 0, 0, 0),
	(-4, 1, 'ai0004', 'aiacc0004', 'pass0004', '', 1, 0, 0, 0, 0, 0, -4, 1001, 0, 0, 0, 0, 0),
	(-3, 1, 'ai0003', 'aiacc0003', 'pass0003', '', 1, 0, 0, 0, 0, 0, -3, 1001, 0, 0, 0, 0, 0),
	(-2, 1, 'ai0002', 'aiacc0002', 'pass0002', '', 1, 0, 0, 0, 0, 0, -2, 1001, 0, 0, 0, 0, 0),
	(-1, 1, 'ai0001', 'aiacc0001', 'pass0001', '', 1, 0, 0, 0, 0, 0, -1, 1001, 0, 0, 0, 0, 0),
	(1, 1, 'test001', 'test001', '$2y$10$elorX60dGEdj50HVHxJqE.aigfqxUu86tPKCCYmDyIdWoDHUL3JVy', '', 1, 0, 0, 0, 0, 0, 1010000000000001, 1001, 0, 0, 0, 0, 0),
	(2, 1, 'test002', 'test002', '$2y$10$elorX60dGEdj50HVHxJqE.aigfqxUu86tPKCCYmDyIdWoDHUL3JVy', '', 1, 0, 0, 0, 0, 0, 1010000000000003, 1001, 0, 0, 0, 0, 0),
	(3, 1, 'test003', 'test003', '$2y$10$elorX60dGEdj50HVHxJqE.aigfqxUu86tPKCCYmDyIdWoDHUL3JVy', '', 1, 0, 0, 0, 0, 0, 1010000000000005, 1001, 0, 0, 0, 0, 0),
	(4, 1, 'test004', 'test004', '$2y$10$elorX60dGEdj50HVHxJqE.aigfqxUu86tPKCCYmDyIdWoDHUL3JVy', '', 1, 0, 0, 0, 0, 0, 1010000000000007, 1001, 0, 0, 0, 0, 0),
	(5, 1, 'test005', 'test005', '$2y$10$elorX60dGEdj50HVHxJqE.aigfqxUu86tPKCCYmDyIdWoDHUL3JVy', '', 1, 0, 0, 0, 0, 0, 1010000000000009, 1001, 0, 0, 0, 0, 0),
	(6, 1, 'test006', 'test006', '$2y$10$elorX60dGEdj50HVHxJqE.aigfqxUu86tPKCCYmDyIdWoDHUL3JVy', '', 1, 0, 0, 0, 0, 0, 1010000000000022, 1001, 0, 0, 0, 0, 0),
	(7, 1, 'test007', 'test007', '$2y$10$elorX60dGEdj50HVHxJqE.aigfqxUu86tPKCCYmDyIdWoDHUL3JVy', '', 1, 0, 0, 0, 0, 0, 1010000000000013, 1001, 0, 0, 0, 0, 0),
	(8, 1, 'test008', 'test008', '$2y$10$elorX60dGEdj50HVHxJqE.aigfqxUu86tPKCCYmDyIdWoDHUL3JVy', '', 1, 0, 0, 0, 0, 0, 1010000000000015, 1001, 0, 0, 0, 0, 0),
	(9, 1, 'test009', 'test009', '$2y$10$elorX60dGEdj50HVHxJqE.aigfqxUu86tPKCCYmDyIdWoDHUL3JVy', '', 1, 0, 0, 0, 0, 0, 1010000000000017, 1001, 0, 0, 0, 0, 0),
	(10, 1, 'test010', 'test010', '$2y$10$elorX60dGEdj50HVHxJqE.aigfqxUu86tPKCCYmDyIdWoDHUL3JVy', '', 1, 0, 0, 0, 0, 0, 1010000000000019, 1001, 0, 0, 0, 0, 0);
/*!40000 ALTER TABLE `Users` ENABLE KEYS */;

/*!40101 SET SQL_MODE=IFNULL(@OLD_SQL_MODE, '') */;
/*!40014 SET FOREIGN_KEY_CHECKS=IFNULL(@OLD_FOREIGN_KEY_CHECKS, 1) */;
/*!40101 SET CHARACTER_SET_CLIENT=@OLD_CHARACTER_SET_CLIENT */;
/*!40111 SET SQL_NOTES=IFNULL(@OLD_SQL_NOTES, 1) */;
