-- --------------------------------------------------------
-- 主機:                           127.0.0.1
-- 伺服器版本:                        10.8.3-MariaDB-1:10.8.3+maria~jammy - mariadb.org binary distribution
-- 伺服器作業系統:                      debian-linux-gnu
-- HeidiSQL 版本:                  11.3.0.6295
-- --------------------------------------------------------

/*!40101 SET @OLD_CHARACTER_SET_CLIENT=@@CHARACTER_SET_CLIENT */;
/*!40101 SET NAMES utf8 */;
/*!50503 SET NAMES utf8mb4 */;
/*!40014 SET @OLD_FOREIGN_KEY_CHECKS=@@FOREIGN_KEY_CHECKS, FOREIGN_KEY_CHECKS=0 */;
/*!40101 SET @OLD_SQL_MODE=@@SQL_MODE, SQL_MODE='NO_AUTO_VALUE_ON_ZERO' */;
/*!40111 SET @OLD_SQL_NOTES=@@SQL_NOTES, SQL_NOTES=0 */;


-- 傾印 koa_static 的資料庫結構
CREATE DATABASE IF NOT EXISTS `koa_static` /*!40100 DEFAULT CHARACTER SET utf8mb4 */;
USE `koa_static`;

-- 傾印  資料表 koa_static.Announcement 結構
CREATE TABLE IF NOT EXISTS `Announcement` (
  `Serial` int(11) unsigned NOT NULL AUTO_INCREMENT COMMENT '流水號',
  `ID` int(11) NOT NULL DEFAULT 0 COMMENT '公告編號',
  `Type` tinyint(4) NOT NULL DEFAULT 0 COMMENT '公告種類',
  `Lang` tinyint(4) NOT NULL DEFAULT 0 COMMENT '語言代號',
  `GraphURL` text NOT NULL DEFAULT '' COMMENT '圖片URL',
  `Title` text NOT NULL DEFAULT '' COMMENT '公告標題',
  `Content` text NOT NULL DEFAULT '' COMMENT '公告內文',
  `CreateTime` int(11) NOT NULL DEFAULT 0 COMMENT 'UI 顯示公告創建時間',
  `PublishTime` int(11) NOT NULL DEFAULT 0 COMMENT '發佈時間',
  `FinishTime` int(11) NOT NULL DEFAULT 0 COMMENT '結束時間',
  PRIMARY KEY (`Serial`) USING BTREE,
  KEY `Lang` (`Lang`),
  KEY `PublishTime` (`PublishTime`),
  KEY `ID` (`ID`)
) ENGINE=InnoDB DEFAULT CHARSET=utf8mb4 COMMENT='公告看板資料集合';

-- 正在傾印表格  koa_static.Announcement 的資料：~1 rows (近似值)
/*!40000 ALTER TABLE `Announcement` DISABLE KEYS */;
INSERT INTO `Announcement` (`Serial`, `ID`, `Type`, `Lang`, `GraphURL`, `Title`, `Content`, `CreateTime`, `PublishTime`, `FinishTime`) VALUES
	(1, 1, 2, 12, '...', '我是標題', '我是公告\r\n我是公告\r\n我是公告', 1666597667, 1666597667, 2147483647);
/*!40000 ALTER TABLE `Announcement` ENABLE KEYS */;

-- 傾印  資料表 koa_static.CompetitionsInfo 結構
CREATE TABLE IF NOT EXISTS `CompetitionsInfo` (
  `ID` int(11) NOT NULL DEFAULT 0 COMMENT '賽制編號',
  `Explain` varchar(50) DEFAULT NULL COMMENT '賽制識別字串(企劃用)',
  `WeeksPerSeason` tinyint(4) DEFAULT 0 COMMENT '賽季時長(單位為週)',
  `MinRatingReset` smallint(6) DEFAULT 0 COMMENT '重置評分下限',
  `ResetRate` smallint(6) DEFAULT 0 COMMENT '重置比例(千分比)',
  `MatchingRange` smallint(6) DEFAULT 0 COMMENT '匹配範圍',
  `NewRoomRate` smallint(6) DEFAULT 0 COMMENT '新房間機率(千分比)',
  `MaxMatchSecond` smallint(6) NOT NULL DEFAULT 0 COMMENT '最大匹配秒數',
  `ExtraMatchSecond` smallint(6) NOT NULL DEFAULT 0 COMMENT '延長匹配秒數',
  `MinMatchPlayers` tinyint(4) NOT NULL DEFAULT 0 COMMENT '最少匹配人數',
  `BaseRating` smallint(6) DEFAULT 0 COMMENT '起始評分',
  `MinRating` smallint(6) DEFAULT 0 COMMENT '評分下限',
  `MaxRating` smallint(6) DEFAULT 0 COMMENT '評分上限',
  `Score_1` smallint(6) DEFAULT 0 COMMENT '第一名基礎分數',
  `Score_2` smallint(6) DEFAULT 0 COMMENT '第二名基礎分數',
  `Score_3` smallint(6) DEFAULT 0 COMMENT '第三名基礎分數',
  `Score_4` smallint(6) DEFAULT 0 COMMENT '第四名基礎分數',
  `Score_5` smallint(6) DEFAULT 0 COMMENT '第五名基礎分數',
  `Score_6` smallint(6) DEFAULT 0 COMMENT '第六名基礎分數',
  `Score_7` smallint(6) DEFAULT 0 COMMENT '第七名基礎分數',
  `Score_8` smallint(6) DEFAULT 0 COMMENT '第八名基礎分數',
  `XValue` smallint(6) DEFAULT 0 COMMENT 'X值',
  `YValue` smallint(6) DEFAULT 0 COMMENT 'Y值',
  `KValue` smallint(6) DEFAULT 0 COMMENT 'K值',
  `Delta` smallint(6) DEFAULT 0 COMMENT 'Delta值',
  `BOT` tinyint(4) NOT NULL DEFAULT 0 COMMENT '最多加入機器人數',
  PRIMARY KEY (`ID`)
) ENGINE=InnoDB DEFAULT CHARSET=utf8mb4 COMMENT='個人賽排名規則集合';

-- 傾印  資料表 koa_static.DirtyWord 結構
CREATE TABLE IF NOT EXISTS `DirtyWord` (
  `Serial` int(10) unsigned NOT NULL AUTO_INCREMENT,
  `Word` varchar(50) DEFAULT NULL,
  `Type` tinyint(2) NOT NULL DEFAULT 0 COMMENT '禁字分類',
  PRIMARY KEY (`Serial`),
  KEY `Type` (`Type`)
) ENGINE=InnoDB DEFAULT CHARSET=utf8mb4 COMMENT='禁字集';

-- 正在傾印表格  koa_static.DirtyWord 的資料：~1,280 rows (近似值)
/*!40000 ALTER TABLE `DirtyWord` DISABLE KEYS */;
INSERT INTO `DirtyWord` (`Serial`, `Word`, `Type`) VALUES
	(1, 'aids', 0),
	(2, 'biaozi', 0),
	(3, 'biao子', 0),
	(4, 'bitch', 0),
	(5, 'fku', 0),
	(6, 'fuck', 0),
	(7, 'gm', 0),
	(8, 'http', 0),
	(9, 'incest', 0),
	(10, 'penis', 0),
	(11, 'rape', 0),
	(12, 'shit', 0),
	(13, 'suck', 0),
	(14, 'fuck', 0),
	(15, 'asshole', 0),
	(16, 'twat', 0),
	(17, 'pussy', 0),
	(18, 'cock', 0),
	(19, 'nigga', 0),
	(20, 'nigger', 0),
	(21, 'faggot', 0),
	(22, 'masturbate', 0),
	(23, 'penis', 0),
	(24, 'boobs', 0),
	(25, 'whore', 0),
	(26, 'dildo', 0),
	(27, 'jerk off', 0),
	(28, 'fucking', 0),
	(29, 'fucker', 0),
	(30, 'motherfucker', 0),
	(31, 'slut', 0),
	(32, 'prostitute', 0),
	(33, 'anal', 0),
	(34, 'arsehole', 0),
	(35, '2 girls 1 cup', 0),
	(36, '2g1c', 0),
	(37, 'a\\$\\$', 0),
	(38, 'a\\$\\$hole', 0),
	(39, 'a55hole', 0),
	(40, 'acrotomophilia', 0),
	(41, 'anus', 0),
	(42, 'apeshit', 0),
	(43, 'ass fuck', 0),
	(44, 'ass hole', 0),
	(45, 'assbag', 0),
	(46, 'assbandit', 0),
	(47, 'assbang', 0),
	(48, 'assbanged', 0),
	(49, 'assbanger', 0),
	(50, 'assbangs', 0),
	(51, 'assbite', 0),
	(52, 'assclown', 0),
	(53, 'asscock', 0),
	(54, 'asscracker', 0),
	(55, 'assface', 0),
	(56, 'assfaces', 0),
	(57, 'assfuck', 0),
	(58, 'assfucker', 0),
	(59, 'assfukka', 0),
	(60, 'assh0le', 0),
	(61, 'asshat', 0),
	(62, 'asshead', 0),
	(63, 'assho1e', 0),
	(64, 'asshole', 0),
	(65, 'assholes', 0),
	(66, 'asshopper', 0),
	(67, 'asslick', 0),
	(68, 'asslicker', 0),
	(69, 'assmaster', 0),
	(70, 'assmonkey', 0),
	(71, 'assmucus', 0),
	(72, 'assmucus', 0),
	(73, 'assmunch', 0),
	(74, 'assmuncher', 0),
	(75, 'assnigger', 0),
	(76, 'asspirate', 0),
	(77, 'assshit', 0),
	(78, 'assshole', 0),
	(79, 'asssucker', 0),
	(80, 'asswad', 0),
	(81, 'asswhole', 0),
	(82, 'asswipe', 0),
	(83, 'asswipes', 0),
	(84, 'auto erotic', 0),
	(85, 'autoerotic', 0),
	(86, 'axwound', 0),
	(87, 'b00bs', 0),
	(88, 'ball kicking', 0),
	(89, 'ball licking', 0),
	(90, 'ball sucking', 0),
	(91, 'big breasts', 0),
	(92, 'big knockers', 0),
	(93, 'big tits', 0),
	(94, 'bigtits', 0),
	(95, 'birdlock', 0),
	(96, 'bitch tit', 0),
	(97, 'bitchass', 0),
	(98, 'bitchtits', 0),
	(99, 'black cock', 0),
	(100, 'blow job', 0),
	(101, 'blow me', 0),
	(102, 'blowjob', 0),
	(103, 'blowjobs', 0),
	(104, 'boned', 0),
	(105, 'boner', 0),
	(106, 'boners', 0),
	(107, 'boob', 0),
	(108, 'boobies', 0),
	(109, 'boobs', 0),
	(110, 'booby', 0),
	(111, 'booobs', 0),
	(112, 'boooobs', 0),
	(113, 'booooobs', 0),
	(114, 'booooooobs', 0),
	(115, 'brotherfucker', 0),
	(116, 'bung hole', 0),
	(117, 'bunghole', 0),
	(118, 'bunny fucker', 0),
	(119, 'butt', 0),
	(120, 'butt fuck', 0),
	(121, 'butt plug', 0),
	(122, 'buttfuck', 0),
	(123, 'buttfucka', 0),
	(124, 'buttfucker', 0),
	(125, 'butthole', 0),
	(126, 'buttplug', 0),
	(127, 'c.0.c.k', 0),
	(128, 'c.o.c.k.', 0),
	(129, 'c0ck', 0),
	(130, 'c0cksucker', 0),
	(131, 'cocksucking', 0),
	(132, 'cock Sucking', 0),
	(133, 'clit', 0),
	(134, 'clit licker', 0),
	(135, 'clitface', 0),
	(136, 'clitfuck', 0),
	(137, 'clitoris', 0),
	(138, 'clitty litter', 0),
	(139, 'clusterfuck', 0),
	(140, 'cock', 0),
	(141, 'cockass', 0),
	(142, 'cockbite', 0),
	(143, 'cockblock', 0),
	(144, 'cockburger', 0),
	(145, 'cockeye', 0),
	(146, 'cockface', 0),
	(147, 'cockfucker', 0),
	(148, 'cockhead', 0),
	(149, 'cockmonkey', 0),
	(150, 'cockmunch', 0),
	(151, 'cockmuncher', 0),
	(152, 'cocknose', 0),
	(153, 'cocknugget', 0),
	(154, 'cocks', 0),
	(155, 'cockshit', 0),
	(156, 'cocksniffer', 0),
	(157, 'cocksuck', 0),
	(158, 'cocksucked', 0),
	(159, 'cocksucking', 0),
	(160, 'cocksucks', 0),
	(161, 'cocksuka', 0),
	(162, 'cocksukka', 0),
	(163, 'suck my dick', 0),
	(164, 'suck my cock', 0),
	(165, 'cokmuncher', 0),
	(166, 'coksucka', 0),
	(167, 'condom', 0),
	(168, 'coprophilia', 0),
	(169, 'corksucker', 0),
	(170, 'cornhole', 0),
	(171, 'cornhole', 0),
	(172, 'corp whore', 0),
	(173, 'crackwhore', 0),
	(174, 'creampie', 0),
	(175, 'cum chugger', 0),
	(176, 'cum dumpster', 0),
	(177, 'cum freak', 0),
	(178, 'cum guzzler', 0),
	(179, 'cumdump', 0),
	(180, 'cumguzzler', 0),
	(181, 'cumming', 0),
	(182, 'cumshot', 0),
	(183, 'cumshots', 0),
	(184, 'cumslut', 0),
	(185, 'cumstain', 0),
	(186, 'cumtart', 0),
	(187, 'cunnie', 0),
	(188, 'cunny', 0),
	(189, 'cunt hair', 0),
	(190, 'cuntass', 0),
	(191, 'cuntbag', 0),
	(192, 'cuntface', 0),
	(193, 'cunthole', 0),
	(194, 'cunthunter', 0),
	(195, 'cuntlick', 0),
	(196, 'cuntlicker', 0),
	(197, 'cuntlicking', 0),
	(198, 'cuntrag', 0),
	(199, 'cuntsicle', 0),
	(200, 'cuntslut', 0),
	(201, 'cyberfuc', 0),
	(202, 'cyberfuck', 0),
	(203, 'cyberfucked', 0),
	(204, 'cyberfucker', 0),
	(205, 'cyberfuckers', 0),
	(206, 'cyberfucking', 0),
	(207, 'date rape', 0),
	(208, 'daterape', 0),
	(209, 'deep throat', 0),
	(210, 'deepthroat', 0),
	(211, 'dick head', 0),
	(212, 'dick hole', 0),
	(213, 'dick shy', 0),
	(214, 'dickbag', 0),
	(215, 'dickbeaters', 0),
	(216, 'dickdipper', 0),
	(217, 'dickface', 0),
	(218, 'dickflipper', 0),
	(219, 'dickfuck', 0),
	(220, 'dickfucker', 0),
	(221, 'dickhead', 0),
	(222, 'dickheads', 0),
	(223, 'dickhole', 0),
	(224, 'dickish', 0),
	(225, 'dickjuice', 0),
	(226, 'dickmilk', 0),
	(227, 'dickmonger', 0),
	(228, 'dickripper', 0),
	(229, 'dicksipper', 0),
	(230, 'dickslap', 0),
	(231, 'dicksucker', 0),
	(232, 'dicksucking', 0),
	(233, 'dicktickler', 0),
	(234, 'dickwad', 0),
	(235, 'dickweasel', 0),
	(236, 'dickweed', 0),
	(237, 'dickwhipper', 0),
	(238, 'dickwod', 0),
	(239, 'dickzipper', 0),
	(240, 'dildo', 0),
	(241, 'dildos', 0),
	(242, 'dog style', 0),
	(243, 'doggie style', 0),
	(244, 'doggiestyle', 0),
	(245, 'doggin', 0),
	(246, 'dogging', 0),
	(247, 'doggy style', 0),
	(248, 'doggystyle', 0),
	(249, 'double penetration', 0),
	(250, 'dumbcunt', 0),
	(251, 'dumbfuck', 0),
	(252, 'eat a dick', 0),
	(253, 'eat my ass', 0),
	(254, 'ejaculate', 0),
	(255, 'ejaculated', 0),
	(256, 'ejaculates', 0),
	(257, 'ejaculating', 0),
	(258, 'ejaculatings', 0),
	(259, 'ejaculation', 0),
	(260, 'erect', 0),
	(261, 'erection', 0),
	(262, 'f u c k', 0),
	(263, 'f u c k e r', 0),
	(264, 'fannybandit', 0),
	(265, 'fannyflaps', 0),
	(266, 'fannyfucker', 0),
	(267, 'fartknocker', 0),
	(268, 'fcuk', 0),
	(269, 'fcuker', 0),
	(270, 'fcuking', 0),
	(271, 'fingerbang', 0),
	(272, 'h0m0', 0),
	(273, 'h0mo', 0),
	(274, 'handjob', 0),
	(275, 'hardcoresex', 0),
	(276, 'hom0', 0),
	(277, 'homo', 0),
	(278, 'homodumbshit', 0),
	(279, 'homoerotic', 0),
	(280, 'homoey', 0),
	(281, 'hookah', 0),
	(282, 'hooker', 0),
	(283, 'jack off', 0),
	(284, 'jackass', 0),
	(285, 'jackasses', 0),
	(286, 'jackhole', 0),
	(287, 'jackoff', 0),
	(288, 'jack-off', 0),
	(289, 'jerk off', 0),
	(290, 'jerk0ff', 0),
	(291, 'jerkass', 0),
	(292, 'jerked', 0),
	(293, 'jerkoff', 0),
	(294, 'masterbate', 0),
	(295, 'masterbating', 0),
	(296, 'masterbation', 0),
	(297, 'masterbations', 0),
	(298, 'masturbate', 0),
	(299, 'masturbating', 0),
	(300, 'masturbation', 0),
	(301, 'masturbate', 0),
	(302, 'masturbating', 0),
	(303, 'masturbation', 0),
	(304, 'virgina ', 0),
	(305, 'lick my pussy', 0),
	(306, 'shit ass', 0),
	(307, 'shit fucker', 0),
	(308, 'shit fucker', 0),
	(309, 'shitass', 0),
	(310, 'shitbag', 0),
	(311, 'shitbagger', 0),
	(312, 'shitblimp', 0),
	(313, 'shitbrains', 0),
	(314, 'shitbreath', 0),
	(315, 'shitcanned', 0),
	(316, 'shitcunt', 0),
	(317, 'shitdick', 0),
	(318, 'shite', 0),
	(319, 'shiteater', 0),
	(320, 'shited', 0),
	(321, 'shitey', 0),
	(322, 'shitface', 0),
	(323, 'shitfaced', 0),
	(324, 'shitfuck', 0),
	(325, 'shitfull', 0),
	(326, 'shithead', 0),
	(327, 'shitheads', 0),
	(328, 'shithole', 0),
	(329, 'shithouse', 0),
	(330, 'shiting', 0),
	(331, 'shitings', 0),
	(332, 'shits', 0),
	(333, 'shitspitter', 0),
	(334, 'shitstain', 0),
	(335, 'shitt', 0),
	(336, 'shitted', 0),
	(337, 'shitter', 0),
	(338, 'shitters', 0),
	(339, 'shitters', 0),
	(340, 'shittier', 0),
	(341, 'shittiest', 0),
	(342, 'shitting', 0),
	(343, 'shittings', 0),
	(344, 'shitty', 0),
	(345, 'bitchass', 0),
	(346, 'cockass', 0),
	(347, 'coonnass', 0),
	(348, 'cuntass', 0),
	(349, 'dumass', 0),
	(350, 'dumb ass', 0),
	(351, 'dumbass', 0),
	(352, 'dumbasses', 0),
	(353, 'fatass', 0),
	(354, 'smartass', 0),
	(355, 'smartasses', 0),
	(356, 'wiseass', 0),
	(357, 'wiseasses', 0),
	(358, 'damn', 0),
	(359, 'goddamnit', 0),
	(360, 'dammit', 0),
	(361, 'damned', 0),
	(362, 'damnit', 0),
	(363, 'bitchy', 0),
	(364, 'bitch', 0),
	(365, 'bitchass', 0),
	(366, 'bitched', 0),
	(367, 'bitcher', 0),
	(368, 'bitchers', 0),
	(369, 'bitches', 0),
	(370, 'bitchin', 0),
	(371, 'bitching', 0),
	(372, 'bitchy', 0),
	(373, '口交', 0),
	(374, '小穴', 0),
	(375, '元寶商', 0),
	(376, '公告', 0),
	(377, '手淫', 0),
	(378, '欠幹', 0),
	(379, '他娘', 0),
	(380, '他媽的', 0),
	(381, '他幹', 0),
	(382, '代付', 0),
	(383, '代充', 0),
	(384, '代練', 0),
	(385, '代儲', 0),
	(386, '賣帳號', 0),
	(387, '賣號', 0),
	(388, '賣帳', 0),
	(389, '去他媽', 0),
	(390, '去她媽', 0),
	(391, '去你的', 0),
	(392, '去你媽', 0),
	(393, '去妳的', 0),
	(394, '去妳媽', 0),
	(395, '外掛', 0),
	(396, '奶子', 0),
	(397, '尻', 0),
	(398, '七元素', 0),
	(399, '她娘', 0),
	(400, '早洩', 0),
	(401, '老濕', 0),
	(402, '肉壺', 0),
	(403, '肉棒', 0),
	(404, '色情', 0),
	(405, '你媽', 0),
	(406, '吹喇八', 0),
	(407, '吹喇巴', 0),
	(408, '吹喇叭', 0),
	(409, '吹簫', 0),
	(410, '妓女', 0),
	(411, '系統', 0),
	(412, '肛交', 0),
	(413, '乳交', 0),
	(414, '來插', 0),
	(415, '來幹', 0),
	(416, '妳老母的', 0),
	(417, '妳娘的', 0),
	(418, '官方', 0),
	(419, '屄', 0),
	(420, '性交', 0),
	(421, '性虐', 0),
	(422, '性高潮', 0),
	(423, '性欲', 0),
	(424, '服務天使', 0),
	(425, '服務管理', 0),
	(426, '狗娘養的', 0),
	(427, '狗幹', 0),
	(428, '狗操賣逼', 0),
	(429, '肏', 0),
	(430, '姦', 0),
	(431, '客戶服務', 0),
	(432, '客服', 0),
	(433, '屌', 0),
	(434, '活動指導員', 0),
	(435, '活動消息', 0),
	(436, '活動管理員', 0),
	(437, '射精', 0),
	(438, '臭機八', 0),
	(439, '臭機巴', 0),
	(440, '臭雞', 0),
	(441, '臭雞八', 0),
	(442, '臭雞巴', 0),
	(443, '草你', 0),
	(444, '草擬媽', 0),
	(445, '做愛', 0),
	(446, '婊子', 0),
	(447, '屙', 0),
	(448, '強暴', 0),
	(449, '情色', 0),
	(450, '梅毒', 0),
	(451, '淋病', 0),
	(452, '淘寶', 0),
	(453, '淫水', 0),
	(454, '淫汁', 0),
	(455, '淫穴', 0),
	(456, '淫娃', 0),
	(457, '淫洞', 0),
	(458, '淫液', 0),
	(459, '淫亂', 0),
	(460, '淫蕩', 0),
	(461, '淫濕', 0),
	(462, '淫穢', 0),
	(463, '貨到付款', 0),
	(464, '陰戶', 0),
	(465, '陰門', 0),
	(466, '陰唇', 0),
	(467, '陰核', 0),
	(468, '陰莖', 0),
	(469, '陰部', 0),
	(470, '陰蒂', 0),
	(471, '陰道', 0),
	(472, '插你', 0),
	(473, '插你媽', 0),
	(474, '插妳', 0),
	(475, '插妳媽', 0),
	(476, '換妻', 0),
	(477, '援交', 0),
	(478, '援交妹', 0),
	(479, '測試', 0),
	(480, '陽具', 0),
	(481, '陽物', 0),
	(482, '陽痿', 0),
	(483, '亂交', 0),
	(484, '媽的', 0),
	(485, '幹', 0),
	(486, '愛液', 0),
	(487, '愛滋', 0),
	(488, '群P', 0),
	(489, '逼你老母', 0),
	(490, '遊戲', 0),
	(491, '遊戲管理員', 0),
	(492, '運營', 0),
	(493, '嫖妓', 0),
	(494, '嫖娼', 0),
	(495, '幣商', 0),
	(496, '監督', 0),
	(497, '監管', 0),
	(498, '管理', 0),
	(499, '管理者', 0),
	(500, '管理員', 0),
	(501, '精子', 0),
	(502, '精液', 0),
	(503, '維護', 0),
	(504, '輔助程式', 0),
	(505, '鳳梨姐', 0),
	(506, '審查', 0),
	(507, '賣元寶', 0),
	(508, '賣淫', 0),
	(509, '賣幣', 0),
	(510, '賤人', 0),
	(511, '賤貨', 0),
	(512, '輪姦', 0),
	(513, '輪流幹', 0),
	(514, '輪幹', 0),
	(515, '操他', 0),
	(516, '操他媽', 0),
	(517, '操尼', 0),
	(518, '操尼媽', 0),
	(519, '操她', 0),
	(520, '操她媽', 0),
	(521, '操你', 0),
	(522, '操妳', 0),
	(523, '操拎', 0),
	(524, '操林', 0),
	(525, '操您', 0),
	(526, '機八', 0),
	(527, '機巴', 0),
	(528, '機叭', 0),
	(529, '機掰', 0),
	(530, '蕩婦', 0),
	(531, '遺精', 0),
	(532, '龜頭', 0),
	(533, '儲值', 0),
	(534, '濕了', 0),
	(535, '濫交', 0),
	(536, '營運', 0),
	(537, '賽他娘', 0),
	(538, '賽她娘', 0),
	(539, '賽你娘', 0),
	(540, '賽妳娘', 0),
	(541, '賽拎娘', 0),
	(542, '賽您娘', 0),
	(543, '雞八', 0),
	(544, '雞巴', 0),
	(545, '雞叭', 0),
	(546, '雞掰', 0),
	(547, '雞雞', 0),
	(548, '顏射', 0),
	(549, '騷B', 0),
	(550, '騷貨', 0),
	(551, '屌', 0),
	(552, '鳩', 0),
	(553, '閪', 0),
	(554, '仆街', 0),
	(555, '𨳒', 0),
	(556, '撚', 0),
	(557, '屄', 0),
	(558, '冚家剷', 0),
	(559, '陷家剷', 0),
	(560, '尻', 0),
	(561, '賓周', 0),
	(562, '臭西', 0),
	(563, '春袋', 0),
	(564, '抽插', 0),
	(565, '你老母', 0),
	(566, '尸口巾', 0),
	(567, '尸吊', 0),
	(568, '賣帳', 0),
	(569, '活動管理人員', 0),
	(570, '8591', 0),
	(571, '官方人員', 0),
	(572, '官方員工', 0),
	(573, '宮方', 0),
	(574, '宮方人員', 0),
	(575, '宮方員工', 0),
	(576, '老母', 0),
	(577, '品保', 0),
	(578, '品保人員', 0),
	(579, '支那', 1),
	(580, '支娜', 1),
	(581, '豬那', 1),
	(582, '中華人民共和國', 1),
	(583, '共產黨', 1),
	(584, '習近平', 1),
	(585, '林鄭月娥', 1),
	(586, '林鄭月蛾', 1),
	(587, '林奠月娥', 1),
	(588, '梁震英', 1),
	(589, '梁振英', 1),
	(590, '六四事件', 1),
	(591, '天安門', 1),
	(592, '天滅中共', 1),
	(593, '蝗蟲國', 1),
	(594, '港獨', 1),
	(595, '共鏟黨', 1),
	(596, '共殘黨', 1),
	(597, '共慘黨', 1),
	(598, '共匪', 1),
	(599, '赤匪', 1),
	(600, '襠中央', 1),
	(601, '黑警', 1),
	(602, '國安法', 1),
	(603, '國家安全法', 1),
	(604, '武漢肺炎', 1),
	(605, '光復香港', 1),
	(606, '時代革命', 1),
	(607, '願榮光歸香港', 1),
	(608, '死全家', 1),
	(609, '藍屍', 1),
	(610, '黃屍', 1),
	(611, '港獨', 1),
	(612, '香港獨立', 1),
	(613, '光時五缺', 1),
	(614, '反送中', 1),
	(615, '溫家寶', 1),
	(616, '江澤民', 1),
	(617, '胡錦濤', 1),
	(618, '周恩來', 1),
	(619, '中南海', 1),
	(620, '中華民國', 1),
	(621, '共狗', 1),
	(622, '台灣狗', 1),
	(623, '反共', 1),
	(642, '支那', 1),
	(643, '支娜', 1),
	(644, '豬那', 1),
	(645, '中華人民共和國', 1),
	(646, '共產黨', 1),
	(647, '習近平', 1),
	(648, '林鄭月娥', 1),
	(649, '林鄭月蛾', 1),
	(650, '林奠月娥', 1),
	(651, '梁震英', 1),
	(652, '梁振英', 1),
	(653, '六四事件', 1),
	(654, '天安門', 1),
	(655, '天滅中共', 1),
	(656, '蝗蟲國', 1),
	(657, '港獨', 1),
	(658, '共鏟黨', 1),
	(659, '共殘黨', 1),
	(660, '共慘黨', 1),
	(661, '共匪', 1),
	(662, '赤匪', 1),
	(663, '襠中央', 1),
	(664, '黑警', 1),
	(665, '國安法', 1),
	(666, '國家安全法', 1),
	(667, '武漢肺炎', 1),
	(668, '光復香港', 1),
	(669, '時代革命', 1),
	(670, '願榮光歸香港', 1),
	(671, '死全家', 1),
	(672, '藍屍', 1),
	(673, '黃屍', 1),
	(674, '港獨', 1),
	(675, '香港獨立', 1),
	(676, '光時五缺', 1),
	(677, '反送中', 1),
	(678, '溫家寶', 1),
	(679, '江澤民', 1),
	(680, '胡錦濤', 1),
	(681, '周恩來', 1),
	(682, '中南海', 1),
	(683, '中華民國', 1),
	(684, '共狗', 1),
	(685, '台灣狗', 1),
	(686, '反共', 1),
	(705, 'aids', 2),
	(706, 'biaozi', 2),
	(707, 'biao子', 2),
	(708, 'bitch', 2),
	(709, 'fku', 2),
	(710, 'fuck', 2),
	(711, 'gm', 2),
	(712, 'game master', 2),
	(713, 'gamemaster', 2),
	(714, 'http', 2),
	(715, 'incest', 2),
	(716, 'penis', 2),
	(717, 'rape', 2),
	(718, 'shit', 2),
	(719, 'suck', 2),
	(720, 'fuck', 2),
	(721, 'asshole', 2),
	(722, 'twat', 2),
	(723, 'pussy', 2),
	(724, 'cock', 2),
	(725, 'nigga', 2),
	(726, 'nigger', 2),
	(727, 'faggot', 2),
	(728, 'masturbate', 2),
	(729, 'penis', 2),
	(730, 'boobs', 2),
	(731, 'whore', 2),
	(732, 'dildo', 2),
	(733, 'jerk off', 2),
	(734, 'fucking', 2),
	(735, 'fucker', 2),
	(736, 'motherfucker', 2),
	(737, 'prostitute', 2),
	(738, 'anal', 2),
	(739, 'arsehole', 2),
	(740, '2 girls 1 cup', 2),
	(741, '2g1c', 2),
	(742, 'a\\$\\$', 2),
	(743, 'a\\$\\$hole', 2),
	(744, 'a55hole', 2),
	(745, 'acrotomophilia', 2),
	(746, 'apeshit', 2),
	(747, 'ass fuck', 2),
	(748, 'ass hole', 2),
	(749, 'assbag', 2),
	(750, 'assbandit', 2),
	(751, 'assbang', 2),
	(752, 'assbanged', 2),
	(753, 'assbanger', 2),
	(754, 'assbangs', 2),
	(755, 'assbite', 2),
	(756, 'assclown', 2),
	(757, 'asscock', 2),
	(758, 'asscracker', 2),
	(759, 'assface', 2),
	(760, 'assfaces', 2),
	(761, 'assfuck', 2),
	(762, 'assfucker', 2),
	(763, 'assfukka', 2),
	(764, 'assh0le', 2),
	(765, 'asshat', 2),
	(766, 'asshead', 2),
	(767, 'assho1e', 2),
	(768, 'asshole', 2),
	(769, 'assholes', 2),
	(770, 'asshopper', 2),
	(771, 'asslick', 2),
	(772, 'asslicker', 2),
	(773, 'assmaster', 2),
	(774, 'assmonkey', 2),
	(775, 'assmucus', 2),
	(776, 'assmucus', 2),
	(777, 'assmunch', 2),
	(778, 'assmuncher', 2),
	(779, 'assnigger', 2),
	(780, 'asspirate', 2),
	(781, 'assshit', 2),
	(782, 'assshole', 2),
	(783, 'asssucker', 2),
	(784, 'asswad', 2),
	(785, 'asswhole', 2),
	(786, 'asswipe', 2),
	(787, 'asswipes', 2),
	(788, 'auto erotic', 2),
	(789, 'autoerotic', 2),
	(790, 'axwound', 2),
	(791, 'b00bs', 2),
	(792, 'ball kicking', 2),
	(793, 'ball licking', 2),
	(794, 'ball sucking', 2),
	(795, 'big breasts', 2),
	(796, 'big knockers', 2),
	(797, 'big tits', 2),
	(798, 'bigtits', 2),
	(799, 'birdlock', 2),
	(800, 'bitch tit', 2),
	(801, 'bitchass', 2),
	(802, 'bitchtits', 2),
	(803, 'black cock', 2),
	(804, 'blow job', 2),
	(805, 'blow me', 2),
	(806, 'blowjob', 2),
	(807, 'blowjobs', 2),
	(808, 'boned', 2),
	(809, 'boner', 2),
	(810, 'boners', 2),
	(811, 'boob', 2),
	(812, 'boobies', 2),
	(813, 'boobs', 2),
	(814, 'booby', 2),
	(815, 'booobs', 2),
	(816, 'boooobs', 2),
	(817, 'booooobs', 2),
	(818, 'booooooobs', 2),
	(819, 'brotherfucker', 2),
	(820, 'bung hole', 2),
	(821, 'bunghole', 2),
	(822, 'bunny fucker', 2),
	(823, 'butt fuck', 2),
	(824, 'butt plug', 2),
	(825, 'buttfuck', 2),
	(826, 'buttfucka', 2),
	(827, 'buttfucker', 2),
	(828, 'butthole', 2),
	(829, 'buttplug', 2),
	(830, 'c.0.c.k', 2),
	(831, 'c.o.c.k.', 2),
	(832, 'c0ck', 2),
	(833, 'c0cksucker', 2),
	(834, 'cocksucking', 2),
	(835, 'cock Sucking', 2),
	(836, 'clit licker', 2),
	(837, 'clitface', 2),
	(838, 'clitfuck', 2),
	(839, 'clitoris', 2),
	(840, 'clitty litter', 2),
	(841, 'clusterfuck', 2),
	(842, 'cock', 2),
	(843, 'cockass', 2),
	(844, 'cockbite', 2),
	(845, 'cockblock', 2),
	(846, 'cockburger', 2),
	(847, 'cockeye', 2),
	(848, 'cockface', 2),
	(849, 'cockfucker', 2),
	(850, 'cockhead', 2),
	(851, 'cockmonkey', 2),
	(852, 'cockmunch', 2),
	(853, 'cockmuncher', 2),
	(854, 'cocknose', 2),
	(855, 'cocknugget', 2),
	(856, 'cocks', 2),
	(857, 'cockshit', 2),
	(858, 'cocksniffer', 2),
	(859, 'cocksuck', 2),
	(860, 'cocksucked', 2),
	(861, 'cocksucking', 2),
	(862, 'cocksucks', 2),
	(863, 'cocksuka', 2),
	(864, 'cocksukka', 2),
	(865, 'suck my dick', 2),
	(866, 'suck my cock', 2),
	(867, 'cokmuncher', 2),
	(868, 'coksucka', 2),
	(869, 'condom', 2),
	(870, 'coprophilia', 2),
	(871, 'corksucker', 2),
	(872, 'cornhole', 2),
	(873, 'cornhole', 2),
	(874, 'corp whore', 2),
	(875, 'crackwhore', 2),
	(876, 'creampie', 2),
	(877, 'cum chugger', 2),
	(878, 'cum dumpster', 2),
	(879, 'cum freak', 2),
	(880, 'cum guzzler', 2),
	(881, 'cumdump', 2),
	(882, 'cumguzzler', 2),
	(883, 'cumming', 2),
	(884, 'cumshot', 2),
	(885, 'cumshots', 2),
	(886, 'cumslut', 2),
	(887, 'cumstain', 2),
	(888, 'cumtart', 2),
	(889, 'cunnie', 2),
	(890, 'cunny', 2),
	(891, 'cunt hair', 2),
	(892, 'cuntass', 2),
	(893, 'cuntbag', 2),
	(894, 'cuntface', 2),
	(895, 'cunthole', 2),
	(896, 'cunthunter', 2),
	(897, 'cuntlick', 2),
	(898, 'cuntlicker', 2),
	(899, 'cuntlicking', 2),
	(900, 'cuntrag', 2),
	(901, 'cuntsicle', 2),
	(902, 'cuntslut', 2),
	(903, 'cyberfuc', 2),
	(904, 'cyberfuck', 2),
	(905, 'cyberfucked', 2),
	(906, 'cyberfucker', 2),
	(907, 'cyberfuckers', 2),
	(908, 'cyberfucking', 2),
	(909, 'date rape', 2),
	(910, 'daterape', 2),
	(911, 'deep throat', 2),
	(912, 'deepthroat', 2),
	(913, 'dick head', 2),
	(914, 'dick hole', 2),
	(915, 'dick shy', 2),
	(916, 'dickbag', 2),
	(917, 'dickbeaters', 2),
	(918, 'dickdipper', 2),
	(919, 'dickface', 2),
	(920, 'dickflipper', 2),
	(921, 'dickfuck', 2),
	(922, 'dickfucker', 2),
	(923, 'dickhead', 2),
	(924, 'dickheads', 2),
	(925, 'dickhole', 2),
	(926, 'dickish', 2),
	(927, 'dickjuice', 2),
	(928, 'dickmilk', 2),
	(929, 'dickmonger', 2),
	(930, 'dickripper', 2),
	(931, 'dicksipper', 2),
	(932, 'dickslap', 2),
	(933, 'dicksucker', 2),
	(934, 'dicksucking', 2),
	(935, 'dicktickler', 2),
	(936, 'dickwad', 2),
	(937, 'dickweasel', 2),
	(938, 'dickweed', 2),
	(939, 'dickwhipper', 2),
	(940, 'dickwod', 2),
	(941, 'dickzipper', 2),
	(942, 'dildo', 2),
	(943, 'dildos', 2),
	(944, 'dog style', 2),
	(945, 'doggie style', 2),
	(946, 'doggiestyle', 2),
	(947, 'doggin', 2),
	(948, 'dogging', 2),
	(949, 'doggy style', 2),
	(950, 'doggystyle', 2),
	(951, 'double penetration', 2),
	(952, 'dumbcunt', 2),
	(953, 'dumbfuck', 2),
	(954, 'eat a dick', 2),
	(955, 'eat my ass', 2),
	(956, 'ejaculate', 2),
	(957, 'ejaculated', 2),
	(958, 'ejaculates', 2),
	(959, 'ejaculating', 2),
	(960, 'ejaculatings', 2),
	(961, 'ejaculation', 2),
	(962, 'erect', 2),
	(963, 'erection', 2),
	(964, 'f u c k', 2),
	(965, 'f u c k e r', 2),
	(966, 'fannybandit', 2),
	(967, 'fannyflaps', 2),
	(968, 'fannyfucker', 2),
	(969, 'fartknocker', 2),
	(970, 'fcuk', 2),
	(971, 'fcuker', 2),
	(972, 'fcuking', 2),
	(973, 'fingerbang', 2),
	(974, 'h0m0', 2),
	(975, 'h0mo', 2),
	(976, 'handjob', 2),
	(977, 'hardcoresex', 2),
	(978, 'hom0', 2),
	(979, 'homo', 2),
	(980, 'homodumbshit', 2),
	(981, 'homoerotic', 2),
	(982, 'homoey', 2),
	(983, 'hookah', 2),
	(984, 'hooker', 2),
	(985, 'jack off', 2),
	(986, 'jackass', 2),
	(987, 'jackasses', 2),
	(988, 'jackhole', 2),
	(989, 'jackoff', 2),
	(990, 'jack-off', 2),
	(991, 'jerk off', 2),
	(992, 'jerk0ff', 2),
	(993, 'jerkass', 2),
	(994, 'jerked', 2),
	(995, 'jerkoff', 2),
	(996, 'masterbate', 2),
	(997, 'masterbating', 2),
	(998, 'masterbation', 2),
	(999, 'masterbations', 2),
	(1000, 'masturbate', 2),
	(1001, 'masturbating', 2),
	(1002, 'masturbation', 2),
	(1003, 'masturbate', 2),
	(1004, 'masturbating', 2),
	(1005, 'masturbation', 2),
	(1006, 'virgina ', 2),
	(1007, 'lick my pussy', 2),
	(1008, 'shit ass', 2),
	(1009, 'shit fucker', 2),
	(1010, 'shit fucker', 2),
	(1011, 'shitass', 2),
	(1012, 'shitbag', 2),
	(1013, 'shitbagger', 2),
	(1014, 'shitblimp', 2),
	(1015, 'shitbrains', 2),
	(1016, 'shitbreath', 2),
	(1017, 'shitcanned', 2),
	(1018, 'shitcunt', 2),
	(1019, 'shitdick', 2),
	(1020, 'shite', 2),
	(1021, 'shiteater', 2),
	(1022, 'shited', 2),
	(1023, 'shitey', 2),
	(1024, 'shitface', 2),
	(1025, 'shitfaced', 2),
	(1026, 'shitfuck', 2),
	(1027, 'shitfull', 2),
	(1028, 'shithead', 2),
	(1029, 'shitheads', 2),
	(1030, 'shithole', 2),
	(1031, 'shithouse', 2),
	(1032, 'shiting', 2),
	(1033, 'shitings', 2),
	(1034, 'shits', 2),
	(1035, 'shitspitter', 2),
	(1036, 'shitstain', 2),
	(1037, 'shitt', 2),
	(1038, 'shitted', 2),
	(1039, 'shitter', 2),
	(1040, 'shitters', 2),
	(1041, 'shitters', 2),
	(1042, 'shittier', 2),
	(1043, 'shittiest', 2),
	(1044, 'shitting', 2),
	(1045, 'shittings', 2),
	(1046, 'shitty', 2),
	(1047, 'bitchass', 2),
	(1048, 'cockass', 2),
	(1049, 'coonnass', 2),
	(1050, 'cuntass', 2),
	(1051, 'dumass', 2),
	(1052, 'dumb ass', 2),
	(1053, 'dumbass', 2),
	(1054, 'dumbasses', 2),
	(1055, 'fatass', 2),
	(1056, 'smartass', 2),
	(1057, 'smartasses', 2),
	(1058, 'wiseass', 2),
	(1059, 'wiseasses', 2),
	(1060, 'damn', 2),
	(1061, 'goddamnit', 2),
	(1062, 'dammit', 2),
	(1063, 'damned', 2),
	(1064, 'damnit', 2),
	(1065, 'bitchy', 2),
	(1066, 'bitch', 2),
	(1067, 'bitchass', 2),
	(1068, 'bitched', 2),
	(1069, 'bitcher', 2),
	(1070, 'bitchers', 2),
	(1071, 'bitches', 2),
	(1072, 'bitchin', 2),
	(1073, 'bitching', 2),
	(1074, 'bitchy', 2),
	(1075, '口交', 2),
	(1076, '小穴', 2),
	(1077, '元寶商', 2),
	(1078, '公告', 2),
	(1079, '手淫', 2),
	(1080, '欠幹', 2),
	(1081, '他娘', 2),
	(1082, '他媽的', 2),
	(1083, '他幹', 2),
	(1084, '代付', 2),
	(1085, '代充', 2),
	(1086, '代練', 2),
	(1087, '代儲', 2),
	(1088, '賣帳號', 2),
	(1089, '賣號', 2),
	(1090, '賣帳', 2),
	(1091, 'sell帳號', 2),
	(1092, 'sell號', 2),
	(1093, 'sell帳', 2),
	(1094, 'sell acc', 2),
	(1095, 'sell account', 2),
	(1096, '去他媽', 2),
	(1097, '去她媽', 2),
	(1098, '去你的', 2),
	(1099, '去你媽', 2),
	(1100, '去妳的', 2),
	(1101, '去妳媽', 2),
	(1102, '外掛', 2),
	(1103, '奶子', 2),
	(1104, '尻', 2),
	(1105, '七元素', 2),
	(1106, '她娘', 2),
	(1107, '早洩', 2),
	(1108, '老濕', 2),
	(1109, '肉壺', 2),
	(1110, '肉棒', 2),
	(1111, '色情', 2),
	(1112, '你媽', 2),
	(1113, '吹喇八', 2),
	(1114, '吹喇巴', 2),
	(1115, '吹喇叭', 2),
	(1116, '吹簫', 2),
	(1117, '妓女', 2),
	(1118, '系統', 2),
	(1119, '肛交', 2),
	(1120, '乳交', 2),
	(1121, '來插', 2),
	(1122, '來幹', 2),
	(1123, '妳老母的', 2),
	(1124, '妳娘的', 2),
	(1125, '官方', 2),
	(1126, '屄', 2),
	(1127, '性交', 2),
	(1128, '性虐', 2),
	(1129, '性高潮', 2),
	(1130, '性欲', 2),
	(1131, '服務天使', 2),
	(1132, '服務管理', 2),
	(1133, '狗娘養的', 2),
	(1134, '狗幹', 2),
	(1135, '狗操賣逼', 2),
	(1136, '肏', 2),
	(1137, '姦', 2),
	(1138, '客戶服務', 2),
	(1139, '客服', 2),
	(1140, '屌', 2),
	(1141, '活動指導員', 2),
	(1142, '活動消息', 2),
	(1143, '活動管理員', 2),
	(1144, '射精', 2),
	(1145, '臭機八', 2),
	(1146, '臭機巴', 2),
	(1147, '臭雞', 2),
	(1148, '臭雞八', 2),
	(1149, '臭雞巴', 2),
	(1150, '草你', 2),
	(1151, '草擬媽', 2),
	(1152, '做愛', 2),
	(1153, '婊子', 2),
	(1154, '屙', 2),
	(1155, '強暴', 2),
	(1156, '情色', 2),
	(1157, '梅毒', 2),
	(1158, '淋病', 2),
	(1159, '淘寶', 2),
	(1160, '淫水', 2),
	(1161, '淫汁', 2),
	(1162, '淫穴', 2),
	(1163, '淫娃', 2),
	(1164, '淫洞', 2),
	(1165, '淫液', 2),
	(1166, '淫亂', 2),
	(1167, '淫蕩', 2),
	(1168, '淫濕', 2),
	(1169, '淫穢', 2),
	(1170, '貨到付款', 2),
	(1171, '陰戶', 2),
	(1172, '陰門', 2),
	(1173, '陰唇', 2),
	(1174, '陰核', 2),
	(1175, '陰莖', 2),
	(1176, '陰部', 2),
	(1177, '陰蒂', 2),
	(1178, '陰道', 2),
	(1179, '插你', 2),
	(1180, '插你媽', 2),
	(1181, '插妳', 2),
	(1182, '插妳媽', 2),
	(1183, '換妻', 2),
	(1184, '援交', 2),
	(1185, '援交妹', 2),
	(1186, '測試', 2),
	(1187, '陽具', 2),
	(1188, '陽物', 2),
	(1189, '陽痿', 2),
	(1190, '亂交', 2),
	(1191, '媽的', 2),
	(1192, '幹', 2),
	(1193, '愛液', 2),
	(1194, '愛滋', 2),
	(1195, '群P', 2),
	(1196, '逼你老母', 2),
	(1197, '遊戲', 2),
	(1198, '遊戲管理員', 2),
	(1199, '運營', 2),
	(1200, '嫖妓', 2),
	(1201, '嫖娼', 2),
	(1202, '幣商', 2),
	(1203, '監督', 2),
	(1204, '監管', 2),
	(1205, '管理', 2),
	(1206, '管理者', 2),
	(1207, '管理員', 2),
	(1208, '精子', 2),
	(1209, '精液', 2),
	(1210, '維護', 2),
	(1211, '輔助程式', 2),
	(1212, '鳳梨姐', 2),
	(1213, '審查', 2),
	(1214, '賣元寶', 2),
	(1215, '賣淫', 2),
	(1216, '賣幣', 2),
	(1217, '賤人', 2),
	(1218, '賤貨', 2),
	(1219, '輪姦', 2),
	(1220, '輪流幹', 2),
	(1221, '輪幹', 2),
	(1222, '操他', 2),
	(1223, '操他媽', 2),
	(1224, '操尼', 2),
	(1225, '操尼媽', 2),
	(1226, '操她媽', 2),
	(1227, '機八', 2),
	(1228, '機巴', 2),
	(1229, '機叭', 2),
	(1230, '蕩婦', 2),
	(1231, '遺精', 2),
	(1232, '龜頭', 2),
	(1233, '儲值', 2),
	(1234, '濕了', 2),
	(1235, '濫交', 2),
	(1236, '營運', 2),
	(1237, '賽他娘', 2),
	(1238, '賽她娘', 2),
	(1239, '賽你娘', 2),
	(1240, '賽妳娘', 2),
	(1241, '賽拎娘', 2),
	(1242, '賽您娘', 2),
	(1243, '雞八', 2),
	(1244, '雞巴', 2),
	(1245, '雞叭', 2),
	(1246, '雞掰', 2),
	(1247, '雞雞', 2),
	(1248, '顏射', 2),
	(1249, '騷B', 2),
	(1250, '騷貨', 2),
	(1251, '冠軍人馬', 2),
	(1252, '屌', 2),
	(1253, '鳩', 2),
	(1254, '閪', 2),
	(1255, '仆街', 2),
	(1256, '𨳒', 2),
	(1257, '撚', 2),
	(1258, '屄', 2),
	(1259, '冚家剷', 2),
	(1260, '陷家剷', 2),
	(1261, '尻', 2),
	(1262, '賓周', 2),
	(1263, '臭西', 2),
	(1264, '春袋', 2),
	(1265, '抽插', 2),
	(1266, '你老母', 2),
	(1267, '尸口巾', 2),
	(1268, '尸吊', 2),
	(1269, '賣帳', 2),
	(1270, '活動管理人員', 2),
	(1271, '8591', 2),
	(1272, '官方人員', 2),
	(1273, '官方員工', 2),
	(1274, '宮方', 2),
	(1275, '宮方人員', 2),
	(1276, '宮方員工', 2),
	(1277, '老母', 2),
	(1278, '中共', 2),
	(1279, '支那', 2),
	(1280, '支娜', 2),
	(1281, '豬那', 2),
	(1282, '中華人民共和國', 2),
	(1283, '共產黨', 2),
	(1284, '習近平', 2),
	(1285, '林鄭月娥', 2),
	(1286, '林鄭月蛾', 2),
	(1287, '林奠月娥', 2),
	(1288, '林奠月娥', 2),
	(1289, '梁震英', 2),
	(1290, '梁振英', 2),
	(1291, '六四事件', 2),
	(1292, '天安門', 2),
	(1293, '天滅中共', 2),
	(1294, '蝗蟲國', 2),
	(1295, '港獨', 2),
	(1296, '共鏟黨', 2),
	(1297, '共殘黨', 2),
	(1298, '共慘黨', 2),
	(1299, '共匪', 2),
	(1300, '赤匪', 2),
	(1301, '襠中央', 2),
	(1302, '黑警', 2),
	(1303, '國安法', 2),
	(1304, '國家安全法', 2),
	(1305, '武漢肺炎', 2),
	(1306, '光復香港', 2),
	(1307, '時代革命', 2),
	(1308, '願榮光歸香港', 2),
	(1309, '死全家', 2),
	(1310, '藍屍', 2),
	(1311, '黃屍', 2),
	(1312, '港獨', 2),
	(1313, '香港獨立', 2),
	(1314, 'popo', 2),
	(1315, '光時五缺', 2),
	(1316, '反送中', 2);
/*!40000 ALTER TABLE `DirtyWord` ENABLE KEYS */;

-- 傾印  資料表 koa_static.FreePetaDNA 結構
CREATE TABLE IF NOT EXISTS `FreePetaDNA` (
  `Serial` int(10) unsigned NOT NULL AUTO_INCREMENT,
  `HeadDNA` varchar(50) DEFAULT NULL,
  `BodyDNA` varchar(50) DEFAULT NULL,
  `HandDNA` varchar(50) DEFAULT NULL,
  `LegDNA` varchar(50) DEFAULT NULL,
  `BackDNA` varchar(50) DEFAULT NULL,
  `HatDNA` varchar(50) DEFAULT NULL,
  PRIMARY KEY (`Serial`)
) ENGINE=InnoDB DEFAULT CHARSET=utf8mb4 COMMENT='免費Peta DNA合集';

-- 正在傾印表格  koa_static.FreePetaDNA 的資料：~25 rows (近似值)
/*!40000 ALTER TABLE `FreePetaDNA` DISABLE KEYS */;
INSERT INTO `FreePetaDNA` (`Serial`, `HeadDNA`, `BodyDNA`, `HandDNA`, `LegDNA`, `BackDNA`, `HatDNA`) VALUES
	(1, '140301000014030100001403010000', '140301000014030100001403010000', '140301000014030100001403010000', '140301000014030100001403010000', '140301000014030100001403010000', '140301000014030100001403010000'),
	(2, '140102000014010200001401020000', '140102000014010200001401020000', '140102000014010200001401020000', '140102000014010200001401020000', '140102000014010200001401020000', '140102000014010200001401020000'),
	(3, '140303000014030300001403030000', '140303000014030300001403030000', '140303000014030300001403030000', '140303000014030300001403030000', '140303000014030300001403030000', '140303000014030300001403030000'),
	(4, '140204000014020400001402040000', '140204000014020400001402040000', '140204000014020400001402040000', '140204000014020400001402040000', '140204000014020400001402040000', '140204000014020400001402040000'),
	(5, '140105000014010500001401050000', '140105000014010500001401050000', '140105000014010500001401050000', '140105000014010500001401050000', '140105000014010500001401050000', '140105000014010500001401050000'),
	(6, '140206000014020600001402060000', '140206000014020600001402060000', '140206000014020600001402060000', '140206000014020600001402060000', '140206000014020600001402060000', '140206000014020600001402060000'),
	(7, '110106000011010600001101060000', '110106000011010600001101060000', '110106000011010600001101060000', '110106000011010600001101060000', '110106000011010600001101060000', '110106000011010600001101060000'),
	(8, '110207000011020700001102070000', '110207000011020700001102070000', '110207000011020700001102070000', '110207000011020700001102070000', '110207000011020700001102070000', '110207000011020700001102070000'),
	(9, '110208000011020800001102080000', '110208000011020800001102080000', '110208000011020800001102080000', '110208000011020800001102080000', '110208000011020800001102080000', '110208000011020800001102080000'),
	(10, '110109000011010900001101090000', '110109000011010900001101090000', '110109000011010900001101090000', '110109000011010900001101090000', '110109000011010900001101090000', '110109000011010900001101090000'),
	(11, '110110000011011000001101100000', '110110000011011000001101100000', '110110000011011000001101100000', '110110000011011000001101100000', '110110000011011000001101100000', '110110000011011000001101100000'),
	(12, '110211000011021100001102110000', '110211000011021100001102110000', '110211000011021100001102110000', '110211000011021100001102110000', '110211000011021100001102110000', '110211000011021100001102110000'),
	(13, '130301000013030100001303010000', '130301000013030100001303010000', '130301000013030100001303010000', '130301000013030100001303010000', '130301000013030100001303010000', '130301000013030100001303010000'),
	(14, '130302000013030200001303020000', '130302000013030200001303020000', '130302000013030200001303020000', '130302000013030200001303020000', '130302000013030200001303020000', '130302000013030200001303020000'),
	(15, '130303000013030300001303030000', '130303000013030300001303030000', '130303000013030300001303030000', '130303000013030300001303030000', '130303000013030300001303030000', '130303000013030300001303030000'),
	(16, '170201000017020100001702010000', '170201000017020100001702010000', '170201000017020100001702010000', '170201000017020100001702010000', '170201000017020100001702010000', '170201000017020100001702010000'),
	(17, '170302000017030200001703020000', '170302000017030200001703020000', '170302000017030200001703020000', '170302000017030200001703020000', '170302000017030200001703020000', '170302000017030200001703020000'),
	(18, '170103000017010300001701030000', '170103000017010300001701030000', '170103000017010300001701030000', '170103000017010300001701030000', '170103000017010300001701030000', '170103000017010300001701030000'),
	(19, '170304000017030400001703040000', '170304000017030400001703040000', '170304000017030400001703040000', '170304000017030400001703040000', '170304000017030400001703040000', '170304000017030400001703040000'),
	(20, '170105000017010500001701050000', '170105000017010500001701050000', '170105000017010500001701050000', '170105000017010500001701050000', '170105000017010500001701050000', '170105000017010500001701050000'),
	(21, '110112000011011200001101120000', '110112000011011200001101120000', '110112000011011200001101120000', '110112000011011200001101120000', '110112000011011200001101120000', '110112000011011200001101120000'),
	(22, '110113000011011300001101130000', '110113000011011300001101130000', '110113000011011300001101130000', '110113000011011300001101130000', '110113000011011300001101130000', '110113000011011300001101130000'),
	(23, '160204000016020400001602040000', '160204000016020400001602040000', '160204000016020400001602040000', '160204000016020400001602040000', '160204000016020400001602040000', '160204000016020400001602040000'),
	(24, '140307000014030700001403070000', '140307000014030700001403070000', '140307000014030700001403070000', '140307000014030700001403070000', '140307000014030700001403070000', '140307000014030700001403070000'),
	(25, '140308000014030800001403080000', '140308000014030800001403080000', '140308000014030800001403080000', '140308000014030800001403080000', '140308000014030800001403080000', '140308000014030800001403080000');
/*!40000 ALTER TABLE `FreePetaDNA` ENABLE KEYS */;

-- 傾印  資料表 koa_static.FreePetaInfo 結構
CREATE TABLE IF NOT EXISTS `FreePetaInfo` (
  `ID` int(10) unsigned NOT NULL,
  `Type` tinyint(1) DEFAULT NULL COMMENT '免費Peta種類',
  `Constitution` smallint(5) NOT NULL DEFAULT 0 COMMENT '體力',
  `Strength` smallint(5) NOT NULL DEFAULT 0 COMMENT '力量',
  `Dexterity` smallint(5) NOT NULL DEFAULT 0 COMMENT '技巧',
  `Agility` smallint(5) NOT NULL DEFAULT 0 COMMENT '敏捷',
  `Attribute` tinyint(3) NOT NULL DEFAULT 0 COMMENT '屬性',
  PRIMARY KEY (`ID`)
) ENGINE=InnoDB DEFAULT CHARSET=utf8mb4 COMMENT='免費Peta 基礎數值合集';

-- 正在傾印表格  koa_static.FreePetaInfo 的資料：~15 rows (近似值)
/*!40000 ALTER TABLE `FreePetaInfo` DISABLE KEYS */;
INSERT INTO `FreePetaInfo` (`ID`, `Type`, `Constitution`, `Strength`, `Dexterity`, `Agility`, `Attribute`) VALUES
	(1, 0, 6100, 6200, 5700, 5500, 1),
	(2, 0, 6200, 6300, 5500, 5500, 1),
	(3, 0, 6300, 6400, 5300, 5500, 1),
	(4, 0, 6300, 5500, 5300, 6400, 1),
	(5, 0, 6400, 5400, 5200, 6500, 1),
	(6, 1, 6200, 6300, 6000, 5000, 1),
	(7, 1, 6200, 5000, 6000, 6300, 1),
	(8, 1, 6100, 5000, 6200, 6200, 1),
	(9, 1, 6100, 5600, 6200, 5600, 1),
	(10, 1, 6200, 5500, 6000, 5800, 1),
	(11, 2, 6400, 5400, 6700, 5000, 1),
	(12, 2, 6500, 5100, 6600, 5300, 1),
	(13, 2, 6800, 5000, 6000, 5700, 1),
	(14, 2, 6900, 5700, 5900, 5000, 1),
	(15, 2, 7000, 5400, 5700, 5400, 1);
/*!40000 ALTER TABLE `FreePetaInfo` ENABLE KEYS */;

-- 傾印  資料表 koa_static.FreeTicket 結構
CREATE TABLE IF NOT EXISTS `FreeTicket` (
  `Serial` int(10) NOT NULL AUTO_INCREMENT COMMENT '門票編號',
  `Ticket_Coin` varchar(10) DEFAULT NULL COMMENT '金幣賽單人',
  `Ticket_PT` varchar(50) DEFAULT NULL COMMENT 'PT賽單人',
  `Ticket_Group` varchar(50) DEFAULT NULL COMMENT 'PT賽群體',
  PRIMARY KEY (`Serial`)
) ENGINE=InnoDB DEFAULT CHARSET=utf8mb4 COMMENT='免費門票發放時間表(日) ';

-- 正在傾印表格  koa_static.FreeTicket 的資料：~3 rows (近似值)
/*!40000 ALTER TABLE `FreeTicket` DISABLE KEYS */;
INSERT INTO `FreeTicket` (`Serial`, `Ticket_Coin`, `Ticket_PT`, `Ticket_Group`) VALUES
	(1, '00:00:00', '00:00:00', '00:00:00'),
	(2, '08:00:00', '12:00:00', NULL),
	(3, '16:00:00', NULL, NULL);
/*!40000 ALTER TABLE `FreeTicket` ENABLE KEYS */;

-- 傾印  資料表 koa_static.HintText 結構
CREATE TABLE IF NOT EXISTS `HintText` (
  `Serial` int(10) unsigned NOT NULL AUTO_INCREMENT COMMENT '流水號',
  `HintID` int(10) unsigned NOT NULL DEFAULT 0 COMMENT '提示編號',
  `Lang` int(10) unsigned NOT NULL DEFAULT 0 COMMENT '語言',
  `Title` varchar(50) NOT NULL DEFAULT '' COMMENT '標題',
  `Content` text NOT NULL DEFAULT '' COMMENT '內容',
  PRIMARY KEY (`Serial`)
) ENGINE=InnoDB DEFAULT CHARSET=utf8mb4 COMMENT='提示文字';

-- 正在傾印表格  koa_static.HintText 的資料：~2 rows (近似值)
/*!40000 ALTER TABLE `HintText` DISABLE KEYS */;
INSERT INTO `HintText` (`Serial`, `HintID`, `Lang`, `Title`, `Content`) VALUES
	(1, 1, 2, 'Hint', '●The peta gold coin competition entry ticket will be given one at 0:00 am and 12:00 noon, and will not be issued when the number exceeds 100.\r\n●When the countdown time reaches zero, you can collect the ticket.\r\n●If you have more than the upper limit, you will not be able to get the ticket'),
	(2, 1, 12, '小提示', '●每天凌晨0點、上午8點、下午4點會發放一張，當身上擁有數量超過100張便不再發放。\n●當倒數時間歸零，可以領取票卷。\n●若背包擁有總數量到達9999張，也無法領取票卷。');
/*!40000 ALTER TABLE `HintText` ENABLE KEYS */;

-- 傾印  資料表 koa_static.ItemCharge 結構
CREATE TABLE IF NOT EXISTS `ItemCharge` (
  `ItemID` int(11) NOT NULL DEFAULT 0 COMMENT '物品ID',
  `Charge` int(11) unsigned NOT NULL DEFAULT 0 COMMENT '使用手續費',
  PRIMARY KEY (`ItemID`)
) ENGINE=InnoDB DEFAULT CHARSET=utf8mb4 COMMENT='使用物品所需的手續費';

-- 正在傾印表格  koa_static.ItemCharge 的資料：~3 rows (近似值)
/*!40000 ALTER TABLE `ItemCharge` DISABLE KEYS */;
INSERT INTO `ItemCharge` (`ItemID`, `Charge`) VALUES
	(1001, 35),
	(1002, 70),
	(1003, 140);
/*!40000 ALTER TABLE `ItemCharge` ENABLE KEYS */;

-- 傾印  資料表 koa_static.ItemInfo 結構
CREATE TABLE IF NOT EXISTS `ItemInfo` (
  `ItemID` int(11) NOT NULL DEFAULT 0 COMMENT '物品編號',
  `ItemNameText` varchar(50) NOT NULL COMMENT '物品名稱文字(企劃用)',
  `ItemName` varchar(50) NOT NULL COMMENT '物品名稱代號',
  `DescriptionText` text NOT NULL COMMENT '物品敘述文字(企劃用)',
  `Description` varchar(50) NOT NULL COMMENT '物品敘述代號',
  `ItemType` tinyint(4) NOT NULL DEFAULT 0 COMMENT '物品種類',
  `Icon` varchar(50) NOT NULL COMMENT '圖號',
  `StackLimit` int(11) NOT NULL DEFAULT 0 COMMENT '堆疊上限',
  `UseType` tinyint(4) NOT NULL DEFAULT 0 COMMENT '使用類型',
  `EffectType` smallint(5) unsigned NOT NULL DEFAULT 0 COMMENT '效果類型',
  `EffectValue` smallint(5) unsigned NOT NULL DEFAULT 0 COMMENT '效果值',
  `RewardID` int(11) NOT NULL DEFAULT 0 COMMENT '獎勵編號',
  `Source` varchar(255) NOT NULL DEFAULT '' COMMENT '來源代號',
  PRIMARY KEY (`ItemID`)
) ENGINE=InnoDB DEFAULT CHARSET=utf8mb4 COMMENT='物品資訊表';

-- 正在傾印表格  koa_static.ItemInfo 的資料：~45 rows (近似值)
/*!40000 ALTER TABLE `ItemInfo` DISABLE KEYS */;
INSERT INTO `ItemInfo` (`ItemID`, `ItemNameText`, `ItemName`, `DescriptionText`, `Description`, `ItemType`, `Icon`, `StackLimit`, `UseType`, `EffectType`, `EffectValue`, `RewardID`, `Source`) VALUES
	(-4, 'PT幣', '8133', '用特殊金屬鑄造的貨幣，可透過競賽獲得，也可到Metasens平台兌換MSU。', '8633', 1, 'ItemIcon_0040', 2147483647, 0, 0, 0, 0, ''),
	(-3, '晶鑽', '8134', '從火星上開採出來的稀有水晶，只能透過地球貨幣交換獲得。', '8634', 1, 'ItemIcon_0028', 2147483647, 0, 0, 0, 0, ''),
	(-2, '火星幣', '8132', 'Peta間經常使用的交易貨幣，可透過競賽獲得。', '8632', 1, 'ItemIcon_0026', 2147483647, 0, 0, 0, 0, ''),
	(-1, '電力', '8135', '火星探險車所使用的能源，使用太陽能科技會自己慢慢蓄能回復。用於火星探險。', '8635', 1, 'ItemIcon_0029', 2147483647, 0, 0, 0, 0, ''),
	(1001, 'GEM-lite', '8101', '奧林匹亞生物科技出品的基因進化促進劑 GEM 系列的輕量版，可提供少許 EXP。', '8601', 1, 'ItemIcon_0001', 99999, 0, 101, 180, 0, 'store'),
	(1002, 'GEM-std', '8102', '奧林匹亞生物科技出品的基因進化促進劑 GEM 系列的標準版，可提供一定量的 EXP。', '8602', 1, 'ItemIcon_0002', 99999, 0, 101, 900, 0, 'store'),
	(1003, 'GEM-SP', '8103', '奧林匹亞生物科技出品的基因進化促進劑 GEM 系列的特別版，可提供大量 EXP。', '8603', 1, 'ItemIcon_0003', 99999, 0, 101, 2520, 0, 'store'),
	(1111, '薄暮粉末', '8104', 'Peta 進行初階進化需要的藥物，可抑制日夜皆可種族的基因在進化過程中的突變反應。', '8604', 1, 'ItemIcon_0004', 99999, 0, 201, 0, 0, 'store'),
	(1112, '薄暮結晶', '8105', 'Peta 進行高階進化需要的藥物，可抑制日夜皆可種族的基因在進化過程中的突變反應。', '8605', 1, 'ItemIcon_0005', 99999, 0, 202, 0, 0, 'store'),
	(1121, '太陽粉末', '8106', 'Peta 進行初階進化需要的藥物，可抑制日行性種族的基因在進化過程中的突變反應。', '8606', 1, 'ItemIcon_0006', 99999, 0, 203, 0, 0, 'store'),
	(1122, '太陽結晶', '8107', 'Peta 進行高階進化需要的藥物，可抑制日行性種族的基因在進化過程中的突變反應。', '8607', 1, 'ItemIcon_0007', 99999, 0, 204, 0, 0, 'store'),
	(1131, '星光粉末', '8108', 'Peta 進行初階進化需要的藥物，可抑制夜行性種族的基因在進化過程中的突變反應。', '8608', 1, 'ItemIcon_0008', 99999, 0, 205, 0, 0, 'store'),
	(1132, '星光結晶', '8109', 'Peta 進行高階進化需要的藥物，可抑制夜行性種族的基因在進化過程中的突變反應。', '8609', 1, 'ItemIcon_0009', 99999, 0, 206, 0, 0, 'store'),
	(2000, '精煉隕石', '8110', '經過特殊處理的神祕隕石，用途不明，但可提供給火星基因實驗室來換取其專業的技能強化服務。', '8610', 2, 'ItemIcon_0010', 99999, 0, 0, 0, 0, 'store'),
	(2001, '特殊芯片', '8118', '火星基因實驗室根據顧客資料所客製化的芯片，可解析並強化賽隊所擁有的創世技能及宇宙力技能。', '8618', 2, 'ItemIcon_0039_2', 99999, 0, 0, 0, 0, ''),
	(2002, '神秘芯片', '8117', '來源未知的神祕資料芯片，但火星基因實驗室有技術可解析其資料，解析後的資訊能強化來自其他宇宙的技能。', '8617', 2, 'ItemIcon_0039_1', 99999, 0, 0, 0, 0, ''),
	(2011, '基因芯片-獅', '8111', '記載著獅族遺傳情報的資料芯片，透過火星基因實驗室解析，可用來強化由獅族遺傳發展出來的技能。', '8611', 2, 'ItemIcon_0011', 99999, 0, 0, 0, 0, 'store'),
	(2013, '基因芯片-狐', '8113', '記載著狐族遺傳情報的資料芯片，透過火星基因實驗室解析，可用來強化由狐族遺傳發展出來的技能。', '8613', 2, 'ItemIcon_0012', 99999, 0, 0, 0, 0, 'store'),
	(2014, '基因芯片-貓', '8112', '記載著貓族遺傳情報的資料芯片，透過火星基因實驗室解析，可用來強化由貓族遺傳發展出來的技能。', '8612', 2, 'ItemIcon_0013', 99999, 0, 0, 0, 0, 'store'),
	(2015, '基因芯片-虎', '8116', '記載著虎族遺傳情報的資料芯片，透過火星基因實驗室解析，可用來強化由虎族遺傳發展出來的技能。', '8616', 2, 'ItemIcon_0014', 99999, 0, 0, 0, 0, 'store'),
	(2016, '基因芯片-犬', '8115', '記載著犬族遺傳情報的資料芯片，透過火星基因實驗室解析，可用來強化由犬族遺傳發展出來的技能。', '8615', 2, 'ItemIcon_0015', 99999, 0, 0, 0, 0, 'store'),
	(2017, '基因芯片-猿', '8114', '記載著猿族遺傳情報的資料芯片，透過火星基因實驗室解析，可用來強化由猿族遺傳發展出來的技能。', '8614', 2, 'ItemIcon_0016', 99999, 0, 0, 0, 0, 'store'),
	(3001, '初階進化補給', '8119', '開啟後將隨機獲得初階進化材料。', '8619', 3, 'ItemIcon_017_2', 999, 1, 0, 0, 1, '0'),
	(3002, '高階進化補給', '8120', '開啟後將隨機獲得高階進化材料。', '8620', 3, 'ItemIcon_018_2', 999, 1, 0, 0, 2, '0'),
	(3003, '一式芯片補給', '8124', '開啟後可隨機獲得遺傳情報來自陸地種族的基因芯片。', '8624', 3, 'ItemIcon_019_2', 999, 1, 0, 0, 6, '0'),
	(4001, '初階進化自選補給', '8121', '開啟後可自由選擇初階進化材料。', '8621', 4, 'ItemIcon_020_1', 999, 2, 0, 0, 3, '0'),
	(4002, '高階進化自選補給', '8122', '開啟後可自由選擇高階進化材料。', '8622', 4, 'ItemIcon_021_1', 999, 2, 0, 0, 4, '0'),
	(4003, '芯片自選補給', '8123', '開啟後可自由選取強化技能用的芯片。', '8623', 3, 'ItemIcon_020_3', 999, 1, 0, 0, 5, '0'),
	(4004, '一式芯片自選補給', '8125', '開啟後可自由選取遺傳情報來自陸地種族的基因芯片。。', '8625', 4, 'ItemIcon_021_1', 999, 2, 0, 0, 7, '0'),
	(4005, '白銀禮包 ', '8126', '就先當作是VIP禮包吧。', '8626', 4, 'ItemIcon_025_1', 999, 2, 0, 0, 8, '0'),
	(4006, '黃金禮包', '8127', '就先當作是高級VIP禮包吧。', '8627', 4, 'ItemIcon_025_2', 999, 2, 0, 0, 9, '0'),
	(4007, '鑽石禮包', '8128', '就先當作是尊榮VIP禮包吧。', '8628', 4, 'ItemIcon_025_3', 999, 2, 0, 0, 10, '0'),
	(4008, 'GEM 量販包', '8136', '內含各種升級用成長藥水，一次可隨機開出多個', '8636', 3, 'ItemIcon_023_1', 999, 1, 0, 0, 11, 'store'),
	(4009, '初階進化補給', '8137', '內含Peta1~2階用成長素材，一次可隨機開出多個', '8637', 3, 'ItemIcon_023_2', 999, 1, 0, 0, 12, 'store'),
	(4010, '高階進化補給', '8138', '內含Peta3~4階用成長素材，一次可隨機開出多個', '8638', 3, 'ItemIcon_023_3', 999, 1, 0, 0, 13, 'store'),
	(4011, '芯片補給', '8139', 'Peta技能升級所需的道具。內容包括各種族的技能芯片。隨機獲得多個', '8639', 3, 'ItemIcon_024_1', 999, 1, 0, 0, 14, 'store'),
	(4012, '每日補給', '8140', '內含足量各種競賽用資源，每日可在商店免費領取', '8640', 3, 'ItemIcon_025_1', 999, 1, 0, 0, 15, 'store'),
	(4013, '儲值回饋禮盒', '8141', '內含大量各種競賽用資源，儲值時回饋嘉賓', '8641', 3, 'ItemIcon_025_2', 999, 1, 0, 0, 16, '0'),
	(4014, '激勵補給', '8142', '內含大量各種競賽用資源，持續登入即可獲得', '8642', 3, 'ItemIcon_025_3', 999, 1, 0, 0, 17, '0'),
	(4015, '賽季獎勵-GEM藥劑', '8143', '內含高級成長藥水，一次可開出多個', '8643', 3, 'ItemIcon_022_1', 999, 1, 0, 0, 18, '0'),
	(4016, '賽季獎勵-初階進化材料', '8144', '內含Peta1~2階用成長素材，一次可開出多個', '8644', 3, 'ItemIcon_022_2', 999, 1, 0, 0, 19, '0'),
	(4017, '賽季獎勵-高階進化材料', '8145', '內含Peta3~4階用成長素材，一次可開出多個', '8645', 3, 'ItemIcon_022_3', 999, 1, 0, 0, 20, '0'),
	(5100, '火星幣賽邀請函', '8129', '大奔走協會發行的邀請函，邀請各路好手齊聚一堂相互切磋，使用邀請函，可以參與一次以火星幣作為獎勵的Peta晉級賽。第一名獲勝獎金高達1000\n火星幣', '8629', 5, 'ItemIcon_0032', 9999, 0, 0, 0, 0, '0'),
	(5201, 'PT幣賽邀請函', '8130', '大奔走協會發行的邀請函，邀請各方能者一較高低。使用邀請函，可以參與一次以PT幣作為獎勵的Peta晉級賽。', '8630', 5, 'ItemIcon_0041', 9999, 0, 0, 0, 0, '0'),
	(5202, '滿等技術賽邀請函', '8131', '大奔走協會發行的邀請函，上面規定了一定要3隻一起組隊，合作互助截長補短。使用邀請函，可以參與一次以PT幣作為獎勵的3局競賽。', '8631', 5, 'ItemIcon_0030', 9999, 0, 0, 0, 0, '0');
/*!40000 ALTER TABLE `ItemInfo` ENABLE KEYS */;

-- 傾印  資料表 koa_static.Leaderboard 結構
CREATE TABLE IF NOT EXISTS `Leaderboard` (
  `Serial` int(11) NOT NULL AUTO_INCREMENT COMMENT '流水號',
  `Group` tinyint(4) DEFAULT NULL COMMENT '排行榜主項群組編號',
  `MainLeaderboradName` varchar(50) DEFAULT NULL COMMENT '主榜單字串',
  `SubLeaderboardName` varchar(50) DEFAULT NULL COMMENT '子榜單字串',
  `CompetitionRuleHint` varchar(50) DEFAULT NULL COMMENT '榜單規則字串',
  `SeasonID` int(11) DEFAULT NULL COMMENT '該榜單賽季識別碼',
  `SeasonName` varchar(50) DEFAULT NULL COMMENT '該榜單賽季企劃識別碼',
  `RecordType` tinyint(4) DEFAULT NULL COMMENT '計分類型。0：角色, 1：玩家',
  `RankRuleHint` varchar(50) DEFAULT NULL COMMENT '排名基準提示字串',
  PRIMARY KEY (`Serial`) USING BTREE
) ENGINE=InnoDB DEFAULT CHARSET=utf8mb4 COMMENT='排行榜榜單資訊。';

-- 傾印  資料表 koa_static.LevelUpEXP 結構
CREATE TABLE IF NOT EXISTS `LevelUpEXP` (
  `Level` int(10) unsigned NOT NULL DEFAULT 1,
  `RequireEXP` int(10) NOT NULL DEFAULT 0,
  PRIMARY KEY (`Level`)
) ENGINE=InnoDB DEFAULT CHARSET=utf8mb4 COMMENT='各等級升級所需經驗值';

-- 正在傾印表格  koa_static.LevelUpEXP 的資料：~99 rows (近似值)
/*!40000 ALTER TABLE `LevelUpEXP` DISABLE KEYS */;
INSERT INTO `LevelUpEXP` (`Level`, `RequireEXP`) VALUES
	(1, 90),
	(2, 250),
	(3, 470),
	(4, 730),
	(5, 1030),
	(6, 1360),
	(7, 1720),
	(8, 2100),
	(9, 2540),
	(10, 2970),
	(11, 3460),
	(12, 3940),
	(13, 4440),
	(14, 5030),
	(15, 5570),
	(16, 6190),
	(17, 6770),
	(18, 7380),
	(19, 8100),
	(20, 8750),
	(21, 9480),
	(22, 10160),
	(23, 10860),
	(24, 11720),
	(25, 12460),
	(26, 13300),
	(27, 14080),
	(28, 14870),
	(29, 15850),
	(30, 16670),
	(31, 17630),
	(32, 18490),
	(33, 19370),
	(34, 20480),
	(35, 21390),
	(36, 22460),
	(37, 23400),
	(38, 24360),
	(39, 25600),
	(40, 26590),
	(41, 27780),
	(42, 28800),
	(43, 29830),
	(44, 31210),
	(45, 32280),
	(46, 33580),
	(47, 34680),
	(48, 35790),
	(49, 37310),
	(50, 38460),
	(51, 39860),
	(52, 41040),
	(53, 42230),
	(54, 43880),
	(55, 45110),
	(56, 46630),
	(57, 47890),
	(58, 49150),
	(59, 50940),
	(60, 52240),
	(61, 53880),
	(62, 55210),
	(63, 56550),
	(64, 58490),
	(65, 59860),
	(66, 61620),
	(67, 63020),
	(68, 64440),
	(69, 66520),
	(70, 67970),
	(71, 69840),
	(72, 71320),
	(73, 72810),
	(74, 75040),
	(75, 76560),
	(76, 78550),
	(77, 80110),
	(78, 81670),
	(79, 84050),
	(80, 85650),
	(81, 87760),
	(82, 89390),
	(83, 91030),
	(84, 93550),
	(85, 95230),
	(86, 97460),
	(87, 99170),
	(88, 100880),
	(89, 103560),
	(90, 105310),
	(91, 107660),
	(92, 109440),
	(93, 111230),
	(94, 114070),
	(95, 115890),
	(96, 118370),
	(97, 120220),
	(98, 122090),
	(99, 125080);
/*!40000 ALTER TABLE `LevelUpEXP` ENABLE KEYS */;

-- 傾印  資料表 koa_static.MailsInfo 結構
CREATE TABLE IF NOT EXISTS `MailsInfo` (
  `Serial` int(10) unsigned NOT NULL AUTO_INCREMENT COMMENT '流水號',
  `MailsID` int(10) unsigned NOT NULL COMMENT '信件編號',
  `Lang` int(10) unsigned NOT NULL DEFAULT 0 COMMENT '多國語言',
  `Title` varchar(50) NOT NULL DEFAULT '' COMMENT '信件標題',
  `Content` text NOT NULL COMMENT '信件內容',
  `Sender` varchar(50) NOT NULL DEFAULT '' COMMENT '寄件者',
  `URL` varchar(50) NOT NULL DEFAULT '' COMMENT '連結',
  PRIMARY KEY (`Serial`) USING BTREE
) ENGINE=InnoDB DEFAULT CHARSET=utf8mb4 COMMENT='信件資訊';

-- 正在傾印表格  koa_static.MailsInfo 的資料：~39 rows (近似值)
/*!40000 ALTER TABLE `MailsInfo` DISABLE KEYS */;
INSERT INTO `MailsInfo` (`Serial`, `MailsID`, `Lang`, `Title`, `Content`, `Sender`, `URL`) VALUES
	(1, 1, 0, 'Welcome to PetaRush', 'So glad to have you in PetaRush. Come and join the festivity!', 'Sender: Direct Team', 'https://www.google.com'),
	(2, 1, 2, 'Welcome to PetaRush', 'So glad to have you in PetaRush. Come and join the festivity!', 'Sender: Direct Team', 'https://www.google.com'),
	(3, 1, 6, '《PetaRush》へようこそ', '《PetaRush》へようこそ，一緒に《PetaRush》で盛り上がりましょう！', '送信者：研究開発チーム', 'https://www.google.com'),
	(4, 1, 7, '<PetaRush>에 오신 걸 축하드립니다.', '<PetaRush>에 오신 걸 환영합니다. 당신을 <페타 러시> Peta의 대형 행사에 초대합니다!', '발신자: 개발팀', 'https://www.google.com'),
	(5, 1, 11, 'ยินดีต้อนรับสู่PetaRush', 'ยินดีต้อนรับสู่ 《PetaRush》เราขอเชิญคุณมาร่วมงานPetaครั้งสำคัญใน PetaRush ', 'ผู้ส่ง：ทีมผู้วิจัยและพัฒนา', 'https://www.google.com'),
	(6, 1, 5, 'Selamat datang di PetaRush', 'Selamat datang di PetaRush. Dengan senang hati, kami mengundang Anda untuk bergabung dengan kami di acara akbar Peta, yaitu PetaRush!', 'Pengirim: Tim Pengembang', 'https://www.google.com'),
	(7, 1, 4, 'Maligayang pagdating sa “PetaRush”', 'Maligayang pagdating sa “PetaRush”. Taos-puso kaming inaanyayahan na sumali sa amin sa malaking kaganapan ng Peta, “pagtakbo ng hayop” !', 'Nagpadala: pangkat ng R&D', 'https://www.google.com'),
	(8, 1, 3, 'Bienvenido a PetaRush', '¡Bienvenido a PetaRush! ¡Venga y únase a la fiesta de Peta con nosotros!', 'Remitente: Equipo de desarrolladores', 'https://www.google.com'),
	(9, 1, 1, 'Willkommen bei PetaRush', 'Willkommen bei PetaRush! Komm und feiere mit uns das Peta Fest!', 'Absender: Entwickler-Team', 'https://www.google.com'),
	(10, 1, 9, 'Bem-vindo à PetaRush', 'Bem-vindo à PetaRush! Vem participar das comemorações da Peta com a gente!', 'Remetente: Equipe de desenvolvedores', 'https://www.google.com'),
	(11, 1, 10, 'Добро пожаловать в PetaRush', 'Добро пожаловать в PetaRush! Присоединяйтесь к празднику Peta вместе с нами!', 'Отправитель: команда разработчиков', 'https://www.google.com'),
	(12, 1, 8, '"PetaRush" မွ လႈိက္လွဲစြာႀကိဳဆိုပါသည္။', '"PetaRush" မွ ႀကိဳဆိုပါသည္။ Peta ၏အဓိကပြဲျဖစ္သည့္ "PetaRush" တြင္ ပါဝင္ဆင္ႏႊဲရန္ ေလးစားစြာျဖင့္ ဖိတ္ၾကားအပ္ပါသည္။', 'ေပးပို႔သူ- R&D အဖဲြ႔', 'https://www.google.com'),
	(13, 1, 12, '歡迎來到《PetaRush》', '歡迎來到《PetaRush》誠摯邀請你一同來參與《動物大奔走》這個Peta的大型盛事！', '寄件人：研發團隊', 'https://www.google.com'),
	(14, 5, 0, 'Daily Login Bonus', 'During the Event Period, players will receive "50 Marscoin Qualifier Tickets" after creating a new character. Meanwhile, you can claim 30 Marscoin Qualifier tickets on the event page every day for once. Remember to claim the tickets before 23:59 of each day, or they will be expired.\n\n※Click on the link below to check out the details.\nhttps://chr2.io/petarush/announcement/?lang=en&id=1', 'Sender: Direct Team', ''),
	(15, 5, 2, 'Daily Login Bonus', 'During the Event Period, players will receive "50 Marscoin Qualifier Tickets" after creating a new character. Meanwhile, you can claim 30 Marscoin Qualifier tickets on the event page every day for once. Remember to claim the tickets before 23:59 of each day, or they will be expired.\n\n※Click on the link below to check out the details.\nhttps://chr2.io/petarush/announcement/?lang=en&id=1', 'Sender: Direct Team', ''),
	(16, 5, 12, '天天登入送', '活動期間內，玩家完成創建角色後，立即獲贈「火星幣晉級賽邀請函x50」，每天還可在活動UI介面領取一次「火星幣晉級賽邀請函x30」，請務必每天領取，否則系統將於每天晚上23:59時，進行回收。\n\n※詳情請見：\nhttps://chr2.io/petarush/announcement/?lang=tc&id=1', '寄件人：研發團隊', ''),
	(17, 6, 0, 'The Speedrunning Leaderboard', 'During the Event Period, as long as you participate in the "Peta Qualifier - Marscoin Qualifier", the settlements will be automatically recorded to the leaderboard of the event webpage after the race. At the end of the event, the top "100" players who finish the race in the shortest time will receive corresponding rewards.\n\n※Click on the link below to check out the details.\nhttps://chr2.io/petarush/announcement/?lang=en&id=2', 'Sender: Direct Team', ''),
	(18, 6, 2, 'The Speedrunning Leaderboard', 'During the Event Period, as long as you participate in the "Peta Qualifier - Marscoin Qualifier", the settlements will be automatically recorded to the leaderboard of the event webpage after the race. At the end of the event, the top "100" players who finish the race in the shortest time will receive corresponding rewards.\n\n※Click on the link below to check out the details.\nhttps://chr2.io/petarush/announcement/?lang=en&id=2', 'Sender: Direct Team', ''),
	(19, 6, 12, '極速排行榜', '排行榜活動期間內，只要參加「Peta晉級賽-火星幣晉級賽」，完賽即可自動登錄成績至活動網頁排行榜，活動結束時，最短時間跑完賽道的前「100」名玩家，將會獲得對應獎勵。 \n\n※詳情請見： \nhttps://chr2.io/petarush/announcement/?lang=tc&id=2', '寄件人：研發團隊', ''),
	(20, 7, 0, 'The Marscoin Billionaire Leaderboard', 'During The Marscoin Billionaire Leaderboard event, the accumulated Marscoins on players will be automatically recorded to the leaderboard on the event webpage. At the end of the event, the top "100" players who have accumulated the most Marscoin will receive corresponding rewards.\n\n※Click on the link below to check out the details.\nhttps://chr2.io/petarush/announcement/?lang=en&id=3', 'Sender: Direct Team', ''),
	(21, 7, 2, 'The Marscoin Billionaire Leaderboard', 'During The Marscoin Billionaire Leaderboard event, the accumulated Marscoins on players will be automatically recorded to the leaderboard on the event webpage. At the end of the event, the top "100" players who have accumulated the most Marscoin will receive corresponding rewards.\n\n※Click on the link below to check out the details.\nhttps://chr2.io/petarush/announcement/?lang=en&id=3', 'Sender: Direct Team', ''),
	(22, 7, 12, '富豪排行榜', '排行榜活動期間內，玩家身上累積的火星幣，將會自動登錄至活動網頁排行榜，活動結束時，累積最多火星幣的前「100」名玩家，將會獲得對應獎勵。\n\n※詳情請見：\nhttps://chr2.io/petarush/announcement/?lang=tc&id=3', '寄件人：研發團隊', ''),
	(23, 8, 0, 'Bug Bounty', 'During the Early Access DEMO period, as long as a bug is found in the game and reported through the designated channel, the first reporter will receive the corresponding reward. The reward will be issued after it has been verified by the official personnel on the seventh day after the opening of PetaRush’s Second Closed Beta Test based on the severity of the bug.\n \n※BUG report channel：\nhttps://forms.gle/Cp8zSZ3pAnfzP2sDA\n\n※Click on the link below to check out the details.\nhttps://chr2.io/petarush/announcement/?lang=en&id=5', 'Sender: Direct Team', ''),
	(24, 8, 2, 'Bug Bounty', 'During the Early Access DEMO period, as long as a bug is found in the game and reported through the designated channel, the first reporter will receive the corresponding reward. The reward will be issued after it has been verified by the official personnel on the seventh day after the opening of PetaRush’s Second Closed Beta Test based on the severity of the bug.\n \n※BUG report channel：\nhttps://forms.gle/Cp8zSZ3pAnfzP2sDA\n\n※Click on the link below to check out the details.\nhttps://chr2.io/petarush/announcement/?lang=en&id=5', 'Sender: Direct Team', ''),
	(25, 8, 12, '除蟲大作戰', '搶先體驗DEMO期間內，只要在遊戲中發現BUG，並且透過指定管道回報，經官方人員核實無誤，依據BUG的嚴重程度，首位回報者將會在「CB2」開放後第七天，獲得相對應的獎勵。\n\n※回報BUG管道：\nhttps://forms.gle/Cp8zSZ3pAnfzP2sDA\n\n※詳情請見：\nhttps://chr2.io/petarush/announcement/?lang=tc&id=5', '寄件人：研發團隊', ''),
	(26, 9, 0, 'Daily Login Bonus', 'The Reward of the “Peta Qualifier - Marscoin Qualifier” will be doubled during the event period. For those who want to get into the Marscoin Billionaire, you must not miss it!\n\n※Click on the link below to check out the details.\nhttps://chr2.io/petarush/announcement/?lang=en&id=6', 'Sender: Direct Team', ''),
	(27, 9, 2, 'Daily Login Bonus', 'The Reward of the “Peta Qualifier - Marscoin Qualifier” will be doubled during the event period. For those who want to get into the Marscoin Billionaire, you must not miss it!\n\n※Click on the link below to check out the details.\nhttps://chr2.io/petarush/announcement/?lang=en&id=6', 'Sender: Direct Team', ''),
	(28, 9, 12, '獎金加碼送', '活動期間內，「Peta晉級賽-火星幣賽」的獎金翻倍送，想要把握最後機會，晉身富豪排名的玩家們，千萬別錯過！\n\n※詳情請見：\nhttps://chr2.io/petarush/announcement/?lang=tc&id=6', '寄件人：研發團隊', ''),
	(29, 10, 0, 'Item collection', 'You don\'t have enough vacant slots in your bag,please make some space and try again.', 'Sender: Direct Team', ''),
	(30, 10, 2, 'Item collection', 'You don\'t have enough vacant slots in your bag,please make some space and try again.', 'Sender: Direct Team', ''),
	(31, 10, 12, '道具領取', '由於物品數量已超過上限，請整理背包後再從附件領取。', '寄件人：研發團隊', ''),
	(32, 11, 12, 'DEMO4 測試說明', '親愛的玩家~您好！\n為求遊戲的平衡性，DEMO4的測試，是以與Demi-Holim NFT合作的Demi Peta為主，\n玩家可以從本次測試的技能與外觀的關係，一窺預定在10/18解盲的Demi Peta的一部分技能組合。\n在這次DEMO4的技能，都暫時用英數縮寫做為技能名稱，待測試結束後會公布正式的技能名稱。\n如之前所公告的，PetaRush在10月份密集的做大量DEMO測試，是因為要調整數值平衡，也會視情況固定於每日下午14:00進行針對競賽數值做平衡調整。\n過去，已經調整「天氣適應力的影響效果較強」以及「干擾技能效果的數值提高」與「被妨礙技能條件的效果數值提高」。\n在本次的測試，則是將「增益效果的上坡、平地、下坡、順風、側風、逆風的適應力數值提升」，因為這些效果要Peta在特定的位置上才會有用，所以期待本次的調整，可以讓抓對位置施放的Peta會跑的更快、體力消耗更少。\nPetaRush開發團隊敬上', '寄件人：研發團隊', ''),
	(33, 11, 2, 'Demo 4 Notification', 'We are glad to announce that the PetaRush Demo 4 features the Demi-Holim NFT. This is to ensure the game balance in the future after they go live! Additionally, it offers you a sneak peek at what powerful skills Demi Peta may have once the blind box reveals itself on Oct 18th!\nHere are a few things we hope you know before the gameplay,\nFirst, the skill names you see at Demo version are the abbreviations combines with English characters and numbers. We will announce their official names at the end of Demo version gameplay. Please look forward to it!\nSecond, we have announced that the PetaRush team will change skill effects at 14:00 every day to ensure the game balance. Before, we have optimized the following skills, “Decrease the impact of Peta’s adaption to weathers,” “Increase attack skill effects,” and “Increase on-hit skill effects.” This time, we will optimize the skills brings bonus effects to the landscapes (Uphill, Downhill, and Flat) and wind directions (Tailwind, Headwind, and Crosswind.) Since we have noticed these skills require Peta to be in the specific environment, we hope Petas can earn more effects once they successfully activate the skills under such restricted conditions.', 'Sender: Direct Team', ''),
	(34, 12, 0, 'Thank you for your support to PetaRush', 'Thank you for your support to PetaRush! Here are your {N} {aresID} from the utility of {text}. Wish you enjoy it!', 'Sender: Direct Team', ''),
	(35, 12, 2, 'Thank you for your support to PetaRush', 'Thank you for your support to PetaRush! Here are your {N} {aresID} from the utility of {text}. Wish you enjoy it!', 'Sender: Direct Team', ''),
	(36, 12, 12, '感謝你對Peta Rush的支持', '感謝你對PetaRush的支持，在此送上盲盒開出 {text} 的賦能 「{areaID}」{N}張，讓你在火星上盡情的奔跑！', '寄件人：研發團隊', ''),
	(37, 13, 0, 'Mycard Charging Issue Explanation ', 'You used Mycard to charge on {time1}, and the items have already been sent to you. Wish you a nice day!', 'Sender: Direct Team', ''),
	(38, 13, 2, 'Mycard Charging Issue Explanation ', 'You used Mycard to charge on {time1}, and the items have already been sent to you. Wish you a nice day!', 'Sender: Direct Team', ''),
	(39, 13, 12, 'MyCard補發說明', '玩家於{time1} 儲值申請已通過，已派發給玩家。祝您有個美好的一天！', '研發團隊', '');
/*!40000 ALTER TABLE `MailsInfo` ENABLE KEYS */;

-- 傾印  資料表 koa_static.MainBanner 結構
CREATE TABLE IF NOT EXISTS `MainBanner` (
  `Serial` int(10) unsigned NOT NULL AUTO_INCREMENT,
  `Status` tinyint(3) NOT NULL DEFAULT 0 COMMENT '狀態(1=啟用)',
  `Lang` tinyint(4) NOT NULL DEFAULT 1 COMMENT '語言',
  `ImageURL` varchar(255) NOT NULL COMMENT '圖片網址',
  `PageType` tinyint(4) NOT NULL DEFAULT 1 COMMENT '頁面類型',
  `PageURL` varchar(255) NOT NULL COMMENT '頁面網址',
  PRIMARY KEY (`Serial`),
  KEY `Status_Lang` (`Status`,`Lang`)
) ENGINE=InnoDB DEFAULT CHARSET=utf8mb4 COMMENT='主畫面廣告看板';

-- 正在傾印表格  koa_static.MainBanner 的資料：~14 rows (近似值)
/*!40000 ALTER TABLE `MainBanner` DISABLE KEYS */;
INSERT INTO `MainBanner` (`Serial`, `Status`, `Lang`, `ImageURL`, `PageType`, `PageURL`) VALUES
	(1, 1, 2, 'https://petarush-cdn.metasens.com/petarush/Images/MainBanner/banner_01_en.png', 1, 'https://www.metasens.com/activity/peta'),
	(2, 1, 12, 'https://petarush-cdn.metasens.com/petarush/Images/MainBanner/banner_01_tc.png', 1, 'https://www.metasens.com/zh_tw/activity/peta'),
	(3, 1, 2, 'https://petarush-cdn.metasens.com/petarush/Images/MainBanner/banner_02.png', 1, 'https://www.metasens.com/en_us/activity/demipeta'),
	(4, 1, 12, 'https://petarush-cdn.metasens.com/petarush/Images/MainBanner/banner_02.png', 1, 'https://www.metasens.com/zh_tw/activity/demipeta'),
	(5, 1, 2, 'https://petarush-cdn.metasens.com/petarush/Images/MainBanner/banner_03.png', 1, 'https://www.metasens.com/en_us/activity/phantabear3d'),
	(6, 1, 12, 'https://petarush-cdn.metasens.com/petarush/Images/MainBanner/banner_03.png', 1, 'https://www.metasens.com/zh_tw/activity/phantabear3d'),
	(7, 1, 2, 'https://petarush-cdn.metasens.com/petarush/Images/MainBanner/banner_04_en.png', 2, 'ReceiveTicket'),
	(8, 1, 12, 'https://petarush-cdn.metasens.com/petarush/Images/MainBanner/banner_04_tc.png', 2, 'ReceiveTicket'),
	(9, 1, 2, 'https://petarush-cdn.metasens.com/petarush/Images/MainBanner/banner_05_en.png', 1, 'https://chr2.io/petarush/ranking/?lang=en'),
	(10, 1, 12, 'https://petarush-cdn.metasens.com/petarush/Images/MainBanner/banner_05_tc.png', 1, 'https://chr2.io/petarush/ranking/?lang=tc'),
	(11, 1, 2, 'https://petarush-cdn.metasens.com/petarush/Images/MainBanner/banner_06_en.png', 1, 'https://chr2.io/petarush/announcement/?lang=en&id=5'),
	(12, 1, 12, 'https://petarush-cdn.metasens.com/petarush/Images/MainBanner/banner_06_tc.png', 1, 'https://chr2.io/petarush/announcement/?lang=tc&id=5'),
	(13, 1, 2, 'https://petarush-cdn.metasens.com/petarush/Images/MainBanner/banner_07_en.png', 1, 'https://discord.com/invite/petarush'),
	(14, 1, 12, 'https://petarush-cdn.metasens.com/petarush/Images/MainBanner/banner_07_tc.png', 1, 'https://discord.com/invite/petarush');
/*!40000 ALTER TABLE `MainBanner` ENABLE KEYS */;

-- 傾印  資料表 koa_static.MetadataActivity 結構
CREATE TABLE IF NOT EXISTS `MetadataActivity` (
  `ActivityName` varchar(50) NOT NULL DEFAULT '' COMMENT 'Activity 名稱',
  `Source` tinyint(4) NOT NULL DEFAULT 0 COMMENT '來源標記',
  `Native` tinyint(4) NOT NULL DEFAULT 0 COMMENT '原生種標記',
  `SkeletonType` tinyint(4) NOT NULL DEFAULT 0 COMMENT '骨架類別',
  `CreateRewardItemID` int(11) DEFAULT NULL COMMENT '創角獎勵編號',
  `CreateRewardAmount` int(11) NOT NULL DEFAULT 0 COMMENT '創角獎勵數量',
  PRIMARY KEY (`ActivityName`)
) ENGINE=InnoDB DEFAULT CHARSET=utf8mb4 COMMENT='NFT Metadata 的 Activity 對應表';

-- 正在傾印表格  koa_static.MetadataActivity 的資料：~11 rows (近似值)
/*!40000 ALTER TABLE `MetadataActivity` DISABLE KEYS */;
INSERT INTO `MetadataActivity` (`ActivityName`, `Source`, `Native`, `SkeletonType`, `CreateRewardItemID`, `CreateRewardAmount`) VALUES
	('peta-airdrop-1 ', 0, 0, 0, 0, 0),
	('peta-airdrop-2', 0, 0, 0, 0, 0),
	('peta-empower-demiholim', 0, 0, 0, 0, 0),
	('peta-empower-phantabear ', 0, 0, 1, 0, 0),
	('peta-giveaway ', 0, 0, 0, 0, 0),
	('peta-public', 1, 1, 0, 5201, 30),
	('peta-speciale-1 ', 0, 0, 0, 0, 0),
	('peta-speciale-2', 0, 0, 0, 0, 0),
	('peta-whitelist-1', 1, 1, 0, 5201, 30),
	('peta-whitelist-2', 1, 1, 0, 5201, 30),
	('peta-whitelist-3', 1, 1, 0, 5201, 30);
/*!40000 ALTER TABLE `MetadataActivity` ENABLE KEYS */;

-- 傾印  資料表 koa_static.PVEChapter 結構
CREATE TABLE IF NOT EXISTS `PVEChapter` (
  `ChapterID` int(11) NOT NULL COMMENT '章節編號',
  `PreChapter` varchar(50) NOT NULL DEFAULT '' COMMENT '前置章節',
  `Name` varchar(50) NOT NULL DEFAULT '' COMMENT '章節名稱',
  `Icon` varchar(50) NOT NULL DEFAULT '' COMMENT '章節圖示',
  `MedalAmountFirst` smallint(6) NOT NULL DEFAULT 0 COMMENT '第一階段獎勵獎牌數量',
  `RewardIDFirst` int(11) NOT NULL DEFAULT 0 COMMENT '第一階段獎勵編號',
  `MedalAmountSecond` smallint(6) NOT NULL DEFAULT 0 COMMENT '第二階段獎勵獎牌數量',
  `RewardIDSecond` int(11) NOT NULL DEFAULT 0 COMMENT '第二階段獎勵編號',
  `MedalAmountThird` smallint(6) NOT NULL DEFAULT 0 COMMENT '第三階段獎勵獎牌數量',
  `RewardIDThrid` int(11) NOT NULL DEFAULT 0 COMMENT '第三階段獎勵編號',
  PRIMARY KEY (`ChapterID`)
) ENGINE=InnoDB DEFAULT CHARSET=utf8mb4 COMMENT='PVE章節資訊';

-- 正在傾印表格  koa_static.PVEChapter 的資料：~3 rows (近似值)
/*!40000 ALTER TABLE `PVEChapter` DISABLE KEYS */;
INSERT INTO `PVEChapter` (`ChapterID`, `PreChapter`, `Name`, `Icon`, `MedalAmountFirst`, `RewardIDFirst`, `MedalAmountSecond`, `RewardIDSecond`, `MedalAmountThird`, `RewardIDThrid`) VALUES
	(1, '', '1111', '', 3, 1, 6, 1, 9, 1),
	(2, '1', '2222', '', 3, 1, 6, 1, 9, 1),
	(3, '1,2', '3333', '', 3, 1, 6, 1, 9, 1);
/*!40000 ALTER TABLE `PVEChapter` ENABLE KEYS */;

-- 傾印  資料表 koa_static.PVELevel 結構
CREATE TABLE IF NOT EXISTS `PVELevel` (
  `LevelID` int(11) NOT NULL DEFAULT 0 COMMENT '關卡ID',
  `ChapterID` int(11) NOT NULL DEFAULT 0 COMMENT '關卡所在章節編號',
  `PreLevel` varchar(50) NOT NULL DEFAULT '' COMMENT '前置關卡',
  `RecommendLevel` int(11) NOT NULL DEFAULT 0 COMMENT '推薦角色等級',
  `Power` int(11) NOT NULL DEFAULT 0 COMMENT '需求電力',
  `LevelName` varchar(50) NOT NULL DEFAULT '' COMMENT '關卡名稱字碼',
  `Description` varchar(50) NOT NULL DEFAULT '' COMMENT '關卡簡介字碼',
  `SceneID` int(11) NOT NULL DEFAULT 0 COMMENT '使用場景ID',
  `UserTrackNumber` tinyint(4) NOT NULL DEFAULT 0 COMMENT '用戶所在跑道',
  `FirstRewardID` int(11) NOT NULL DEFAULT 0 COMMENT '初次過關獎勵',
  `SustainRewardID` int(11) NOT NULL DEFAULT 0 COMMENT '固定過關獎勵',
  `FirstItemIDs` varchar(50) NOT NULL DEFAULT '0' COMMENT '初次過關獎勵(前端顯示需求)',
  `SustainItemIDs` varchar(50) NOT NULL DEFAULT '0' COMMENT '固定過關獎勵(前端顯示需求)',
  `FirstAI` int(11) DEFAULT NULL COMMENT '第一隻機器人',
  `FirstAITrackNumber` tinyint(4) DEFAULT NULL COMMENT '第一隻機器人所在跑道',
  `SecondAI` int(11) DEFAULT NULL COMMENT '第二隻機器人',
  `SecondAITrackNumber` tinyint(4) unsigned DEFAULT NULL COMMENT '第二隻機器人所在跑道',
  `ThirdAI` int(11) DEFAULT NULL COMMENT '第三隻機器人',
  `ThirdAITrackNumber` tinyint(4) DEFAULT NULL COMMENT '第三隻機器人所在跑道',
  PRIMARY KEY (`LevelID`),
  KEY `SceneID` (`SceneID`),
  KEY `ChapterID` (`ChapterID`)
) ENGINE=InnoDB DEFAULT CHARSET=utf8mb4 COMMENT='PVE關卡資訊';

-- 正在傾印表格  koa_static.PVELevel 的資料：~7 rows (近似值)
/*!40000 ALTER TABLE `PVELevel` DISABLE KEYS */;
INSERT INTO `PVELevel` (`LevelID`, `ChapterID`, `PreLevel`, `RecommendLevel`, `Power`, `LevelName`, `Description`, `SceneID`, `UserTrackNumber`, `FirstRewardID`, `SustainRewardID`, `FirstItemIDs`, `SustainItemIDs`, `FirstAI`, `FirstAITrackNumber`, `SecondAI`, `SecondAITrackNumber`, `ThirdAI`, `ThirdAITrackNumber`) VALUES
	(101, 1, '', 1, 0, '101', '', 1001, 1, 1, 2, '-3', '2013,   2017', -1, 1, -2, 2, -3, 3),
	(102, 1, '101', 1, 0, '102', '', 1001, 1, 1, 2, '-3', '2013,   2017', -1, 1, -2, 2, -3, 3),
	(103, 1, '101,102', 1, 0, '103', '', 1001, 1, 1, 2, '-3', '2013,   2017', -1, 1, -2, 2, -3, 3),
	(203, 2, '', 1, 0, '203', '', 1001, 1, 1, 2, '-3', '2013,   2017', -1, 1, -2, 2, -3, 3),
	(204, 2, '203', 1, 0, '204', '', 1001, 1, 1, 2, '-3', '2013,   2017', -1, 1, -2, 2, -3, 3),
	(3003, 3, '203', 1, 0, '3003', '', 1001, 1, 1, 2, '-3', '2013,   2017', -1, 1, -2, 2, -3, 3),
	(3004, 3, '3003', 1, 0, '3004', '', 1001, 1, 1, 2, '-3', '2013,   2017', -1, 1, -2, 2, -3, 3);
/*!40000 ALTER TABLE `PVELevel` ENABLE KEYS */;

-- 傾印  資料表 koa_static.QualifyingArena 結構
CREATE TABLE IF NOT EXISTS `QualifyingArena` (
  `QualifyingArenaID` int(11) NOT NULL DEFAULT 0 COMMENT '晉級賽場編號',
  `PTScene` int(10) unsigned DEFAULT 0 COMMENT 'PT場地',
  `CoinScene` int(10) unsigned DEFAULT 0 COMMENT '金幣場地',
  PRIMARY KEY (`QualifyingArenaID`)
) ENGINE=InnoDB DEFAULT CHARSET=utf8mb4 COMMENT='晉級賽賽場';

-- 正在傾印表格  koa_static.QualifyingArena 的資料：~2 rows (近似值)
/*!40000 ALTER TABLE `QualifyingArena` DISABLE KEYS */;
INSERT INTO `QualifyingArena` (`QualifyingArenaID`, `PTScene`, `CoinScene`) VALUES
	(1, 1001, 1001),
	(2, 1001, 1001);
/*!40000 ALTER TABLE `QualifyingArena` ENABLE KEYS */;

-- 傾印  資料表 koa_static.RaceSceneVerify 結構
CREATE TABLE IF NOT EXISTS `RaceSceneVerify` (
  `SceneID` int(10) unsigned NOT NULL COMMENT '場景',
  `TrackNumber` tinyint(3) unsigned NOT NULL COMMENT '賽道',
  `BeginDistance` float unsigned NOT NULL COMMENT '開始距離',
  `TotalDistance` float unsigned NOT NULL COMMENT '總長',
  PRIMARY KEY (`SceneID`,`TrackNumber`)
) ENGINE=InnoDB DEFAULT CHARSET=utf8mb4 COMMENT='比賽場景驗證表';

-- 正在傾印表格  koa_static.RaceSceneVerify 的資料：~16 rows (近似值)
/*!40000 ALTER TABLE `RaceSceneVerify` DISABLE KEYS */;
INSERT INTO `RaceSceneVerify` (`SceneID`, `TrackNumber`, `BeginDistance`, `TotalDistance`) VALUES
	(1001, 1, 0, 1286.5),
	(1001, 2, 2.72253, 1289.22),
	(1001, 3, 5.90479, 1292.4),
	(1001, 4, 8.81299, 1295.31),
	(1001, 5, 11.4562, 1297.95),
	(1001, 6, 14.3441, 1300.84),
	(1001, 7, 17.4749, 1303.97),
	(1001, 8, 20.1553, 1306.65),
	(1002, 1, 0, 1329.13),
	(1002, 2, 3.78259, 1332.91),
	(1002, 3, 7.03979, 1336.17),
	(1002, 4, 9.66663, 1338.79),
	(1002, 5, 12.8807, 1342.01),
	(1002, 6, 595.633, 1924.76),
	(1002, 7, 17.3739, 1346.5),
	(1002, 8, 19.6136, 1348.74);
/*!40000 ALTER TABLE `RaceSceneVerify` ENABLE KEYS */;

-- 傾印  資料表 koa_static.RewardContent 結構
CREATE TABLE IF NOT EXISTS `RewardContent` (
  `Serial` int(10) unsigned NOT NULL AUTO_INCREMENT,
  `ContentGroupID` int(10) unsigned NOT NULL DEFAULT 0 COMMENT '群組編號',
  `ItemID` int(11) NOT NULL DEFAULT 0 COMMENT '獎勵內容',
  `Amount` int(10) unsigned NOT NULL DEFAULT 0 COMMENT '獎勵數量',
  `Proportion` smallint(4) unsigned NOT NULL DEFAULT 0 COMMENT '獎勵權重或機率(千分比)',
  PRIMARY KEY (`Serial`),
  KEY `ContentGroupID` (`ContentGroupID`)
) ENGINE=InnoDB DEFAULT CHARSET=utf8mb4 COMMENT='獎勵內容';

-- 正在傾印表格  koa_static.RewardContent 的資料：~167 rows (近似值)
/*!40000 ALTER TABLE `RewardContent` DISABLE KEYS */;
INSERT INTO `RewardContent` (`Serial`, `ContentGroupID`, `ItemID`, `Amount`, `Proportion`) VALUES
	(1, 1, 1111, 1, 100),
	(2, 1, 1121, 1, 100),
	(3, 1, 1131, 1, 100),
	(4, 2, 1112, 1, 100),
	(5, 2, 1122, 1, 100),
	(6, 2, 1132, 1, 100),
	(7, 3, 2011, 1, 100),
	(8, 3, 2013, 1, 100),
	(9, 3, 2014, 1, 100),
	(10, 3, 2015, 1, 100),
	(11, 3, 2016, 1, 100),
	(12, 3, 2017, 1, 100),
	(13, 4, 2000, 1, 30),
	(14, 4, 2011, 1, 10),
	(15, 4, 2013, 1, 10),
	(16, 4, 2014, 1, 10),
	(17, 4, 2015, 1, 10),
	(18, 4, 2016, 1, 10),
	(19, 4, 2017, 1, 10),
	(20, 4, 2000, 2, 20),
	(21, 4, 2000, 3, 10),
	(22, 5, 1001, 10, 100),
	(23, 5, 1002, 5, 100),
	(24, 6, 1002, 10, 100),
	(25, 6, 1003, 5, 100),
	(26, 6, 1111, 1, 100),
	(27, 6, 1121, 1, 100),
	(28, 6, 1131, 1, 100),
	(29, 7, 1003, 10, 100),
	(30, 7, 1112, 1, 100),
	(31, 7, 1122, 1, 100),
	(32, 7, 1132, 1, 100),
	(33, 1000081, -2, 166250, 0),
	(34, 1000082, -2, 77188, 0),
	(35, 1000083, -2, 73625, 0),
	(36, 1000084, -2, 59375, 0),
	(37, 1000085, -2, 2375, 0),
	(38, 1000086, -2, 594, 0),
	(39, 1000087, -2, 594, 0),
	(40, 1000088, -2, 0, 0),
	(41, 1000071, -2, 154375, 0),
	(42, 1000072, -2, 73625, 0),
	(43, 1000073, -2, 71250, 0),
	(44, 1000074, -2, 14250, 0),
	(45, 1000075, -2, 13063, 0),
	(46, 1000076, -2, 5938, 0),
	(47, 1000077, -2, 0, 0),
	(48, 1000061, -2, 142693, 0),
	(49, 1000062, -2, 70189, 0),
	(50, 1000063, -2, 67618, 0),
	(51, 1000064, -2, 3214, 0),
	(52, 1000065, -2, 1286, 0),
	(53, 1000066, -2, 0, 0),
	(54, 1000051, -2, 130625, 0),
	(55, 1000052, -2, 66500, 0),
	(56, 1000053, -2, 22563, 0),
	(57, 1000054, -2, 17813, 0),
	(58, 1000055, -2, 0, 0),
	(59, 1000041, -2, 118750, 0),
	(60, 1000042, -2, 63333, 0),
	(61, 1000043, -2, 7917, 0),
	(62, 1000044, -2, 0, 0),
	(63, 1000031, -2, 106875, 0),
	(64, 1000032, -2, 35625, 0),
	(65, 1000033, -2, 0, 0),
	(66, 1000021, -2, 95000, 0),
	(67, 1000022, -2, 0, 0),
	(68, 1001001, -2, 5000000, 0),
	(69, 1001002, -2, 4000000, 0),
	(70, 1001003, -2, 3200000, 0),
	(71, 1001004, -2, 2400000, 0),
	(72, 1001005, -2, 2000000, 0),
	(73, 1001006, -2, 2000000, 0),
	(74, 1001007, -2, 1600000, 0),
	(75, 1001008, -2, 1600000, 0),
	(76, 1001009, -2, 800000, 0),
	(77, 1001010, -2, 800000, 0),
	(78, 1001011, -2, 400000, 0),
	(79, 1001012, -2, 400000, 0),
	(80, 1001013, -2, 400000, 0),
	(81, 1001014, -2, 400000, 0),
	(82, 1001015, -2, 400000, 0),
	(83, 1001016, -2, 400000, 0),
	(84, 1001017, -2, 400000, 0),
	(85, 1001018, -2, 400000, 0),
	(86, 1001019, -2, 400000, 0),
	(87, 1001020, -2, 400000, 0),
	(88, 1001021, -2, 400000, 0),
	(89, 1001022, -2, 400000, 0),
	(90, 1001023, -2, 400000, 0),
	(91, 1001024, -2, 400000, 0),
	(92, 1001025, -2, 400000, 0),
	(93, 1001026, -2, 200000, 0),
	(94, 1001027, -2, 200000, 0),
	(95, 1001028, -2, 200000, 0),
	(96, 1001029, -2, 200000, 0),
	(97, 1001030, -2, 200000, 0),
	(98, 1001031, -2, 200000, 0),
	(99, 1001032, -2, 200000, 0),
	(100, 1001033, -2, 200000, 0),
	(101, 1001034, -2, 200000, 0),
	(102, 1001035, -2, 200000, 0),
	(103, 1001036, -2, 200000, 0),
	(104, 1001037, -2, 200000, 0),
	(105, 1001038, -2, 200000, 0),
	(106, 1001039, -2, 200000, 0),
	(107, 1001040, -2, 200000, 0),
	(108, 1001041, -2, 200000, 0),
	(109, 1001042, -2, 200000, 0),
	(110, 1001043, -2, 200000, 0),
	(111, 1001044, -2, 200000, 0),
	(112, 1001045, -2, 200000, 0),
	(113, 1001046, -2, 200000, 0),
	(114, 1001047, -2, 200000, 0),
	(115, 1001048, -2, 200000, 0),
	(116, 1001049, -2, 200000, 0),
	(117, 1001050, -2, 200000, 0),
	(118, 1001051, -2, 200000, 0),
	(119, 1001052, -2, 200000, 0),
	(120, 1001053, -2, 200000, 0),
	(121, 1001054, -2, 200000, 0),
	(122, 1001055, -2, 200000, 0),
	(123, 1001056, -2, 200000, 0),
	(124, 1001057, -2, 200000, 0),
	(125, 1001058, -2, 200000, 0),
	(126, 1001059, -2, 200000, 0),
	(127, 1001060, -2, 200000, 0),
	(128, 1001061, -2, 200000, 0),
	(129, 1001062, -2, 200000, 0),
	(130, 1001063, -2, 200000, 0),
	(131, 1001064, -2, 200000, 0),
	(132, 1001065, -2, 200000, 0),
	(133, 1001066, -2, 200000, 0),
	(134, 1001067, -2, 200000, 0),
	(135, 1001068, -2, 200000, 0),
	(136, 1001069, -2, 200000, 0),
	(137, 1001070, -2, 200000, 0),
	(138, 1001071, -2, 200000, 0),
	(139, 1001072, -2, 200000, 0),
	(140, 1001073, -2, 200000, 0),
	(141, 1001074, -2, 200000, 0),
	(142, 1001075, -2, 200000, 0),
	(143, 1001076, -2, 100000, 0),
	(144, 1001077, -2, 100000, 0),
	(145, 1001078, -2, 100000, 0),
	(146, 1001079, -2, 100000, 0),
	(147, 1001080, -2, 100000, 0),
	(148, 1001081, -2, 100000, 0),
	(149, 1001082, -2, 100000, 0),
	(150, 1001083, -2, 100000, 0),
	(151, 1001084, -2, 100000, 0),
	(152, 1001085, -2, 100000, 0),
	(153, 1001086, -2, 100000, 0),
	(154, 1001087, -2, 100000, 0),
	(155, 1001088, -2, 100000, 0),
	(156, 1001089, -2, 100000, 0),
	(157, 1001090, -2, 100000, 0),
	(158, 1001091, -2, 100000, 0),
	(159, 1001092, -2, 100000, 0),
	(160, 1001093, -2, 100000, 0),
	(161, 1001094, -2, 100000, 0),
	(162, 1001095, -2, 100000, 0),
	(163, 1001096, -2, 100000, 0),
	(164, 1001097, -2, 100000, 0),
	(165, 1001098, -2, 100000, 0),
	(166, 1001099, -2, 100000, 0),
	(167, 1001100, -2, 100000, 0),
	(168, 11, 1001, 1, 6),
	(169, 11, 1002, 1, 3),
	(170, 11, 1003, 1, 1),
	(171, 12, 1111, 1, 1),
	(172, 12, 1121, 1, 1),
	(173, 12, 1131, 1, 1),
	(174, 13, 1112, 1, 1),
	(175, 13, 1122, 1, 1),
	(176, 13, 1132, 1, 1),
	(177, 14, 2000, 1, 80),
	(178, 14, 2011, 1, 10),
	(179, 14, 2014, 1, 20),
	(180, 14, 2017, 1, 10),
	(181, 14, 2016, 1, 10),
	(182, 14, 2015, 1, 10),
	(183, 14, 2002, 1, 10),
	(184, 15, 1003, 3, 10),
	(185, 15, 1111, 16, 10),
	(186, 15, 1112, 16, 10),
	(187, 15, 1121, 16, 10),
	(188, 15, 1122, 2, 10),
	(189, 15, 1131, 2, 10),
	(190, 15, 1132, 2, 10),
	(191, 15, -2, 2164, 10),
	(193, 17, 1003, 876, 10),
	(194, 17, 1111, 228, 10),
	(195, 17, 1112, 228, 10),
	(196, 17, 1121, 228, 10),
	(197, 17, 1122, 22, 10),
	(198, 17, 1131, 22, 10),
	(199, 17, 1132, 22, 10),
	(200, 17, -2, 30290, 10),
	(201, 18, 1003, 50, 10),
	(202, 19, 1111, 13, 10),
	(203, 19, 1121, 13, 10),
	(204, 19, 1131, 13, 10),
	(205, 20, 1112, 1, 10),
	(206, 20, 1122, 1, 10),
	(207, 20, 1132, 1, 10),
	(208, 21, 1003, 1, 10),
	(209, 16, -3, 300, 50),
	(210, 16, -3, 450, 30),
	(211, 16, -3, 600, 20),
	(212, 16, -3, 750, 15),
	(213, 16, 13, 900, 10);
/*!40000 ALTER TABLE `RewardContent` ENABLE KEYS */;

-- 傾印  資料表 koa_static.RewardInfo 結構
CREATE TABLE IF NOT EXISTS `RewardInfo` (
  `RewardID` int(11) NOT NULL COMMENT '獎勵編號',
  `Modes` tinyint(3) unsigned NOT NULL DEFAULT 0 COMMENT '獎勵模式',
  `Times` tinyint(3) unsigned NOT NULL DEFAULT 0 COMMENT '發放次數',
  `ContentGroupID` int(10) unsigned NOT NULL DEFAULT 0 COMMENT '獎勵內容群組',
  PRIMARY KEY (`RewardID`),
  KEY `ContentGroupID` (`ContentGroupID`)
) ENGINE=InnoDB DEFAULT CHARSET=utf8mb4 COMMENT='獎勵資訊';

-- 正在傾印表格  koa_static.RewardInfo 的資料：~145 rows (近似值)
/*!40000 ALTER TABLE `RewardInfo` DISABLE KEYS */;
INSERT INTO `RewardInfo` (`RewardID`, `Modes`, `Times`, `ContentGroupID`) VALUES
	(1, 3, 1, 1),
	(2, 3, 1, 2),
	(3, 2, 1, 1),
	(4, 2, 1, 2),
	(5, 3, 1, 4),
	(6, 5, 1, 3),
	(7, 2, 1, 3),
	(8, 2, 1, 5),
	(9, 2, 1, 6),
	(10, 2, 1, 7),
	(11, 3, 10, 11),
	(12, 3, 10, 12),
	(13, 3, 10, 13),
	(14, 3, 10, 14),
	(15, 1, 1, 15),
	(16, 3, 1, 16),
	(17, 1, 1, 17),
	(18, 1, 1, 18),
	(19, 1, 1, 19),
	(20, 1, 1, 20),
	(21, 1, 1, 21),
	(1000021, 1, 1, 1000021),
	(1000022, 1, 1, 1000022),
	(1000031, 1, 1, 1000031),
	(1000032, 1, 1, 1000032),
	(1000033, 1, 1, 1000033),
	(1000041, 1, 1, 1000041),
	(1000042, 1, 1, 1000042),
	(1000043, 1, 1, 1000043),
	(1000044, 1, 1, 1000044),
	(1000051, 1, 1, 1000051),
	(1000052, 1, 1, 1000052),
	(1000053, 1, 1, 1000053),
	(1000054, 1, 1, 1000054),
	(1000055, 1, 1, 1000055),
	(1000061, 1, 1, 1000061),
	(1000062, 1, 1, 1000062),
	(1000063, 1, 1, 1000063),
	(1000064, 1, 1, 1000064),
	(1000065, 1, 1, 1000065),
	(1000066, 1, 1, 1000066),
	(1000071, 1, 1, 1000071),
	(1000072, 1, 1, 1000072),
	(1000073, 1, 1, 1000073),
	(1000074, 1, 1, 1000074),
	(1000075, 1, 1, 1000075),
	(1000076, 1, 1, 1000076),
	(1000077, 1, 1, 1000077),
	(1000081, 1, 1, 1000081),
	(1000082, 1, 1, 1000082),
	(1000083, 1, 1, 1000083),
	(1000084, 1, 1, 1000084),
	(1000085, 1, 1, 1000085),
	(1000086, 1, 1, 1000086),
	(1000087, 1, 1, 1000087),
	(1000088, 1, 1, 1000088),
	(1001001, 1, 1, 1001001),
	(1001002, 1, 1, 1001002),
	(1001003, 1, 1, 1001003),
	(1001004, 1, 1, 1001004),
	(1001005, 1, 1, 1001005),
	(1001006, 1, 1, 1001006),
	(1001007, 1, 1, 1001007),
	(1001008, 1, 1, 1001008),
	(1001009, 1, 1, 1001009),
	(1001010, 1, 1, 1001010),
	(1001011, 1, 1, 1001011),
	(1001012, 1, 1, 1001012),
	(1001013, 1, 1, 1001013),
	(1001014, 1, 1, 1001014),
	(1001015, 1, 1, 1001015),
	(1001016, 1, 1, 1001016),
	(1001017, 1, 1, 1001017),
	(1001018, 1, 1, 1001018),
	(1001019, 1, 1, 1001019),
	(1001020, 1, 1, 1001020),
	(1001021, 1, 1, 1001021),
	(1001022, 1, 1, 1001022),
	(1001023, 1, 1, 1001023),
	(1001024, 1, 1, 1001024),
	(1001025, 1, 1, 1001025),
	(1001026, 1, 1, 1001026),
	(1001027, 1, 1, 1001027),
	(1001028, 1, 1, 1001028),
	(1001029, 1, 1, 1001029),
	(1001030, 1, 1, 1001030),
	(1001031, 1, 1, 1001031),
	(1001032, 1, 1, 1001032),
	(1001033, 1, 1, 1001033),
	(1001034, 1, 1, 1001034),
	(1001035, 1, 1, 1001035),
	(1001036, 1, 1, 1001036),
	(1001037, 1, 1, 1001037),
	(1001038, 1, 1, 1001038),
	(1001039, 1, 1, 1001039),
	(1001040, 1, 1, 1001040),
	(1001041, 1, 1, 1001041),
	(1001042, 1, 1, 1001042),
	(1001043, 1, 1, 1001043),
	(1001044, 1, 1, 1001044),
	(1001045, 1, 1, 1001045),
	(1001046, 1, 1, 1001046),
	(1001047, 1, 1, 1001047),
	(1001048, 1, 1, 1001048),
	(1001049, 1, 1, 1001049),
	(1001050, 1, 1, 1001050),
	(1001051, 1, 1, 1001051),
	(1001052, 1, 1, 1001052),
	(1001053, 1, 1, 1001053),
	(1001054, 1, 1, 1001054),
	(1001055, 1, 1, 1001055),
	(1001056, 1, 1, 1001056),
	(1001057, 1, 1, 1001057),
	(1001058, 1, 1, 1001058),
	(1001059, 1, 1, 1001059),
	(1001060, 1, 1, 1001060),
	(1001061, 1, 1, 1001061),
	(1001062, 1, 1, 1001062),
	(1001063, 1, 1, 1001063),
	(1001064, 1, 1, 1001064),
	(1001065, 1, 1, 1001065),
	(1001066, 1, 1, 1001066),
	(1001067, 1, 1, 1001067),
	(1001068, 1, 1, 1001068),
	(1001069, 1, 1, 1001069),
	(1001070, 1, 1, 1001070),
	(1001071, 1, 1, 1001071),
	(1001072, 1, 1, 1001072),
	(1001073, 1, 1, 1001073),
	(1001074, 1, 1, 1001074),
	(1001075, 1, 1, 1001075),
	(1001076, 1, 1, 1001076),
	(1001077, 1, 1, 1001077),
	(1001078, 1, 1, 1001078),
	(1001079, 1, 1, 1001079),
	(1001080, 1, 1, 1001080),
	(1001081, 1, 1, 1001081),
	(1001082, 1, 1, 1001082),
	(1001083, 1, 1, 1001083),
	(1001084, 1, 1, 1001084),
	(1001085, 1, 1, 1001085),
	(1001086, 1, 1, 1001086),
	(1001087, 1, 1, 1001087),
	(1001088, 1, 1, 1001088),
	(1001089, 1, 1, 1001089),
	(1001090, 1, 1, 1001090),
	(1001091, 1, 1, 1001091),
	(1001092, 1, 1, 1001092),
	(1001093, 1, 1, 1001093),
	(1001094, 1, 1, 1001094),
	(1001095, 1, 1, 1001095),
	(1001096, 1, 1, 1001096),
	(1001097, 1, 1, 1001097),
	(1001098, 1, 1, 1001098),
	(1001099, 1, 1, 1001099),
	(1001100, 1, 1, 1001100),
	(2000011, 1, 1, 2000011),
	(2000021, 1, 1, 2000021),
	(2000022, 1, 1, 2000022),
	(2000031, 1, 1, 2000031),
	(2000032, 1, 1, 2000032),
	(2000041, 1, 1, 200041),
	(2000042, 1, 1, 2000042),
	(2000043, 1, 1, 2000043),
	(2000044, 1, 1, 2000044),
	(2000051, 1, 1, 2000061),
	(2000052, 1, 1, 2000052),
	(2000053, 1, 1, 2000053),
	(2000054, 1, 1, 2000054),
	(2000055, 1, 1, 2000055),
	(2000061, 1, 1, 2000061),
	(2000062, 1, 1, 2000062),
	(2000063, 1, 1, 2000063),
	(2000064, 1, 1, 2000064),
	(2000065, 1, 1, 2000065),
	(2000066, 1, 1, 2000066),
	(2000071, 1, 1, 2000071),
	(2000072, 1, 1, 2000072),
	(2000073, 1, 1, 2000073),
	(2000074, 1, 1, 2000074),
	(2000075, 1, 1, 2000075),
	(2000076, 1, 1, 2000076),
	(2000077, 1, 1, 2000077),
	(2000081, 1, 1, 2000081),
	(2000082, 1, 1, 2000082),
	(2000083, 1, 1, 2000083),
	(2000084, 1, 1, 2000084),
	(2000085, 1, 1, 2000085),
	(2000086, 1, 1, 2000086),
	(2000087, 1, 1, 2000087),
	(2000088, 1, 1, 2000088);
/*!40000 ALTER TABLE `RewardInfo` ENABLE KEYS */;

-- 傾印  資料表 koa_static.SceneClimate 結構
CREATE TABLE IF NOT EXISTS `SceneClimate` (
  `SceneClimateID` int(10) unsigned NOT NULL AUTO_INCREMENT,
  `SceneID` int(10) unsigned NOT NULL DEFAULT 0,
  `Weather` tinyint(3) unsigned NOT NULL DEFAULT 0 COMMENT '天氣',
  `WindDirection` tinyint(3) unsigned NOT NULL DEFAULT 0 COMMENT '風向',
  `WindSpeed` tinyint(3) unsigned NOT NULL DEFAULT 0 COMMENT '風速',
  `StartTime` mediumint(8) unsigned NOT NULL DEFAULT 0 COMMENT '起始時間（當日秒數）',
  `Lighting` tinyint(3) unsigned NOT NULL DEFAULT 0 COMMENT '明暗（日照與背光）',
  PRIMARY KEY (`SceneClimateID`),
  KEY `SceneID` (`SceneID`),
  KEY `StartTime` (`StartTime`)
) ENGINE=InnoDB DEFAULT CHARSET=utf8mb4 COMMENT='場景氣候';

-- 正在傾印表格  koa_static.SceneClimate 的資料：~168 rows (近似值)
/*!40000 ALTER TABLE `SceneClimate` DISABLE KEYS */;
INSERT INTO `SceneClimate` (`SceneClimateID`, `SceneID`, `Weather`, `WindDirection`, `WindSpeed`, `StartTime`, `Lighting`) VALUES
	(1, 1002, 2, 1, 25, 0, 2),
	(2, 1002, 1, 1, 25, 3600, 2),
	(3, 1002, 1, 1, 25, 7200, 1),
	(4, 1002, 1, 1, 25, 10800, 1),
	(5, 1002, 3, 1, 25, 14400, 1),
	(6, 1002, 3, 1, 25, 18000, 1),
	(7, 1002, 3, 2, 25, 21600, 1),
	(8, 1002, 3, 2, 25, 25200, 1),
	(9, 1002, 3, 2, 25, 28800, 1),
	(10, 1002, 3, 2, 25, 32400, 1),
	(11, 1002, 1, 2, 25, 36000, 1),
	(12, 1002, 1, 2, 25, 39600, 1),
	(13, 1002, 1, 2, 25, 43200, 1),
	(14, 1002, 2, 3, 25, 46800, 1),
	(15, 1002, 2, 3, 25, 50400, 2),
	(16, 1002, 2, 3, 25, 54000, 2),
	(17, 1002, 3, 3, 25, 57600, 2),
	(18, 1002, 3, 3, 25, 61200, 2),
	(19, 1002, 3, 3, 25, 64800, 2),
	(20, 1002, 3, 4, 25, 68400, 2),
	(21, 1002, 3, 4, 25, 72000, 2),
	(22, 1002, 3, 4, 25, 75600, 2),
	(23, 1002, 2, 4, 25, 79200, 2),
	(24, 1002, 2, 4, 25, 82800, 2),
	(25, 1001, 1, 1, 25, 0, 1),
	(26, 1001, 2, 2, 25, 600, 2),
	(27, 1001, 3, 3, 25, 1200, 1),
	(28, 1001, 1, 4, 25, 1800, 2),
	(29, 1001, 2, 1, 25, 2400, 1),
	(30, 1001, 3, 2, 25, 3000, 2),
	(31, 1001, 1, 3, 25, 3600, 1),
	(32, 1001, 2, 4, 25, 4200, 2),
	(33, 1001, 3, 1, 25, 4800, 1),
	(34, 1001, 1, 2, 25, 5400, 2),
	(35, 1001, 2, 3, 25, 6000, 1),
	(36, 1001, 3, 4, 25, 6600, 2),
	(37, 1001, 1, 1, 25, 7200, 1),
	(38, 1001, 2, 2, 25, 7800, 2),
	(39, 1001, 3, 3, 25, 8400, 1),
	(40, 1001, 1, 4, 25, 9000, 2),
	(41, 1001, 2, 1, 25, 9600, 1),
	(42, 1001, 3, 2, 25, 10200, 2),
	(43, 1001, 1, 3, 25, 10800, 1),
	(44, 1001, 2, 4, 25, 11400, 2),
	(45, 1001, 3, 1, 25, 12000, 1),
	(46, 1001, 1, 2, 25, 12600, 2),
	(47, 1001, 2, 3, 25, 13200, 1),
	(48, 1001, 3, 4, 25, 13800, 2),
	(49, 1001, 1, 1, 25, 14400, 1),
	(50, 1001, 2, 2, 25, 15000, 2),
	(51, 1001, 3, 3, 25, 15600, 1),
	(52, 1001, 1, 4, 25, 16200, 2),
	(53, 1001, 2, 1, 25, 16800, 1),
	(54, 1001, 3, 2, 25, 17400, 2),
	(55, 1001, 1, 3, 25, 18000, 1),
	(56, 1001, 2, 4, 25, 18600, 2),
	(57, 1001, 3, 1, 25, 19200, 1),
	(58, 1001, 1, 2, 25, 19800, 2),
	(59, 1001, 2, 3, 25, 20400, 1),
	(60, 1001, 3, 4, 25, 21000, 2),
	(61, 1001, 1, 1, 25, 21600, 1),
	(62, 1001, 2, 2, 25, 22200, 2),
	(63, 1001, 3, 3, 25, 22800, 1),
	(64, 1001, 1, 4, 25, 23400, 2),
	(65, 1001, 2, 1, 25, 24000, 1),
	(66, 1001, 3, 2, 25, 24600, 2),
	(67, 1001, 1, 3, 25, 25200, 1),
	(68, 1001, 2, 4, 25, 25800, 2),
	(69, 1001, 3, 1, 25, 26400, 1),
	(70, 1001, 1, 2, 25, 27000, 2),
	(71, 1001, 2, 3, 25, 27600, 1),
	(72, 1001, 3, 4, 25, 28200, 2),
	(73, 1001, 1, 1, 25, 28800, 1),
	(74, 1001, 2, 2, 25, 29400, 2),
	(75, 1001, 3, 3, 25, 30000, 1),
	(76, 1001, 1, 4, 25, 30600, 2),
	(77, 1001, 2, 1, 25, 31200, 1),
	(78, 1001, 3, 2, 25, 31800, 2),
	(79, 1001, 1, 3, 25, 32400, 1),
	(80, 1001, 2, 4, 25, 33000, 2),
	(81, 1001, 3, 1, 25, 33600, 1),
	(82, 1001, 1, 2, 25, 34200, 2),
	(83, 1001, 2, 3, 25, 34800, 1),
	(84, 1001, 3, 4, 25, 35400, 2),
	(85, 1001, 1, 1, 25, 36000, 1),
	(86, 1001, 2, 2, 25, 36600, 2),
	(87, 1001, 3, 3, 25, 37200, 1),
	(88, 1001, 1, 4, 25, 37800, 2),
	(89, 1001, 2, 1, 25, 38400, 1),
	(90, 1001, 3, 2, 25, 39000, 2),
	(91, 1001, 1, 3, 25, 39600, 1),
	(92, 1001, 2, 4, 25, 40200, 2),
	(93, 1001, 3, 1, 25, 40800, 1),
	(94, 1001, 1, 2, 25, 41400, 2),
	(95, 1001, 2, 3, 25, 42000, 1),
	(96, 1001, 3, 4, 25, 42600, 2),
	(97, 1001, 1, 1, 25, 43200, 1),
	(98, 1001, 2, 2, 25, 43800, 2),
	(99, 1001, 3, 3, 25, 44400, 1),
	(100, 1001, 1, 4, 25, 45000, 2),
	(101, 1001, 2, 1, 25, 45600, 1),
	(102, 1001, 3, 2, 25, 46200, 2),
	(103, 1001, 1, 3, 25, 46800, 1),
	(104, 1001, 2, 4, 25, 47400, 2),
	(105, 1001, 3, 1, 25, 48000, 1),
	(106, 1001, 1, 2, 25, 48600, 2),
	(107, 1001, 2, 3, 25, 49200, 1),
	(108, 1001, 3, 4, 25, 49800, 2),
	(109, 1001, 1, 1, 25, 50400, 1),
	(110, 1001, 2, 2, 25, 51000, 2),
	(111, 1001, 3, 3, 25, 51600, 1),
	(112, 1001, 1, 4, 25, 52200, 2),
	(113, 1001, 2, 1, 25, 52800, 1),
	(114, 1001, 3, 2, 25, 53400, 2),
	(115, 1001, 1, 3, 25, 54000, 1),
	(116, 1001, 2, 4, 25, 54600, 2),
	(117, 1001, 3, 1, 25, 55200, 1),
	(118, 1001, 1, 2, 25, 55800, 2),
	(119, 1001, 2, 3, 25, 56400, 1),
	(120, 1001, 3, 4, 25, 57000, 2),
	(121, 1001, 1, 1, 25, 57600, 1),
	(122, 1001, 2, 2, 25, 58200, 2),
	(123, 1001, 3, 3, 25, 58800, 1),
	(124, 1001, 1, 4, 25, 59400, 2),
	(125, 1001, 2, 1, 25, 60000, 1),
	(126, 1001, 3, 2, 25, 60600, 2),
	(127, 1001, 1, 3, 25, 61200, 1),
	(128, 1001, 2, 4, 25, 61800, 2),
	(129, 1001, 3, 1, 25, 62400, 1),
	(130, 1001, 1, 2, 25, 63000, 2),
	(131, 1001, 2, 3, 25, 63600, 1),
	(132, 1001, 3, 4, 25, 64200, 2),
	(133, 1001, 1, 1, 25, 64800, 1),
	(134, 1001, 2, 2, 25, 65400, 2),
	(135, 1001, 3, 3, 25, 66000, 1),
	(136, 1001, 1, 4, 25, 66600, 2),
	(137, 1001, 2, 1, 25, 67200, 1),
	(138, 1001, 3, 2, 25, 67800, 2),
	(139, 1001, 1, 3, 25, 68400, 1),
	(140, 1001, 2, 4, 25, 69000, 2),
	(141, 1001, 3, 1, 25, 69600, 1),
	(142, 1001, 1, 2, 25, 70200, 2),
	(143, 1001, 2, 3, 25, 70800, 1),
	(144, 1001, 3, 4, 25, 71400, 2),
	(145, 1001, 1, 1, 25, 72000, 1),
	(146, 1001, 2, 2, 25, 72600, 2),
	(147, 1001, 3, 3, 25, 73200, 1),
	(148, 1001, 1, 4, 25, 73800, 2),
	(149, 1001, 2, 1, 25, 74400, 1),
	(150, 1001, 3, 2, 25, 75000, 2),
	(151, 1001, 1, 3, 25, 75600, 1),
	(152, 1001, 2, 4, 25, 76200, 2),
	(153, 1001, 3, 1, 25, 76800, 1),
	(154, 1001, 1, 2, 25, 77400, 2),
	(155, 1001, 2, 3, 25, 78000, 1),
	(156, 1001, 3, 4, 25, 78600, 2),
	(157, 1001, 1, 1, 25, 79200, 1),
	(158, 1001, 2, 2, 25, 79800, 2),
	(159, 1001, 3, 3, 25, 80400, 1),
	(160, 1001, 1, 4, 25, 81000, 2),
	(161, 1001, 2, 1, 25, 81600, 1),
	(162, 1001, 3, 2, 25, 82200, 2),
	(163, 1001, 1, 3, 25, 82800, 1),
	(164, 1001, 2, 4, 25, 83400, 2),
	(165, 1001, 3, 1, 25, 84000, 1),
	(166, 1001, 1, 2, 25, 84600, 2),
	(167, 1001, 2, 3, 25, 85200, 1),
	(168, 1001, 3, 4, 25, 85800, 2),
	(169, 4000, 1, 1, 25, 32400, 1);
/*!40000 ALTER TABLE `SceneClimate` ENABLE KEYS */;

-- 傾印  資料表 koa_static.SceneInfo 結構
CREATE TABLE IF NOT EXISTS `SceneInfo` (
  `SceneID` int(10) unsigned NOT NULL AUTO_INCREMENT,
  `SceneName` varchar(50) NOT NULL DEFAULT '' COMMENT '場景代號（名稱）',
  `SceneEnv` tinyint(3) unsigned NOT NULL DEFAULT 0 COMMENT '場景環境',
  PRIMARY KEY (`SceneID`)
) ENGINE=InnoDB DEFAULT CHARSET=utf8mb4 COMMENT='場景主要資訊';

-- 正在傾印表格  koa_static.SceneInfo 的資料：~24 rows (近似值)
/*!40000 ALTER TABLE `SceneInfo` DISABLE KEYS */;
INSERT INTO `SceneInfo` (`SceneID`, `SceneName`, `SceneEnv`) VALUES
	(1001, '9001', 1),
	(1002, '9003', 1),
	(1003, '9004', 1),
	(1004, '9005', 1),
	(1005, '9006', 1),
	(1006, '9007', 1),
	(1007, '9008', 1),
	(1008, '9009', 1),
	(2001, '9010', 2),
	(2002, '9011', 2),
	(2003, '9012', 2),
	(2004, '9013', 2),
	(2005, '9014', 2),
	(2006, '9015', 2),
	(2007, '9016', 2),
	(2008, '9017', 2),
	(3001, '9018', 3),
	(3002, '9019', 3),
	(3003, '9020', 3),
	(3004, '9021', 3),
	(3005, '9022', 3),
	(3006, '9023', 3),
	(3007, '9024', 3),
	(3008, '9025', 3),
	(4000, '9001', 1);
/*!40000 ALTER TABLE `SceneInfo` ENABLE KEYS */;

-- 傾印  資料表 koa_static.SeasonRankingReward 結構
CREATE TABLE IF NOT EXISTS `SeasonRankingReward` (
  `Serial` int(10) unsigned NOT NULL AUTO_INCREMENT,
  `Ranking` smallint(6) NOT NULL DEFAULT 0 COMMENT '排名',
  `CoinReward` int(11) NOT NULL DEFAULT 0 COMMENT '金幣賽獎勵編號',
  `PetaTokenReward` int(11) NOT NULL DEFAULT 0 COMMENT 'PT賽獎勵編號',
  `CoinRewardB` int(11) NOT NULL DEFAULT 0 COMMENT '金幣賽B獎勵編號',
  `PetaTokenRewardB` int(11) NOT NULL DEFAULT 0 COMMENT 'PT賽B獎勵編號',
  PRIMARY KEY (`Serial`),
  UNIQUE KEY `Ranking` (`Ranking`)
) ENGINE=InnoDB DEFAULT CHARSET=utf8mb4 COMMENT='賽季排名獎勵';

-- 正在傾印表格  koa_static.SeasonRankingReward 的資料：~100 rows (近似值)
/*!40000 ALTER TABLE `SeasonRankingReward` DISABLE KEYS */;
INSERT INTO `SeasonRankingReward` (`Serial`, `Ranking`, `CoinReward`, `PetaTokenReward`, `CoinRewardB`, `PetaTokenRewardB`) VALUES
	(1, 1, 2000401, 2000501, 2000601, 2000701),
	(2, 2, 2000402, 2000502, 2000602, 2000702),
	(3, 3, 2000403, 2000503, 2000603, 2000703),
	(4, 4, 2000404, 2000504, 2000604, 2000704),
	(5, 5, 2000405, 2000505, 2000605, 2000705),
	(6, 6, 2000406, 2000506, 2000606, 2000706),
	(7, 7, 2000407, 2000507, 2000607, 2000707),
	(8, 8, 2000408, 2000508, 2000608, 2000708),
	(9, 9, 2000409, 2000509, 2000609, 2000709),
	(10, 10, 2000410, 2000510, 2000610, 2000710),
	(11, 11, 2000411, 2000511, 2000611, 2000711),
	(12, 12, 2000412, 2000512, 2000612, 2000712),
	(13, 13, 2000413, 2000513, 2000613, 2000713),
	(14, 14, 2000414, 2000514, 2000614, 2000714),
	(15, 15, 2000415, 2000515, 2000615, 2000715),
	(16, 16, 2000416, 2000516, 2000616, 2000716),
	(17, 17, 2000417, 2000517, 2000617, 2000717),
	(18, 18, 2000418, 2000518, 2000618, 2000718),
	(19, 19, 2000419, 2000519, 2000619, 2000719),
	(20, 20, 2000420, 2000520, 2000620, 2000720),
	(21, 21, 2000421, 2000521, 2000621, 2000721),
	(22, 22, 2000422, 2000522, 2000622, 2000722),
	(23, 23, 2000423, 2000523, 2000623, 2000723),
	(24, 24, 2000424, 2000524, 2000624, 2000724),
	(25, 25, 2000425, 2000525, 2000625, 2000725),
	(26, 26, 2000426, 2000526, 2000626, 2000726),
	(27, 27, 2000427, 2000527, 2000627, 2000727),
	(28, 28, 2000428, 2000528, 2000628, 2000728),
	(29, 29, 2000429, 2000529, 2000629, 2000729),
	(30, 30, 2000430, 2000530, 2000630, 2000730),
	(31, 31, 2000431, 2000531, 2000631, 2000731),
	(32, 32, 2000432, 2000532, 2000632, 2000732),
	(33, 33, 2000433, 2000533, 2000633, 2000733),
	(34, 34, 2000434, 2000534, 2000634, 2000734),
	(35, 35, 2000435, 2000535, 2000635, 2000735),
	(36, 36, 2000436, 2000536, 2000636, 2000736),
	(37, 37, 2000437, 2000537, 2000637, 2000737),
	(38, 38, 2000438, 2000538, 2000638, 2000738),
	(39, 39, 2000439, 2000539, 2000639, 2000739),
	(40, 40, 2000440, 2000540, 2000640, 2000740),
	(41, 41, 2000441, 2000541, 2000641, 2000741),
	(42, 42, 2000442, 2000542, 2000642, 2000742),
	(43, 43, 2000443, 2000543, 2000643, 2000743),
	(44, 44, 2000444, 2000544, 2000644, 2000744),
	(45, 45, 2000445, 2000545, 2000645, 2000745),
	(46, 46, 2000446, 2000546, 2000646, 2000746),
	(47, 47, 2000447, 2000547, 2000647, 2000747),
	(48, 48, 2000448, 2000548, 2000648, 2000748),
	(49, 49, 2000449, 2000549, 2000649, 2000749),
	(50, 50, 2000450, 2000550, 2000650, 2000750);
/*!40000 ALTER TABLE `SeasonRankingReward` ENABLE KEYS */;

-- 傾印  資料表 koa_static.SeasonRankingRewardNew 結構
CREATE TABLE IF NOT EXISTS `SeasonRankingRewardNew` (
  `Serial` int(11) NOT NULL AUTO_INCREMENT COMMENT '流水號',
  `SeasonID` int(11) NOT NULL DEFAULT 0 COMMENT '賽季ID',
  `SeasonName` varchar(50) NOT NULL DEFAULT '0' COMMENT '賽季名稱',
  `Rank` smallint(6) NOT NULL DEFAULT 0 COMMENT '排名',
  `RewarID` int(11) NOT NULL DEFAULT 0 COMMENT '獎勵編號',
  PRIMARY KEY (`Serial`),
  UNIQUE KEY `SeasonID_Rank` (`SeasonID`,`Rank`)
) ENGINE=InnoDB DEFAULT CHARSET=utf8mb4 COMMENT='新版賽季獎勵表。';

-- 傾印  資料表 koa_static.SingleRankingReward 結構
CREATE TABLE IF NOT EXISTS `SingleRankingReward` (
  `Serial` int(10) unsigned NOT NULL AUTO_INCREMENT,
  `PlayerNumber` tinyint(4) NOT NULL DEFAULT 0 COMMENT '參賽人數',
  `Ranking` tinyint(4) NOT NULL DEFAULT 0 COMMENT '排名',
  `CoinReward` int(11) NOT NULL DEFAULT 0 COMMENT '金幣賽獎勵編號',
  `PetaTokenReward` int(11) NOT NULL DEFAULT 0 COMMENT 'PT賽獎勵編號',
  `CoinRewardB` int(11) NOT NULL DEFAULT 0 COMMENT '金幣賽B獎勵編號',
  `PetaTokenRewardB` int(11) NOT NULL DEFAULT 0 COMMENT 'PT賽B獎勵編號',
  PRIMARY KEY (`Serial`),
  UNIQUE KEY `PlayerNumber_Ranking` (`PlayerNumber`,`Ranking`)
) ENGINE=InnoDB DEFAULT CHARSET=utf8mb4 COMMENT='單局排名獎勵';

-- 正在傾印表格  koa_static.SingleRankingReward 的資料：~36 rows (近似值)
/*!40000 ALTER TABLE `SingleRankingReward` DISABLE KEYS */;
INSERT INTO `SingleRankingReward` (`Serial`, `PlayerNumber`, `Ranking`, `CoinReward`, `PetaTokenReward`, `CoinRewardB`, `PetaTokenRewardB`) VALUES
	(1, 8, 1, 1000081, 1000081, 1000081, 1000081),
	(2, 8, 2, 1000082, 1000082, 1000082, 1000082),
	(3, 8, 3, 1000083, 1000083, 1000083, 1000083),
	(4, 8, 4, 1000084, 1000084, 1000084, 1000084),
	(5, 8, 5, 1000085, 1000085, 1000085, 1000085),
	(6, 8, 6, 1000086, 1000086, 1000086, 1000086),
	(7, 8, 7, 1000087, 1000087, 1000087, 1000087),
	(8, 8, 8, 1000088, 1000088, 1000088, 1000088),
	(9, 7, 1, 1000071, 1000071, 1000071, 1000071),
	(10, 7, 2, 1000072, 1000072, 1000072, 1000072),
	(11, 7, 3, 1000073, 1000073, 1000073, 1000073),
	(12, 7, 4, 1000074, 1000074, 1000074, 1000074),
	(13, 7, 5, 1000075, 1000075, 1000075, 1000075),
	(14, 7, 6, 1000076, 1000076, 1000076, 1000076),
	(15, 7, 7, 1000077, 1000077, 1000077, 1000077),
	(16, 6, 1, 1000061, 1000061, 1000061, 1000061),
	(17, 6, 2, 1000062, 1000062, 1000062, 1000062),
	(18, 6, 3, 1000063, 1000063, 1000063, 1000063),
	(19, 6, 4, 1000064, 1000064, 1000064, 1000064),
	(20, 6, 5, 1000065, 1000065, 1000065, 1000065),
	(21, 6, 6, 1000066, 1000066, 1000066, 1000066),
	(22, 5, 1, 1000051, 1000051, 1000051, 1000051),
	(23, 5, 2, 1000052, 1000052, 1000052, 1000052),
	(24, 5, 3, 1000053, 1000053, 1000053, 1000053),
	(25, 5, 4, 1000054, 1000054, 1000054, 1000054),
	(26, 5, 5, 1000055, 1000055, 1000055, 1000055),
	(27, 4, 1, 1000041, 1000041, 1000041, 1000041),
	(28, 4, 2, 1000042, 1000042, 1000042, 1000042),
	(29, 4, 3, 1000043, 1000043, 1000043, 1000043),
	(30, 4, 4, 1000044, 1000044, 1000044, 1000044),
	(31, 3, 1, 1000031, 1000031, 1000031, 1000031),
	(32, 3, 2, 1000032, 1000032, 1000032, 1000032),
	(33, 3, 3, 1000033, 1000033, 1000033, 1000033),
	(34, 2, 1, 1000021, 1000021, 1000021, 1000021),
	(35, 2, 2, 1000022, 1000022, 1000022, 1000022),
	(36, 1, 1, 1000011, 1000011, 1000011, 1000011);
/*!40000 ALTER TABLE `SingleRankingReward` ENABLE KEYS */;

-- 傾印  資料表 koa_static.SkillAffixAlias 結構
CREATE TABLE IF NOT EXISTS `SkillAffixAlias` (
  `SkillAffixID` int(11) unsigned NOT NULL,
  `Level1` varchar(50) DEFAULT NULL COMMENT 'Level1 AliasCode',
  `Level2` varchar(50) DEFAULT NULL COMMENT 'Level2 AliasCode',
  `Level3` varchar(50) DEFAULT NULL COMMENT 'Level3 AliasCode',
  `Level4` varchar(50) DEFAULT NULL COMMENT 'Level4 AliasCode',
  `Level5` varchar(50) DEFAULT NULL COMMENT 'Level5 AliasCode',
  `Level6` varchar(50) DEFAULT NULL COMMENT 'Level6 AliasCode',
  PRIMARY KEY (`SkillAffixID`)
) ENGINE=InnoDB DEFAULT CHARSET=utf8mb4 COMMENT='詞綴技能識別碼';

-- 正在傾印表格  koa_static.SkillAffixAlias 的資料：~13 rows (近似值)
/*!40000 ALTER TABLE `SkillAffixAlias` DISABLE KEYS */;
INSERT INTO `SkillAffixAlias` (`SkillAffixID`, `Level1`, `Level2`, `Level3`, `Level4`, `Level5`, `Level6`) VALUES
	(1, NULL, 'Aimee_2', 'Aimee_3', 'Aimee_4', 'Aimee_5', 'Aimee_6'),
	(2, NULL, 'Ceto_2', 'Ceto_3', 'Ceto_4', 'Ceto_5', 'Ceto_6'),
	(3, NULL, 'Prudence_2', 'Prudence_3', 'Prudence_4', 'Prudence_5', 'Prudence_6'),
	(4, NULL, 'Olé_2', 'Olé_3', 'Olé_4', 'Olé_5', 'Olé_6'),
	(5, NULL, 'Oz_2', 'Oz_3', 'Oz_4', 'Oz_5', 'Oz_6'),
	(6, NULL, 'Al_2', 'Al_3', 'Al_4', 'Al_5', 'Al_6'),
	(7, NULL, 'Gottloh_2', 'Gottloh_3', 'Gottloh_4', 'Gottloh_5', 'Gottloh_6'),
	(8, NULL, 'Milhail_2', 'Milhail_3', 'Milhail_4', 'Milhail_5', 'Milhail_6'),
	(9, NULL, 'Aixe_2', 'Aixe_3', 'Aixe_4', 'Aixe_5', 'Aixe_6'),
	(10, NULL, 'Oliver_2', 'Oliver_3', 'Oliver_4', 'Oliver_5', 'Oliver_6'),
	(11, NULL, 'Morot_2', 'Morot_3', 'Morot_4', 'Morot_5', 'Morot_6'),
	(12, NULL, 'Arty_2', 'Arty_3', 'Arty_4', 'Arty_5', 'Arty_6'),
	(13, NULL, 'Gold_6', 'Gold_6', 'Gold_6', 'Gold_6', 'Gold_6');
/*!40000 ALTER TABLE `SkillAffixAlias` ENABLE KEYS */;

-- 傾印  資料表 koa_static.SkillEffect 結構
CREATE TABLE IF NOT EXISTS `SkillEffect` (
  `SkillEffectID` int(10) unsigned NOT NULL AUTO_INCREMENT,
  `EffectName` varchar(50) DEFAULT NULL COMMENT '效果名稱或標籤',
  `EffectType` smallint(6) NOT NULL DEFAULT 0 COMMENT '效果類型',
  `Formula` text DEFAULT NULL COMMENT '公式',
  PRIMARY KEY (`SkillEffectID`)
) ENGINE=InnoDB DEFAULT CHARSET=utf8mb4 COMMENT='技能效果表';

-- 正在傾印表格  koa_static.SkillEffect 的資料：~53 rows (近似值)
/*!40000 ALTER TABLE `SkillEffect` DISABLE KEYS */;
INSERT INTO `SkillEffect` (`SkillEffectID`, `EffectName`, `EffectType`, `Formula`) VALUES
	(10101, 'int_up_01', 101, '-H*N%*2'),
	(10102, 'int_up_02', 101, '-H*N%*2'),
	(10103, 'int_up_03', 101, '-H*N%*2'),
	(10104, 'int_up_04', 101, '-H*N%*2'),
	(10105, 'int_up_05', 101, '-H*N%*2'),
	(10106, 'int_up_06', 101, '-H*N%*2'),
	(10201, 'Sta_up_01', 102, 'S*N%'),
	(10202, 'Sta_up_02', 102, 'S*N%'),
	(10203, 'Sta_up_03', 102, 'S*N%'),
	(10204, 'Sta_up_04', 102, 'S*N%'),
	(10205, 'Sta_up_05', 102, 'S*N%'),
	(10206, 'Sta_up_06', 102, 'S*N%'),
	(20100, 'Spd_up_00', 111, 'SPD*N%'),
	(20101, 'Spd_up_01', 111, 'SPD*N%'),
	(20102, 'Spd_up_02', 111, 'SPD*N%'),
	(20103, 'Spd_up_03', 111, 'SPD*N%'),
	(20104, 'Spd_up_04', 111, 'SPD*N%'),
	(20105, 'Spd_up_05', 111, 'SPD*N%'),
	(20106, 'Spd_up_06', 111, 'SPD*N%'),
	(20200, 'Pow_up_00', 112, 'POW*N%'),
	(20201, 'Pow_up_01', 112, 'POW*N%'),
	(20202, 'Pow_up_02', 112, 'POW*N%'),
	(20203, 'Pow_up_03', 112, 'POW*N%'),
	(20204, 'Pow_up_04', 112, 'POW*N%'),
	(20205, 'Pow_up_05', 112, 'POW*N%'),
	(20206, 'Pow_up_06', 112, 'POW*N%'),
	(20300, 'Fig_up_00', 113, 'FIG*N%'),
	(20301, 'Fig_up_01', 113, 'FIG*N%'),
	(20302, 'Fig_up_02', 113, 'FIG*N%'),
	(20303, 'Fig_up_03', 113, 'FIG*N%'),
	(20304, 'Fig_up_04', 113, 'FIG*N%'),
	(20305, 'Fig_up_05', 113, 'FIG*N%'),
	(20306, 'Fig_up_06', 113, 'FIG*N%'),
	(20400, 'int_up_00', 114, 'INT*N%'),
	(20401, 'int_up_01', 114, 'INT*N%'),
	(20402, 'int_up_02', 114, 'INT*N%'),
	(20403, 'int_up_03', 114, 'INT*N%'),
	(20404, 'int_up_04', 114, 'INT*N%'),
	(20405, 'int_up_05', 114, 'INT*N%'),
	(20406, 'int_up_06', 114, 'INT*N%'),
	(20500, 'Sta_up_00', 115, 'STA*N%'),
	(20501, 'Sta_up_01', 115, 'STA*N%'),
	(20502, 'Sta_up_02', 115, 'STA*N%'),
	(20503, 'Sta_up_03', 115, 'STA*N%'),
	(20504, 'Sta_up_04', 115, 'STA*N%'),
	(20505, 'Sta_up_05', 115, 'STA*N%'),
	(20506, 'Sta_up_06', 115, 'STA*N%'),
	(30101, 'HP_add_01', 201, 'STA*N%*0.9'),
	(30102, 'HP_add_02', 201, 'STA*N%*0.9'),
	(30103, 'HP_add_03', 201, 'STA*N%*0.9'),
	(30104, 'HP_add_04', 201, 'STA*N%*0.9'),
	(30105, 'HP_add_05', 201, 'STA*N%*0.9'),
	(30106, 'HP_add_06', 201, 'STA*N%*0.9');
/*!40000 ALTER TABLE `SkillEffect` ENABLE KEYS */;

-- 傾印  資料表 koa_static.SkillInfo 結構
CREATE TABLE IF NOT EXISTS `SkillInfo` (
  `SkillID` int(10) unsigned NOT NULL AUTO_INCREMENT,
  `AliasCode` varchar(50) DEFAULT NULL COMMENT '識別碼(企劃用)',
  `SkillName` varchar(50) DEFAULT NULL COMMENT '技能名稱標籤',
  `Icon` varchar(50) NOT NULL DEFAULT '0' COMMENT '技能Icon編號',
  `Description` varchar(50) DEFAULT NULL COMMENT '技能描述標籤',
  `Energy` varchar(50) DEFAULT NULL COMMENT '能量條件 紅,黃,藍,綠',
  `Effect` varchar(50) DEFAULT NULL COMMENT '效果',
  `Cooldown` smallint(6) NOT NULL DEFAULT 100 COMMENT '冷卻時間',
  `Duration` smallint(6) NOT NULL DEFAULT 0 COMMENT '時效性',
  `Level1` int(11) NOT NULL DEFAULT 0 COMMENT '1級N值',
  `Level2` int(11) NOT NULL DEFAULT 0 COMMENT '2級N值',
  `Level3` int(11) NOT NULL DEFAULT 0 COMMENT '3級N值',
  `Level4` int(11) NOT NULL DEFAULT 0 COMMENT '4級N值',
  `Level5` int(11) NOT NULL DEFAULT 0 COMMENT '5級N值',
  `MaxDescription` varchar(50) DEFAULT NULL COMMENT '滿等級敘述標籤',
  `MaxCondition` tinyint(4) NOT NULL DEFAULT 0 COMMENT '滿等級技能條件',
  `MaxConditionValue` tinyint(4) NOT NULL DEFAULT 0 COMMENT '滿等級技能條件值',
  `AttackedDesc` varchar(50) NOT NULL DEFAULT '' COMMENT '被攻擊敘述代號',
  `MaxEffect` varchar(50) DEFAULT NULL COMMENT '滿等技能效果',
  PRIMARY KEY (`SkillID`),
  UNIQUE KEY `AliasCode` (`AliasCode`)
) ENGINE=InnoDB DEFAULT CHARSET=utf8mb4 COMMENT='技能資訊表';

-- 正在傾印表格  koa_static.SkillInfo 的資料：~217 rows (近似值)
/*!40000 ALTER TABLE `SkillInfo` DISABLE KEYS */;
INSERT INTO `SkillInfo` (`SkillID`, `AliasCode`, `SkillName`, `Icon`, `Description`, `Energy`, `Effect`, `Cooldown`, `Duration`, `Level1`, `Level2`, `Level3`, `Level4`, `Level5`, `MaxDescription`, `MaxCondition`, `MaxConditionValue`, `AttackedDesc`, `MaxEffect`) VALUES
	(1, 'Lion061', '21063', 'Skill_Icon_0008', '22210', '0,0,2,1', '20403', 200, -1, 150, 170, 200, 240, 300, '20002', 5, 1, '', '11015'),
	(2, 'Lion062', '21064', 'Skill_Icon_0010', '22211', '0,0,0,2', '20502,30102', 200, -1, 100, 110, 130, 160, 200, '20002', 51, 0, '', '11012'),
	(3, 'Lion063', '21066', 'Skill_Icon_0004', '22208', '4,0,0,0', '20204', 200, -1, 200, 230, 270, 320, 400, '22212', 41, 0, '', '21013'),
	(4, 'Lion064', '21065', 'Skill_Icon_0002', '22207', '0,1,1,0', '20102', 200, -1, 100, 110, 130, 160, 200, '23307', 21, 0, '22244', '4'),
	(5, 'Lion065', '21067', 'Skill_Icon_0006', '22209', '0,1,0,2', '20303', 200, -1, 150, 170, 200, 240, 300, '23095', 5, 1, '23237', '900003'),
	(6, 'Lion066', '21068', 'Skill_Icon_0004', '22208', '4,0,0,0', '20204', 200, -1, 200, 230, 270, 320, 400, '22212', 4, 1, '', '21010'),
	(7, 'Lion071', '21069', 'Skill_Icon_0007', '22210', '3,0,2,0', '20405', 200, 1220, 1250, 1430, 1670, 2000, 2500, '22212', 5, 1, '', '21015'),
	(8, 'Lion072', '21070', 'Skill_Icon_0009', '22211', '0,0,0,6', '20503,30103', 200, 1500, 1500, 1710, 2000, 2400, 3000, '20002', 71, 0, '', '11012'),
	(9, 'Lion073', '21071', 'Skill_Icon_0003', '22208', '2,0,2,0', '20204', 200, 960, 1000, 1140, 1330, 1600, 2000, '23311', 4, 1, '22248', '2'),
	(10, 'Lion074', '21072', 'Skill_Icon_0001', '22207', '2,2,0,0', '20104', 200, 960, 1000, 1140, 1330, 1600, 2000, '22212', 12, 0, '', '21010'),
	(11, 'Lion075', '21073', 'Skill_Icon_0005', '22209', '0,2,0,3', '20305', 200, 1220, 1250, 1430, 1670, 2000, 2500, '23191', 42, 0, '23238', '900001'),
	(12, 'Lion076', '21074', 'Skill_Icon_0003', '22208', '3,0,3,0', '20204', 200, 1500, 1500, 1710, 2000, 2400, 3000, '22280', 51, 0, '', '610012'),
	(13, 'Lion081', '21075', 'Skill_Icon_0007', '22210', '0,0,3,0', '20403', 200, 720, 750, 860, 1000, 1200, 1500, '22210', 5, 1, '', '141030'),
	(14, 'Lion082', '21076', 'Skill_Icon_0009', '22211', '0,0,1,1', '20502,30102', 200, 500, 500, 570, 670, 800, 1000, '22207', 62, 0, '', '111026'),
	(15, 'Lion083', '21077', 'Skill_Icon_0003', '22208', '2,0,0,2', '20204', 200, 960, 1000, 1140, 1330, 1600, 2000, '22209', 33, 0, '', '131020'),
	(16, 'Lion084', '21078', 'Skill_Icon_0001', '22207', '0,2,2,0', '20104', 200, 960, 1000, 1140, 1330, 1600, 2000, '22214', 51, 0, '', '420012'),
	(17, 'Lion085', '21079', 'Skill_Icon_0005', '22209', '0,1,0,2', '20303', 200, 720, 750, 860, 1000, 1200, 1500, '23313', 71, 0, '23242', '900002'),
	(18, 'Lion086', '21080', 'Skill_Icon_0003', '22208', '2,0,0,0', '20202', 200, 500, 500, 570, 670, 800, 1000, '22208', 63, 0, '', '121026'),
	(19, 'Lion101', '21087', 'Skill_Icon_0007', '22210', '2,0,2,0', '20404', 200, 960, 1000, 1140, 1330, 1600, 2000, '22212', 5, 1, '', '21015'),
	(20, 'Lion102', '21088', 'Skill_Icon_0009', '22211', '0,0,0,2', '20502,30102', 200, 500, 500, 570, 670, 800, 1000, '20002', 65, 0, '', '11011'),
	(21, 'Lion103', '21091', 'Skill_Icon_0003', '22208', '2,1,0,0', '20203', 200, 720, 750, 860, 1000, 1200, 1500, '22241', 51, 0, '', '12'),
	(22, 'Lion104', '21090', 'Skill_Icon_0001', '22207', '0,3,0,0', '20103', 200, 720, 750, 860, 1000, 1200, 1500, '22240', 21, 0, '', '7'),
	(23, 'Lion105', '21089', 'Skill_Icon_0005', '22209', '0,2,0,2', '20304', 200, 960, 1000, 1140, 1330, 1600, 2000, '23314', 41, 0, '23240', '900010'),
	(24, 'Lion106', '21092', 'Skill_Icon_0001', '22207', '0,3,0,0', '20103', 200, 720, 750, 860, 1000, 1200, 1500, '22242', 12, 0, '', '9'),
	(25, 'Lion091', '21081', 'Skill_Icon_0007', '22210', '0,0,2,1', '20403', 200, 720, 750, 860, 1000, 1200, 1500, '20002', 5, 1, '', '11015'),
	(26, 'Lion092', '21082', 'Skill_Icon_0009', '22211', '0,0,1,2', '20503,30103', 200, 720, 750, 860, 1000, 1200, 1500, '22213', 21, 0, '', '410010'),
	(27, 'Lion093', '21083', 'Skill_Icon_0003', '22208', '2,0,2,0', '20204', 200, 960, 1000, 1140, 1330, 1600, 2000, '22222', 11, 0, '', '510010'),
	(28, 'Lion094', '21084', 'Skill_Icon_0001', '22207', '1,1,0,0', '20102', 200, 500, 500, 570, 670, 800, 1000, '22212', 51, 0, '', '21012'),
	(29, 'Lion095', '21085', 'Skill_Icon_0005', '22209', '0,1,0,1', '20302', 200, 500, 500, 570, 670, 800, 1000, '23315', 41, 0, '23239', '900011'),
	(30, 'Lion096', '21086', 'Skill_Icon_0001', '22207', '0,2,2,0', '20104', 200, 960, 1000, 1140, 1330, 1600, 2000, '22216', 1, 1, '', '210013'),
	(31, 'Lion111', '21093', 'Skill_Icon_0007', '22210', '0,0,2,0', '20402', 200, 250, 1000, 1140, 1330, 1600, 2000, '22224', 5, 1, '', '530015'),
	(32, 'Lion112', '21094', 'Skill_Icon_0009', '22211', '0,0,0,2', '20502,30102', 200, 500, 500, 570, 670, 800, 1000, '22212', 71, 0, '', '21012'),
	(33, 'Lion113', '21095', 'Skill_Icon_0003', '22208', '4,0,0,0', '20204', 200, 480, 2000, 2290, 2670, 3200, 4000, '22212', 51, 0, '', '21010'),
	(34, 'Lion114', '21096', 'Skill_Icon_0001', '22207', '0,3,0,0', '20103', 200, 360, 1500, 1710, 2000, 2400, 3000, '22004', 61, 0, '', '30007'),
	(35, 'Lion115', '21097', 'Skill_Icon_0005', '22209', '0,0,0,3', '20303', 200, 360, 1500, 1710, 2000, 2400, 3000, '23316', 33, 0, '23237', '900012'),
	(36, 'Lion116', '21098', 'Skill_Icon_0001', '22207', '0,4,0,0', '20104', 200, 480, 2000, 2290, 2670, 3200, 4000, '22207', 42, 0, '', '111026'),
	(37, 'Cat011', '21099', 'Skill_Icon_0003', '22208', '2,0,0,1', '20203', 200, 720, 750, 860, 1000, 1200, 1500, '22250', 11, 0, '', '41001'),
	(38, 'Cat012', '21103', 'Skill_Icon_0001', '22207', '1,2,0,0', '20103', 200, 720, 750, 860, 1000, 1200, 1500, '22251', 43, 0, '', '41002'),
	(39, 'Cat013', '21101', 'Skill_Icon_0007', '22210', '0,0,2,1', '20403', 200, 720, 750, 860, 1000, 1200, 1500, '23317', 72, 0, '23237', '900013'),
	(40, 'Cat014', '21102', 'Skill_Icon_0005', '22209', '0,0,1,2', '20303', 200, 720, 750, 860, 1000, 1200, 1500, '22223', 22, 0, '', '520010'),
	(41, 'Cat015', '21100', 'Skill_Icon_0009', '22211', '0,0,0,3', '20503,30103', 200, 720, 750, 860, 1000, 1200, 1500, '22265', 5, 1, '', '40001'),
	(42, 'Cat016', '21104', 'Skill_Icon_0007', '22210', '0,0,3,0', '20403', 200, 720, 750, 860, 1000, 1200, 1500, '22216', 5, 1, '', '210015'),
	(43, 'Cat021', '21105', 'Skill_Icon_0003', '22208', '2,1,0,0', '20203', 200, 1440, 500, 570, 670, 800, 1000, '23001', 4, 1, '23236', '900004'),
	(44, 'Cat022', '21106', 'Skill_Icon_0001', '22207', '1,2,0,0', '20103', 200, 1440, 500, 570, 670, 800, 1000, '22212', 31, 0, '', '21010'),
	(45, 'Cat023', '21107', 'Skill_Icon_0007', '22210', '0,1,2,0', '20403', 200, 1440, 500, 570, 670, 800, 1000, '23097', 4, 1, '23238', '900005'),
	(46, 'Cat024', '21109', 'Skill_Icon_0005', '22209', '0,0,0,3', '20303', 200, 1440, 500, 570, 670, 800, 1000, '20002', 51, 0, '', '11012'),
	(47, 'Cat025', '21108', 'Skill_Icon_0009', '22211', '0,0,1,2', '20503,30103', 200, 1440, 750, 860, 1000, 1200, 1500, '22210', 5, 1, '', '141020'),
	(48, 'Cat026', '21110', 'Skill_Icon_0007', '22210', '0,1,2,0', '20403', 200, 1440, 1000, 1140, 1330, 1600, 2000, '22267', 41, 0, '', '20,21,22,23'),
	(49, 'Cat031', '21111', 'Skill_Icon_0003', '22208', '3,0,0,0', '20203', 200, 720, 750, 860, 1000, 1200, 1500, '23312', 51, 0, '22249', '3'),
	(50, 'Cat032', '21115', 'Skill_Icon_0001', '22207', '0,2,0,1', '20103', 200, 720, 750, 860, 1000, 1200, 1500, '20002', 72, 0, '', '11012'),
	(51, 'Cat033', '21113', 'Skill_Icon_0007', '22210', '0,0,3,0', '20403', 200, 720, 750, 860, 1000, 1200, 1500, '23318', 43, 0, '23238', '900014'),
	(52, 'Cat034', '21114', 'Skill_Icon_0005', '22209', '0,2,0,1', '20303', 200, 720, 750, 860, 1000, 1200, 1500, '22243', 22, 0, '', '10'),
	(53, 'Cat035', '21112', 'Skill_Icon_0009', '22211', '0,1,0,2', '20503,30103', 200, 720, 750, 860, 1000, 1200, 1500, '22240', 5, 1, '', '18'),
	(54, 'Cat036', '21116', 'Skill_Icon_0007', '22210', '0,1,2,0', '20403', 200, 720, 750, 860, 1000, 1200, 1500, '22242', 32, 0, '', '9'),
	(55, 'Cat041', '21117', 'Skill_Icon_0003', '22208', '3,0,0,0', '20203', 200, 360, 1500, 1710, 2000, 2400, 3000, '22212', 62, 0, '', '21013'),
	(56, 'Cat042', '21118', 'Skill_Icon_0001', '22207', '0,3,0,0', '20103', 200, 360, 1500, 1710, 2000, 2400, 3000, '23002', 12, 0, '23237', '900006'),
	(57, 'Cat043', '21119', 'Skill_Icon_0007', '22210', '0,0,3,0', '20403', 200, 360, 1500, 1710, 2000, 2400, 3000, '22224', 51, 0, '', '530012'),
	(58, 'Cat044', '21120', 'Skill_Icon_0005', '22209', '0,0,0,3', '20303', 200, 360, 1500, 1710, 2000, 2400, 3000, '20002', 5, 1, '', '11012'),
	(59, 'Cat045', '21121', 'Skill_Icon_0009', '22211', '0,0,0,3', '20503,30103', 200, 720, 750, 860, 1000, 1200, 1500, '22211', 33, 0, '', '151015,31013'),
	(60, 'Cat046', '21122', 'Skill_Icon_0007', '22210', '0,0,3,0', '20403', 200, 360, 1500, 1710, 2000, 2400, 3000, '22214', 5, 1, '', '420015'),
	(61, 'Cat051', '21123', 'Skill_Icon_0003', '22208', '2,0,1,0', '20203', 200, 720, 750, 860, 1000, 1200, 1500, '22219', 31, 0, '', '310010'),
	(62, 'Cat052', '21124', 'Skill_Icon_0001', '22207', '1,2,0,0', '20103', 200, 720, 750, 860, 1000, 1200, 1500, '22212', 61, 0, '', '21012'),
	(63, 'Cat053', '21125', 'Skill_Icon_0007', '22210', '1,0,2,0', '20403', 200, 720, 750, 860, 1000, 1200, 1500, '23319', 21, 0, '23238', '900015'),
	(64, 'Cat054', '21126', 'Skill_Icon_0005', '22209', '0,0,1,2', '20303', 200, 720, 750, 860, 1000, 1200, 1500, '23310', 51, 0, '22247', '1'),
	(65, 'Cat055', '21127', 'Skill_Icon_0009', '22211', '1,0,0,2', '20503,30103', 200, 720, 750, 860, 1000, 1200, 1500, '22212', 5, 1, '', '21015'),
	(66, 'Cat056', '21128', 'Skill_Icon_0007', '22210', '0,0,2,1', '20403', 200, 720, 750, 860, 1000, 1200, 1500, '20002', 1, 1, '', '11012'),
	(67, 'Cat061', '21129', 'Skill_Icon_0003', '22208', '3,0,0,0', '20203', 200, 720, 750, 860, 1000, 1200, 1500, '22212', 62, 0, '', '20012'),
	(68, 'Cat062', '21130', 'Skill_Icon_0001', '22207', '0,2,1,0', '20103', 200, 720, 750, 860, 1000, 1200, 1500, '22214', 12, 0, '', '420010'),
	(69, 'Cat063', '21131', 'Skill_Icon_0007', '22210', '0,0,3,0', '20403', 200, 720, 750, 860, 1000, 1200, 1500, '23320', 42, 0, '23242', '900016'),
	(70, 'Cat064', '21133', 'Skill_Icon_0005', '22209', '0,0,1,2', '20303', 200, 720, 750, 860, 1000, 1200, 1500, '22220', 33, 0, '', '320010'),
	(71, 'Cat065', '21132', 'Skill_Icon_0009', '22211', '0,0,0,3', '20503,30103', 200, 720, 750, 860, 1000, 1200, 1500, '20002', 5, 1, '', '11015'),
	(72, 'Cat066', '21134', 'Skill_Icon_0007', '22210', '0,1,2,0', '20403', 200, 720, 750, 860, 1000, 1200, 1500, '22207', 51, 0, '', '110024'),
	(73, 'Fox011', '21135', 'Skill_Icon_0001', '22207', '0,2,2,0', '20104', 200, 960, 1000, 1140, 1330, 1600, 2000, '22215', 51, 0, '', '430012'),
	(74, 'Fox012', '21136', 'Skill_Icon_0005', '22209', '0,0,1,1', '20302', 200, 500, 500, 570, 670, 800, 1000, '22216', 5, 1, '', '210015'),
	(75, 'Fox013', '21137', 'Skill_Icon_0009', '22211', '0,0,1,2', '20503,30103', 200, 960, 750, 860, 1000, 1200, 1500, '23312', 11, 0, '22249', '3'),
	(76, 'Fox014', '21138', 'Skill_Icon_0003', '22208', '3,0,0,0', '20203', 200, 720, 750, 860, 1000, 1200, 1500, '22212', 72, 0, '', '21012'),
	(77, 'Fox015', '21139', 'Skill_Icon_0007', '22210', '0,0,4,0', '20404', 200, 720, 1000, 1140, 1330, 1600, 2000, '23197', 43, 0, '23244', '900017'),
	(78, 'Fox016', '21140', 'Skill_Icon_0003', '22208', '1,0,1,0', '20202', 200, 500, 500, 570, 670, 800, 1000, '22269', 32, 0, '', '24,20'),
	(79, 'Fox021', '21141', 'Skill_Icon_0001', '22207', '0,3,0,0', '20103', 200, 720, 750, 860, 1000, 1200, 1500, '23321', 43, 0, '23239', '900007'),
	(80, 'Fox022', '21142', 'Skill_Icon_0005', '22209', '1,0,0,1', '20302', 200, 500, 500, 570, 670, 800, 1000, '22208', 5, 1, '', '121030'),
	(81, 'Fox023', '21143', 'Skill_Icon_0009', '22211', '0,0,0,1', '20501,30101', 200, 300, 250, 290, 330, 400, 500, '20002', 1, 2, '', '11013'),
	(82, 'Fox024', '21144', 'Skill_Icon_0003', '22208', '3,0,0,0', '20203', 200, 720, 750, 860, 1000, 1200, 1500, '22212', 32, 0, '', '21010'),
	(83, 'Fox025', '21145', 'Skill_Icon_0007', '22210', '0,0,1,0', '20401', 200, 300, 250, 290, 330, 400, 500, '22216', 72, 0, '', '210012'),
	(84, 'Fox026', '21146', 'Skill_Icon_0001', '22207', '0,2,0,0', '20102', 200, 500, 500, 570, 670, 800, 1000, '22271', 4, 1, '', '25,21'),
	(85, 'Fox031', '21147', 'Skill_Icon_0001', '22207', '0,4,0,0', '20104', 200, 960, 1000, 1140, 1330, 1600, 2000, '22207', 72, 0, '', '111024'),
	(86, 'Fox032', '21148', 'Skill_Icon_0005', '22209', '0,1,0,2', '20303', 200, 720, 750, 860, 1000, 1200, 1500, '22207', 43, 0, '', '110030'),
	(87, 'Fox033', '21149', 'Skill_Icon_0009', '22211', '0,1,0,1', '20502,30102', 200, 500, 500, 570, 670, 800, 1000, '22267', 22, 0, '', '20,21,22,23'),
	(88, 'Fox034', '21150', 'Skill_Icon_0003', '22208', '2,2,0,0', '20204', 200, 960, 1000, 1140, 1330, 1600, 2000, '23322', 11, 0, '23240', '900008'),
	(89, 'Fox035', '21151', 'Skill_Icon_0007', '22210', '0,0,2,1', '20403', 200, 720, 750, 860, 1000, 1200, 1500, '20002', 5, 1, '', '11020'),
	(90, 'Fox036', '21152', 'Skill_Icon_0007', '22210', '0,1,1,0', '20402', 200, 500, 500, 570, 670, 800, 1000, '22275', 51, 0, '', '26,22'),
	(91, 'Aimee_2', '21188', 'Skill_Icon_0003', '22208', '1,0,1,0', '20202', 200, 500, 500, 570, 670, 800, 1000, '22210', 61, 0, '', '141026'),
	(92, 'Aimee_3', '21189', 'Skill_Icon_0003', '22208', '2,0,1,0', '20203', 200, 720, 850, 970, 1130, 1360, 1700, '22210', 61, 0, '', '141026'),
	(93, 'Aimee_4', '21190', 'Skill_Icon_0003', '22208', '2,0,2,0', '20204', 200, 960, 1300, 1490, 1730, 2080, 2600, '22210', 61, 0, '', '141026'),
	(94, 'Aimee_5', '21191', 'Skill_Icon_0003', '22208', '3,0,2,0', '20205', 200, 1220, 2000, 2290, 2670, 3200, 4000, '22210', 61, 0, '', '141026'),
	(95, 'Aimee_6', '21192', 'Skill_Icon_0003', '22208', '3,0,3,0', '20206', 200, 1500, 3000, 3430, 4000, 4800, 6000, '22210', 61, 0, '', '141026'),
	(96, 'Ceto_2', '21173', 'Skill_Icon_0009', '22209', '1,0,0,1', '20302', 200, 250, 1000, 1140, 1330, 1600, 2000, '22212', 65, 0, '', '21011'),
	(97, 'Ceto_3', '21174', 'Skill_Icon_0009', '22209', '1,0,0,2', '20303', 200, 360, 1650, 1890, 2200, 2640, 3300, '22212', 65, 0, '', '21011'),
	(98, 'Ceto_4', '21175', 'Skill_Icon_0009', '22209', '2,0,0,2', '20304', 200, 480, 2600, 2970, 3470, 4160, 5200, '22212', 65, 0, '', '21011'),
	(99, 'Ceto_5', '21176', 'Skill_Icon_0009', '22209', '2,0,0,3', '20305', 200, 610, 4000, 4570, 5330, 6400, 8000, '22212', 65, 0, '', '21011'),
	(100, 'Ceto_6', '21177', 'Skill_Icon_0009', '22209', '3,0,0,3', '20306', 200, 750, 6000, 6860, 8000, 9600, 12000, '22212', 65, 0, '', '21011'),
	(101, 'Prudence_2', '21178', 'Skill_Icon_0005', '22211', '1,0,0,1', '20502,30102', 200, 500, 500, 570, 670, 800, 1000, '22251', 66, 0, '', '41003'),
	(102, 'Prudence_3', '21179', 'Skill_Icon_0005', '22211', '1,0,0,2', '20503,30103', 200, 720, 850, 970, 1130, 1360, 1700, '22251', 66, 0, '', '41003'),
	(103, 'Prudence_4', '21180', 'Skill_Icon_0005', '22211', '2,0,0,2', '20504,30104', 200, 960, 1300, 1490, 1730, 2080, 2600, '22251', 66, 0, '', '41003'),
	(104, 'Prudence_5', '21181', 'Skill_Icon_0005', '22211', '2,0,0,3', '20505,30105', 200, 1220, 2000, 2290, 2670, 3200, 4000, '22251', 66, 0, '', '41003'),
	(105, 'Prudence_6', '21182', 'Skill_Icon_0005', '22211', '3,0,0,3', '20506,30106', 200, 1500, 3000, 3430, 4000, 4800, 6000, '22251', 66, 0, '', '41003'),
	(106, 'Ole_2', '21183', 'Skill_Icon_0003', '22208', '1,1,0,0', '20202', 200, 1000, 330, 380, 440, 530, 660, '23322', 11, 0, '23240', '900009'),
	(107, 'Ole_3', '21184', 'Skill_Icon_0003', '22208', '2,1,0,0', '20203', 200, 1440, 550, 630, 730, 880, 1100, '23322', 11, 0, '23240', '900009'),
	(108, 'Ole_4', '21185', 'Skill_Icon_0003', '22208', '2,2,0,0', '20204', 200, 1920, 850, 970, 1130, 1360, 1700, '23322', 11, 0, '23240', '900009'),
	(109, 'Ole_5', '21186', 'Skill_Icon_0003', '22208', '3,2,0,0', '20205', 200, 2440, 1350, 1540, 1800, 2160, 2700, '23322', 11, 0, '23240', '900009'),
	(110, 'Ole_6', '21187', 'Skill_Icon_0003', '22208', '3,3,0,0', '20206', 200, 3000, 2000, 2290, 2670, 3200, 4000, '23322', 11, 0, '23240', '900009'),
	(111, 'Oz_2', '21158', 'Skill_Icon_0009', '22209', '3,0,0,3', '20302', 200, 1500, 1500, 1710, 2000, 2400, 3000, '22212', 65, 0, '', '21011'),
	(112, 'Oz_3', '21159', 'Skill_Icon_0009', '22209', '3,0,0,3', '20303', 200, 1800, 1650, 1890, 2200, 2640, 3300, '22212', 65, 0, '', '21011'),
	(113, 'Oz_4', '21160', 'Skill_Icon_0009', '22209', '3,0,0,3', '20304', 200, 2120, 1950, 2230, 2600, 3120, 3900, '22212', 65, 0, '', '21011'),
	(114, 'Oz_5', '21161', 'Skill_Icon_0009', '22209', '3,0,0,3', '20305', 200, 2460, 2400, 2740, 3200, 3840, 4800, '22212', 65, 0, '', '21011'),
	(115, 'Oz_6', '21162', 'Skill_Icon_0009', '22209', '3,0,0,3', '20306', 200, 2820, 3000, 3430, 4000, 4800, 6000, '22212', 65, 0, '', '21011'),
	(116, 'Al_2', '21198', 'Skill_Icon_0027', '22212', '2,0,0,0', '10202', 200, 500, 250, 290, 330, 400, 500, '22212', 4, 1, '', '21020'),
	(117, 'Al_3', '21199', 'Skill_Icon_0027', '22212', '3,0,0,0', '10203', 200, 720, 400, 460, 530, 640, 800, '22212', 4, 1, '', '21020'),
	(118, 'Al_4', '21200', 'Skill_Icon_0027', '22212', '4,0,0,0', '10204', 200, 960, 650, 740, 870, 1040, 1300, '22212', 4, 1, '', '21020'),
	(119, 'Al_5', '21201', 'Skill_Icon_0027', '22212', '5,0,0,0', '10205', 200, 1220, 1000, 1140, 1330, 1600, 2000, '22212', 4, 1, '', '21020'),
	(120, 'Al_6', '21202', 'Skill_Icon_0027', '22212', '6,0,0,0', '10206', 200, 1500, 1500, 1710, 2000, 2400, 3000, '22212', 4, 1, '', '21020'),
	(121, 'Gottloh_2', '21153', 'Skill_Icon_0008', '22210', '1,1,0,0', '20402', 200, -1, 100, 110, 130, 160, 200, '22207', 12, 0, '', '111020'),
	(122, 'Gottloh_3', '21154', 'Skill_Icon_0008', '22210', '1,2,0,0', '20403', 200, -1, 150, 170, 200, 240, 300, '22207', 12, 0, '', '111020'),
	(123, 'Gottloh_4', '21155', 'Skill_Icon_0008', '22210', '2,2,0,0', '20404', 200, -1, 250, 290, 330, 400, 500, '22207', 12, 0, '', '111020'),
	(124, 'Gottloh_5', '21156', 'Skill_Icon_0008', '22210', '2,3,0,0', '20405', 200, -1, 400, 460, 530, 640, 800, '22207', 12, 0, '', '111020'),
	(125, 'Gottloh_6', '21157', 'Skill_Icon_0008', '22210', '3,3,0,0', '20406', 200, -1, 600, 690, 800, 960, 1200, '22207', 12, 0, '', '111020'),
	(126, 'Milhail_2', '21208', 'Skill_Icon_0001', '22207', '0,1,0,1', '20102', 200, 500, 500, 570, 670, 800, 1000, '22261', 5, 1, '', '41004'),
	(127, 'Milhail_3', '21209', 'Skill_Icon_0001', '22207', '0,2,0,1', '20103', 200, 720, 850, 970, 1130, 1360, 1700, '22261', 5, 1, '', '41005'),
	(128, 'Milhail_4', '21210', 'Skill_Icon_0001', '22207', '0,2,0,2', '20104', 200, 960, 1300, 1490, 1730, 2080, 2600, '22261', 5, 1, '', '41006'),
	(129, 'Milhail_5', '21211', 'Skill_Icon_0001', '22207', '0,3,0,2', '20105', 200, 1220, 2000, 2290, 2670, 3200, 4000, '22261', 5, 1, '', '41007'),
	(130, 'Milhail_6', '21212', 'Skill_Icon_0001', '22207', '0,3,0,3', '20106', 200, 1500, 3000, 3430, 4000, 4800, 6000, '22261', 5, 1, '', '41008'),
	(131, 'Aixe_2', '21193', 'Skill_Icon_0001', '22207', '1,1,0,0', '20102', 200, 500, 500, 570, 670, 800, 1000, '22208', 62, 0, '', '121039'),
	(132, 'Aixe_3', '21194', 'Skill_Icon_0001', '22207', '1,1,0,1', '20103', 200, 720, 850, 970, 1130, 1360, 1700, '22208', 62, 0, '', '121039'),
	(133, 'Aixe_4', '21195', 'Skill_Icon_0001', '22207', '1,1,1,1', '20104', 200, 960, 1300, 1490, 1730, 2080, 2600, '22208', 62, 0, '', '121039'),
	(134, 'Aixe_5', '21196', 'Skill_Icon_0001', '22207', '1,1,2,1', '20105', 200, 1220, 2000, 2290, 2670, 3200, 4000, '22208', 62, 0, '', '121039'),
	(135, 'Aixe_6', '21197', 'Skill_Icon_0001', '22207', '1,1,3,1', '20106', 200, 1500, 3000, 3430, 4000, 4800, 6000, '22208', 62, 0, '', '121039'),
	(136, 'Oliver_2', '21168', 'Skill_Icon_0005', '22211', '0,1,0,1', '20502,30102', 200, 500, 500, 570, 670, 800, 1000, '22242', 21, 0, '', '9'),
	(137, 'Oliver_3', '21169', 'Skill_Icon_0005', '22211', '0,1,0,2', '20503,30103', 200, 720, 850, 970, 1130, 1360, 1700, '22243', 21, 0, '', '10'),
	(138, 'Oliver_4', '21170', 'Skill_Icon_0005', '22211', '0,2,0,2', '20504,30104', 200, 960, 1300, 1490, 1730, 2080, 2600, '22240', 21, 0, '', '18'),
	(139, 'Oliver_5', '21171', 'Skill_Icon_0005', '22211', '0,2,0,3', '20505,30105', 200, 1220, 2000, 2290, 2670, 3200, 4000, '22241', 21, 0, '', '19'),
	(140, 'Oliver_6', '21172', 'Skill_Icon_0005', '22211', '0,3,0,3', '20506,30106', 200, 1500, 3000, 3430, 4000, 4800, 6000, '22239', 21, 0, '', '11'),
	(141, 'Morot_2', '21203', 'Skill_Icon_0007', '22210', '0,0,1,1', '20402', 200, 500, 500, 570, 670, 800, 1000, '20002', 66, 0, '', '11011'),
	(142, 'Morot_3', '21204', 'Skill_Icon_0007', '22210', '0,0,1,1', '20403', 200, 720, 550, 630, 730, 880, 1100, '20002', 66, 0, '', '11011'),
	(143, 'Morot_4', '21205', 'Skill_Icon_0007', '22210', '0,0,1,1', '20404', 200, 960, 650, 740, 870, 1040, 1300, '20002', 66, 0, '', '11011'),
	(144, 'Morot_5', '21206', 'Skill_Icon_0007', '22210', '0,0,1,1', '20405', 200, 1220, 800, 910, 1070, 1280, 1600, '20002', 66, 0, '', '11011'),
	(145, 'Morot_6', '21207', 'Skill_Icon_0007', '22210', '0,0,1,1', '20406', 200, 1500, 1000, 1140, 1330, 1600, 2000, '20002', 66, 0, '', '11011'),
	(146, 'Arty_2', '21163', 'Skill_Icon_0029', '20002', '0,0,0,2', '10102', 200, 500, 250, 290, 330, 400, 500, '22211', 64, 0, '', '151040,31036'),
	(147, 'Arty_3', '21164', 'Skill_Icon_0029', '20002', '0,0,0,3', '10103', 200, 720, 800, 910, 1070, 1280, 1600, '22211', 64, 0, '', '151040,31036'),
	(148, 'Arty_4', '21165', 'Skill_Icon_0029', '20002', '0,0,0,4', '10104', 200, 960, 1300, 1490, 1730, 2080, 2600, '22211', 64, 0, '', '151040,31036'),
	(149, 'Arty_5', '21166', 'Skill_Icon_0029', '20002', '0,0,0,5', '10105', 200, 1220, 2000, 2290, 2670, 3200, 4000, '22211', 64, 0, '', '151040,31036'),
	(150, 'Arty_6', '21167', 'Skill_Icon_0029', '20002', '0,0,0,6', '10106', 200, 1500, 3000, 3430, 4000, 4800, 6000, '22211', 64, 0, '', '151040,31036'),
	(151, 'Genesis_1', '21213', 'Skill_Icon_0029', '20002', '1,1,1,0', '10106', 200, 720, 380, 430, 500, 600, 750, '22255', 51, 0, '', '41009'),
	(152, 'Genesis_2', '21214', 'Skill_Icon_0009', '22211', '0,1,1,1', '20503,30103', 200, 720, 750, 860, 1000, 1200, 1500, '22266', 52, 0, '23238', '41010'),
	(153, 'Genesis_3', '21215', 'Skill_Icon_0027', '22212', '1,0,1,1', '10203', 200, 720, 380, 430, 500, 600, 750, '22257', 53, 0, '', '41011'),
	(154, 'Pur_Lion', '21216', 'Skill_Icon_0027', '22212', '2,0,0,2', '10204', 200, 960, 500, 570, 670, 800, 1000, '22004', 1, 1, '', '30026'),
	(155, 'Pur_Cat', '21217', 'Skill_Icon_0001', '22207', '0,3,0,0', '20103', 200, 720, 750, 860, 1000, 1200, 1500, '22212', 5, 1, '', '21015'),
	(156, 'Pur_Fox', '21218', 'Skill_Icon_0005', '22209', '0,1,0,1', '20302', 200, 500, 750, 860, 1000, 1200, 1500, '22270', 11, 0, '', '27,20'),
	(157, 'Monkey011', '21221', 'Skill_Icon_0003', '22208', '2,0,0,2', '20204', 200, 960, 1000, 1140, 1330, 1600, 2000, '20002', 31, 0, '', '11010'),
	(158, 'Monkey012', '21222', 'Skill_Icon_0003', '22208', '2,0,1,0', '20203', 200, 720, 750, 860, 1000, 1200, 1500, '20002', 65, 0, '', '11010'),
	(159, 'Monkey013', '21223', 'Skill_Icon_0003', '22208', '3,2,0,0', '20205', 200, 1220, 1250, 1430, 1670, 2000, 2500, '23323', 41, 0, '20002', '900018'),
	(160, 'Monkey014', '21224', 'Skill_Icon_0003', '22208', '2,0,1,1', '20204', 200, 960, 1000, 1140, 1330, 1600, 2000, '22210', 1, 2, '', '141026'),
	(161, 'Monkey015', '21225', 'Skill_Icon_0003', '22208', '3,0,0,2', '20205', 200, 1220, 1250, 1430, 1670, 2000, 2500, '22209', 21, 0, '', '131020'),
	(162, 'Monkey016', '21226', 'Skill_Icon_0003', '22208', '2,0,0,1', '20201', 200, 720, 750, 860, 1000, 1200, 1500, '22211', 5, 2, '', '151030,31027'),
	(163, 'Monkey021', '21227', 'Skill_Icon_0001', '22207', '0,1,0,1', '20102', 200, 500, 500, 570, 670, 800, 1000, '22292', 33, 0, '', '41012'),
	(164, 'Monkey022', '21228', 'Skill_Icon_0001', '22207', '0,2,1,0', '20103', 200, 720, 750, 860, 1000, 1200, 1500, '23311', 65, 0, '22248', '2'),
	(165, 'Monkey023', '21229', 'Skill_Icon_0001', '22207', '0,4,0,0', '20104', 200, 960, 1000, 1140, 1330, 1600, 2000, '23324', 12, 0, '23239', '41013'),
	(166, 'Monkey024', '21230', 'Skill_Icon_0001', '22207', '0,1,1,0', '20102', 200, 500, 500, 570, 670, 800, 1000, '22214', 42, 0, '', '420010'),
	(167, 'Monkey025', '21231', 'Skill_Icon_0001', '22207', '0,2,0,1', '20103', 200, 720, 750, 860, 1000, 1200, 1500, '22252', 23, 0, '', '41014'),
	(168, 'Monkey026', '21232', 'Skill_Icon_0001', '22207', '0,2,2,0', '20104', 200, 960, 1000, 1140, 1330, 1600, 2000, '22291', 5, 2, '', '41015'),
	(169, 'Monkey031', '21233', 'Skill_Icon_0006', '22209', '2,0,0,2', '20304', 200, -1, 230, 260, 310, 370, 459, '22208', 32, 0, '', '120020'),
	(170, 'Monkey032', '21234', 'Skill_Icon_0006', '22209', '2,0,0,2', '20304', 200, -1, 230, 260, 310, 370, 459, '22212', 43, 0, '', '20012'),
	(171, 'Monkey033', '21235', 'Skill_Icon_0006', '22209', '0,1,0,1', '20302', 200, -1, 100, 110, 130, 160, 200, '23142', 1, 2, '20002', '900019'),
	(172, 'Monkey034', '21236', 'Skill_Icon_0006', '22209', '1,0,0,2', '20302', 200, -1, 160, 180, 210, 260, 320, '22208', 22, 0, '', '121020'),
	(173, 'Monkey035', '21237', 'Skill_Icon_0006', '22209', '0,0,1,2', '20303', 200, -1, 160, 180, 210, 260, 320, '22207', 72, 0, '', '111024'),
	(174, 'Monkey036', '21238', 'Skill_Icon_0006', '22209', '1,0,0,1', '20303', 200, -1, 100, 110, 130, 160, 200, '22212', 5, 1, '', '21015'),
	(175, 'Monkey041', '21239', 'Skill_Icon_0007', '22210', '0,0,3,0', '20403', 200, 360, 1500, 1710, 2000, 2400, 3000, '22220', 66, 0, '', '320011'),
	(176, 'Monkey042', '21240', 'Skill_Icon_0007', '22210', '0,0,3,0', '20403', 200, 360, 1500, 1710, 2000, 2400, 3000, '23311', 23, 0, '22248', '2'),
	(177, 'Monkey043', '21241', 'Skill_Icon_0007', '22210', '0,0,2,0', '20402', 200, 250, 1000, 1140, 1330, 1600, 2000, '23309', 71, 0, '', '6'),
	(178, 'Monkey044', '21242', 'Skill_Icon_0007', '22210', '0,0,2,0', '20402', 200, 250, 1000, 1140, 1330, 1600, 2000, '22224', 33, 0, '', '530010'),
	(179, 'Monkey045', '21243', 'Skill_Icon_0007', '22210', '0,0,4,0', '20404', 200, 480, 2000, 2290, 2670, 3200, 4000, '22280', 42, 0, '', '610013'),
	(180, 'Monkey046', '21244', 'Skill_Icon_0007', '22210', '0,0,4,0', '20404', 200, 480, 2000, 2290, 2670, 3200, 4000, '22216', 5, 1, '', '210015'),
	(181, 'Monkey051', '21245', 'Skill_Icon_0009', '22211', '2,0,0,2', '20504,30104', 200, 980, 1000, 1140, 1330, 1600, 2000, '22251', 31, 0, '', '41016'),
	(182, 'Monkey052', '21246', 'Skill_Icon_0009', '22211', '0,0,1,2', '20503,30103', 200, 720, 750, 860, 1000, 1200, 1500, '23307', 4, 1, '22244', '4'),
	(183, 'Monkey053', '21247', 'Skill_Icon_0009', '22211', '0,1,0,1', '20502,30102', 200, 500, 500, 570, 670, 800, 1000, '23325', 65, 0, '23259', '900020'),
	(184, 'Monkey054', '21248', 'Skill_Icon_0009', '22211', '1,0,0,2', '20503,30103', 200, 720, 750, 860, 1000, 1200, 1500, '22260', 41, 0, '', '41017'),
	(185, 'Monkey055', '21249', 'Skill_Icon_0009', '22211', '0,1,0,1', '20502,30102', 200, 500, 500, 570, 670, 800, 1000, '22264', 21, 0, '', '41018'),
	(186, 'Monkey056', '21250', 'Skill_Icon_0009', '22211', '2,0,0,2', '20504,30104', 200, 980, 1000, 1140, 1330, 1600, 2000, '22251', 5, 1, '', '40002'),
	(187, 'Cat071', '21251', 'Skill_Icon_0003', '22208', '2,0,0,1', '20203', 200, 720, 750, 860, 1000, 1200, 1500, '22252', 11, 0, '', '41014'),
	(188, 'Cat072', '21252', 'Skill_Icon_0001', '22207', '0,2,0,2', '20104', 200, 980, 1000, 1140, 1330, 1600, 2000, '22292', 51, 0, '', '41019'),
	(189, 'Cat073', '21253', 'Skill_Icon_0007', '22210', '0,1,1,0', '20402', 200, 500, 500, 570, 670, 800, 1000, '23317', 72, 0, '23237', '900013'),
	(190, 'Cat074', '21254', 'Skill_Icon_0006', '22209', '0,0,1,1', '20302', 200, 500, 500, 570, 670, 800, 1000, '22293', 22, 0, '', '41020'),
	(191, 'Cat075', '21255', 'Skill_Icon_0009', '22211', '2,0,0,2', '20504,30104', 200, 980, 1000, 1140, 1330, 1600, 2000, '22253', 43, 0, '', '41021'),
	(192, 'Cat076', '21256', 'Skill_Icon_0007', '22210', '0,0,3,0', '20403', 200, 720, 750, 860, 1000, 1200, 1500, '22294', 5, 1, '', '41022'),
	(193, 'Cat081', '21257', 'Skill_Icon_0003', '22208', '1,0,1,0', '20201', 200, 500, 500, 570, 670, 800, 1000, '22234', 32, 0, '', '330010'),
	(194, 'Cat082', '21258', 'Skill_Icon_0001', '22207', '0,2,1,0', '20101', 200, 720, 750, 860, 1000, 1200, 1500, '23312', 61, 0, '22249', '3'),
	(195, 'Cat083', '21259', 'Skill_Icon_0007', '22210', '0,1,1,0', '20401', 200, 500, 500, 570, 670, 800, 1000, '23097', 22, 0, '23238', '900005'),
	(196, 'Cat084', '21260', 'Skill_Icon_0006', '22209', '0,0,1,2', '20301', 200, 720, 750, 860, 1000, 1200, 1500, '22215', 51, 0, '', '430012'),
	(197, 'Cat085', '21261', 'Skill_Icon_0009', '22211', '2,0,0,2', '20501,30101', 200, 980, 1000, 1140, 1330, 1600, 2000, '22212', 1, 1, '', '21013'),
	(198, 'Cat086', '21262', 'Skill_Icon_0007', '22210', '2,0,2,0', '20401', 200, 980, 1000, 1140, 1330, 1600, 2000, '22212', 5, 1, '', '21015'),
	(199, 'Lion121', '21263', 'Skill_Icon_0008', '22210', '0,0,1,1', '20402', 200, 500, 500, 570, 670, 800, 1000, '20002', 41, 0, '', '11013'),
	(200, 'Lion122', '21264', 'Skill_Icon_0010', '22211', '0,0,0,1', '20501,30101', 200, 300, 250, 290, 330, 400, 500, '20002', 51, 0, '', '11012'),
	(201, 'Lion123', '21265', 'Skill_Icon_0004', '22208', '1,0,1,0', '20202', 200, 720, 750, 860, 1000, 1200, 1500, '23307', 1, 2, '22244', '4'),
	(202, 'Lion124', '21266', 'Skill_Icon_0002', '22207', '1,2,0,0', '20103', 200, 500, 500, 570, 670, 800, 1000, '22212', 21, 0, '', '21010'),
	(203, 'Lion125', '21267', 'Skill_Icon_0006', '22209', '0,1,0,2', '20303', 200, 720, 750, 860, 1000, 1200, 1500, '23189', 31, 0, '23236', '900021'),
	(204, 'Lion126', '21268', 'Skill_Icon_0004', '22208', '1,0,0,0', '20201', 200, 300, 250, 290, 330, 400, 500, '22212', 4, 1, '', '21010'),
	(205, 'Lion131', '21269', 'Skill_Icon_0008', '22210', '0,0,2,0', '20402', 200, 500, 500, 570, 670, 800, 1000, '22213', 41, 0, '', '410010'),
	(206, 'Lion132', '21270', 'Skill_Icon_0010', '22211', '0,0,1,2', '20503,30103', 200, 720, 750, 860, 1000, 1200, 1500, '23310', 51, 0, '22247', '1'),
	(207, 'Lion133', '21271', 'Skill_Icon_0004', '22208', '2,2,0,0', '20204', 200, 980, 1000, 1140, 1330, 1600, 2000, '23191', 21, 0, '23238', '900001'),
	(208, 'Lion134', '21272', 'Skill_Icon_0002', '22207', '0,2,0,0', '20102', 200, 500, 500, 570, 670, 800, 1000, '22207', 12, 0, '', '111020'),
	(209, 'Lion135', '21273', 'Skill_Icon_0006', '22209', '1,0,0,2', '20303', 200, 720, 750, 860, 1000, 1200, 1500, '22208', 65, 0, '', '121022'),
	(210, 'Lion136', '21274', 'Skill_Icon_0004', '22208', '4,0,0,0', '20204', 200, 980, 1000, 1140, 1330, 1600, 2000, '22212', 5, 1, '', '21015'),
	(211, 'Dog011', '21275', 'Skill_Icon_0006', '22209', '0,1,0,1', '20302', 200, 1000, 330, 380, 440, 530, 660, '23098', 1, 2, '23239', '900022'),
	(212, 'Dog012', '21276', 'Skill_Icon_0008', '22210', '2,0,2,0', '20404', 200, 1920, 670, 760, 890, 1060, 1330, '22212', 23, 0, '', '21010'),
	(213, 'Dog013', '21277', 'Skill_Icon_0002', '22207', '0,2,1,0', '20103', 200, 1440, 500, 570, 670, 800, 1000, '23311', 33, 0, '22248', '2'),
	(214, 'Dog014', '21278', 'Skill_Icon_0010', '22211', '0,0,2,2', '20504,30104', 200, 1920, 670, 760, 890, 1060, 1330, '22216', 42, 0, '', '210013'),
	(215, 'Dog015', '21279', 'Skill_Icon_0004', '22208', '2,0,0,1', '20203', 200, 1440, 500, 570, 670, 800, 1000, '20002', 5, 1, '', '11015'),
	(216, 'Dog016', '21280', 'Skill_Icon_0010', '22211', '0,1,0,1', '20502,30102', 200, 500, 500, 570, 670, 800, 1000, '23326', 71, 0, '23240', '900023'),
	(217, 'Gold_6', '黃金的聖光', 'Skill_Icon_0005', '22211', '0,6,0,0', '20504,30104', 200, 1500, 3000, 3430, 4000, 4800, 6000, '22239', 51, 0, '', '11');
/*!40000 ALTER TABLE `SkillInfo` ENABLE KEYS */;

-- 傾印  資料表 koa_static.SkillMaxEffect 結構
CREATE TABLE IF NOT EXISTS `SkillMaxEffect` (
  `MaxEffectID` int(10) unsigned NOT NULL AUTO_INCREMENT,
  `EffectName` varchar(50) DEFAULT NULL COMMENT '效果名稱或標籤',
  `EffectType` smallint(6) NOT NULL DEFAULT 0 COMMENT '效果類型',
  `Target` tinyint(4) NOT NULL DEFAULT 0 COMMENT '作用對象',
  `Formula` text DEFAULT NULL COMMENT '公式(或值)',
  PRIMARY KEY (`MaxEffectID`)
) ENGINE=InnoDB DEFAULT CHARSET=utf8mb4 COMMENT='滿等級技能效果表';

-- 正在傾印表格  koa_static.SkillMaxEffect 的資料：~139 rows (近似值)
/*!40000 ALTER TABLE `SkillMaxEffect` DISABLE KEYS */;
INSERT INTO `SkillMaxEffect` (`MaxEffectID`, `EffectName`, `EffectType`, `Target`, `Formula`) VALUES
	(1, 'change_c01', 504, 0, NULL),
	(2, 'change_c02', 505, 0, NULL),
	(3, 'change_c03', 506, 0, NULL),
	(4, 'change_w01', 501, 0, NULL),
	(5, 'change_w02', 503, 0, NULL),
	(6, 'change_w03', 502, 0, NULL),
	(7, 'Add_EN_R01', 212, 0, '1'),
	(8, 'Add_EN_Y01', 213, 0, '1'),
	(9, 'Add_EN_B01', 214, 0, '1'),
	(10, 'Add_EN_G01', 215, 0, '1'),
	(11, 'Add_EN_A01', 211, 0, '1'),
	(12, 'Add_EN_Y02', 213, 0, '2'),
	(18, 'Add_EN_R02', 212, 0, '2'),
	(19, 'Add_EN_Y03', 213, 0, '3'),
	(20, 'Sub_EN_Red', 212, 0, '-Red'),
	(21, 'Sub_EN_Yellow', 213, 0, '-Yellow'),
	(22, 'Sub_EN_Blue', 214, 0, '-Blue'),
	(23, 'Sub_EN_Green', 215, 0, '-Green'),
	(24, 'Add_EN_RedBlue', 214, 0, 'Red'),
	(25, 'Add_EN_YelloRed', 212, 0, 'Yellow'),
	(26, 'Add_EN_BlueYello', 213, 0, 'Blue'),
	(27, 'Add_EN_RedGreen', 215, 0, 'Red'),
	(10012, 'H_Sub_12', 101, 0, '-0.012*N'),
	(10015, 'H_Sub_15', 101, 0, '-0.015*N'),
	(11010, 'H_down_10', 101, 0, '-H*1%*N*2'),
	(11011, 'H_down_11', 101, 0, '-H*1.1%*N*2'),
	(11012, 'H_down_12', 101, 0, '-H*1.2%*N*2'),
	(11013, 'H_down_13', 101, 0, '-H*1.3%*N*2'),
	(11015, 'H_down_15', 101, 0, '-H*1.5%*N*2'),
	(11020, 'H_down_20', 101, 0, '-H*2%*N*2'),
	(20012, 'S_ADD_12', 102, 0, '0.13*N'),
	(21010, 'S_UP_10', 102, 0, 'S*1%*N'),
	(21011, 'S_UP_11', 102, 0, 'S*1.1%*N'),
	(21012, 'S_UP_12', 102, 0, 'S*1.2%*N'),
	(21013, 'S_UP_13', 102, 0, 'S*1.3%*N'),
	(21015, 'S_UP_15', 102, 0, 'S*1.5%*N'),
	(21020, 'S_UP_20', 102, 0, 'S*2%*N'),
	(30007, 'HP_ADD_07', 201, 0, '0.7*N'),
	(30017, 'HP_ADD_17', 201, 0, '1.7*N'),
	(30026, 'HP_ADD_26', 201, 0, '2.6*N'),
	(31009, 'HP_UP_09', 201, 0, 'STA*0.9%*N'),
	(31013, 'HP_UP_13', 201, 0, 'STA*1.3%*N'),
	(31027, 'HP_UP_27', 201, 0, 'STA*2.7%*N'),
	(31036, 'HP_UP_36', 201, 0, 'STA*3.6%*N'),
	(40001, 'Unity_HP_01', 201, 0, '0.4*N*Featuer'),
	(40002, 'Unity_S_04', 102, 0, 'S*0.05*N*Featuer'),
	(41001, 'Unity_H_01', 101, 0, '-H*0.55%*N*Featuer'),
	(41002, 'Unity_S_01', 102, 0, 'S*0.65%*N*Featuer'),
	(41003, 'Unity_S_02', 102, 0, 'S*0.55%*N*Featuer'),
	(41004, 'Alone_Fig_01', 113, 0, '1.5*(1.7%-(Featuer*0.2%))*N*FIG'),
	(41005, 'Alone_Fig_02', 113, 0, '1.5*(1.7%-(Featuer*0.2%))*N*FIG'),
	(41006, 'Alone_Fig_03', 113, 0, '1.5*(1.7%-(Featuer*0.2%))*N*FIG'),
	(41007, 'Alone_Fig_04', 113, 0, '1.5*(1.7%-(Featuer*0.2%))*N*FIG'),
	(41008, 'Alone_Fig_05', 113, 0, '1.5*(1.7%-(Featuer*0.2%))*N*FIG'),
	(41009, 'Unity_S_03', 102, 0, 'S*1.06%*N*Genesis'),
	(41010, 'Unity_S_04', 102, 5, '-S*0.26%*N*Genesis*1.2'),
	(41011, 'Unity_S_05', 102, 0, 'S*(8.5%-(Genesis*1.06%))*N'),
	(41012, 'Alone_HP_01', 201, 0, '(1.7%-(Featuer*0.2%))*N*STA'),
	(41013, 'Alone_SPD_01', 111, 3, '-SPD*(1.7%-(Featuer*0.2%))*N'),
	(41014, 'Alone_H_01', 101, 0, '-H*(1.7%-(Featuer*0.2%))*N'),
	(41015, 'Alone_INT_01', 114, 0, '1.5*(1.7%-(Featuer*0.2%))*N*INT'),
	(41016, 'Unity_S_03', 102, 0, 'S*0.5%*N*Featuer'),
	(41017, 'Unity_Pow_01', 112, 0, 'POW*1.3*2*0.5%*N*Featuer'),
	(41018, 'Unity_Spd_01', 111, 0, 'SPD*2*0.5%*N*Featuer'),
	(41019, 'Alone_HP_02', 201, 0, '1.2*(1.7%-(Featuer*0.2%))*N*STA'),
	(41020, 'Alone_Uphill_01', 152, 0, '(1.7-(Featuer*0.2))*N*0.16'),
	(41021, 'Alone_S_01', 102, 0, '1.3*S*(1.7%-(Featuer*0.2%))*N'),
	(41022, 'Alone_Dune_01', 121, 0, '1.5*(1.7-(Featuer*0.2))*N*0.16'),
	(110024, 'Spd_ADD_24', 111, 0, '2.4*N'),
	(110030, 'Spd_ADD_30', 111, 0, '3.0*N'),
	(110039, 'Spd_ADD_39', 111, 0, '3.9*N'),
	(111020, 'Spd_UP_20', 111, 0, 'SPD*2%*N'),
	(111024, 'Spd_UP_24', 111, 0, 'SPD*2.4%*N'),
	(111026, 'Spd_UP_26', 111, 0, 'SPD*2.6%*N'),
	(111030, 'Spd_UP_30', 111, 0, 'SPD*3%*N'),
	(120020, 'Pow_ADD_20', 112, 0, '2*N'),
	(121020, 'Pow_UP_20', 112, 0, 'POW*2%*N'),
	(121022, 'Pow_UP_22', 112, 0, 'POW*2.2%*N'),
	(121026, 'Pow_UP_26', 112, 0, 'POW*2.6%*N'),
	(121030, 'Pow_UP_30', 112, 0, 'POW*3%*N'),
	(121039, 'Pow_UP_39', 112, 0, 'POW*3.9%*N'),
	(131020, 'Fig_UP_20', 113, 0, 'FIG*2%*N'),
	(141020, 'Int_UP_20', 114, 0, 'INT*2%*N'),
	(141026, 'Int_UP_26', 114, 0, 'INT*2.6%*N'),
	(141030, 'Int_UP_30', 114, 0, 'INT*3%*N'),
	(151010, 'Sta_UP_10', 115, 0, 'STA*1%*N'),
	(151015, 'Sta_UP_15', 115, 0, 'STA*1.5%*N'),
	(151030, 'Sta_UP_30', 115, 0, 'STA*3%*N'),
	(151040, 'Sta_UP_40', 115, 0, 'STA*4%*N'),
	(210012, 'Dune_ADD_12', 121, 0, '1.2*N*0.16'),
	(210013, 'Dune_ADD_13', 121, 0, '1.3*N*0.16'),
	(210015, 'Dune_ADD_15', 121, 0, '1.5*N*0.16'),
	(210017, 'Dune_ADD_17', 121, 0, '1.7*N*0.16'),
	(310010, 'Downwind_ADD_10', 131, 0, '1*N*0.16'),
	(320010, 'Crosswind_ADD_10', 132, 0, '1*N*0.16'),
	(320011, 'Crosswind_ADD_11', 132, 0, '1.1*N*0.16'),
	(330010, 'Againstwind_ADD_10', 133, 0, '1*N*0.16'),
	(410010, 'Sunny_ADD_10', 141, 0, '1*N*0.16'),
	(420010, 'Aurora_ADD_10', 142, 0, '1*N*0.16'),
	(420012, 'Aurora_ADD_12', 142, 0, '1.2*N*0.16'),
	(420013, 'Aurora_ADD_13', 142, 0, '1.3*N*0.16'),
	(420015, 'Aurora_ADD_15', 142, 0, '1.5*N*0.16'),
	(430010, 'Dust_ADD_10', 143, 0, '1*N*0.16'),
	(430012, 'Dust_ADD_12', 143, 0, '1.2*N*0.16'),
	(430015, 'Dust_ADD_15', 143, 0, '1.5*N*0.16'),
	(510010, 'Ground_ADD_10', 151, 0, '1*N*0.16*1.2'),
	(510013, 'Ground_ADD_13', 151, 0, '1.3*N*0.16*1.3'),
	(520010, 'Uphill_ADD_10', 152, 0, '1*N*0.16*1.3'),
	(520012, 'Uphill_ADD_12', 152, 0, '1.2*N*0.16*1.3'),
	(530010, 'Downhill_ADD_10', 153, 0, '1*N*0.16*1.3'),
	(530012, 'Downhill_ADD_12', 153, 0, '1.2*N*0.16*1.3'),
	(530013, 'Downhill_ADD_13', 153, 0, '1.3*N*0.16*1.3'),
	(530015, 'Downhill_ADD_15', 153, 0, '1.5*N*0.16*1.3'),
	(610012, 'Sun_ADD_12', 161, 0, '1.2*N*0.16'),
	(610013, 'Sun_ADD_13', 161, 0, '1.3*N*0.16'),
	(610016, 'Sun_ADD_16', 161, 0, '1.6*N*0.16'),
	(900001, 'Atk_S_10_5', 102, 5, '-0.1*N*1.2'),
	(900002, 'Atk_Int_12_4', 114, 4, 'INT*(0-1.2%)*N*1.2'),
	(900003, 'Atk_HP_15_3', 201, 3, '-1.5*N*1.2'),
	(900004, 'Atk_HP_15_1', 201, 1, '-1.5*N*1.2'),
	(900005, 'Atk_S_10_3', 102, 3, '-0.1*N*1.2'),
	(900006, 'Atk_H_10_1', 101, 1, '0.1*N*2*1.2'),
	(900007, 'Atk_Spd_13_5', 111, 5, 'SPD*(0-1.3%)*N*1.2'),
	(900008, 'Atk_Pow_10_5', 112, 5, 'POW*(0-1%)*N*1.2'),
	(900009, 'Atk_Pow_11_5', 112, 5, 'POW*(0-1.1%)*N*1.2'),
	(900010, 'Atk_Pow_30_3', 112, 3, 'POW*(0-3%)*N*1.2'),
	(900011, 'Atk_Spd_26_1', 111, 1, 'SPD*(0-2.6%)*N*1.2'),
	(900012, 'Atk_H_12_5', 101, 5, 'H*1.2%*N*2*1.2'),
	(900013, 'AtK_H_12_2', 101, 2, 'H*1.2%*N*2*1.2'),
	(900014, 'Atk_S_13_3', 102, 3, 'S*(0-1.3%)*N*1.2'),
	(900015, 'Atk_S_10_3', 102, 3, 'S*(0-1%)*N*1.2'),
	(900016, 'Atk_Int_13_5', 114, 5, '-1.3*N*1.2'),
	(900017, 'Atk_Dune_6_5', 121, 5, '-0.65*N*0.16*1.2'),
	(900018, 'Atk_Sunny_6_5', 141, 5, '-0.65*N*0.16*1.2'),
	(900019, 'Atk_HP_13_4', 201, 4, '-1.3*N*1.2'),
	(900020, 'Atk_S_11_2', 102, 2, 'S*(0-1.1%)*N*1.2'),
	(900021, 'Atk_HP_05_5', 201, 5, '-0.5*N*1.2'),
	(900022, 'Atk_Spd_26_3', 111, 3, '-2.6*N*1.2'),
	(900023, 'Atk_Pow_24_3', 112, 3, 'POW*(0-2.4%)*N*1.2');
/*!40000 ALTER TABLE `SkillMaxEffect` ENABLE KEYS */;

-- 傾印  資料表 koa_static.SkillNative 結構
CREATE TABLE IF NOT EXISTS `SkillNative` (
  `NativeCode` tinyint(2) unsigned zerofill NOT NULL DEFAULT 00 COMMENT '原生種標記',
  `AliasCode` varchar(50) NOT NULL COMMENT '技能識別碼',
  PRIMARY KEY (`NativeCode`)
) ENGINE=InnoDB DEFAULT CHARSET=utf8mb4 COMMENT='原生種技能';

-- 正在傾印表格  koa_static.SkillNative 的資料：~3 rows (近似值)
/*!40000 ALTER TABLE `SkillNative` DISABLE KEYS */;
INSERT INTO `SkillNative` (`NativeCode`, `AliasCode`) VALUES
	(01, 'Genesis_1'),
	(02, 'Genesis_2'),
	(03, 'Genesis_3');
/*!40000 ALTER TABLE `SkillNative` ENABLE KEYS */;

-- 傾印  資料表 koa_static.SkillPart 結構
CREATE TABLE IF NOT EXISTS `SkillPart` (
  `SkillPartID` int(10) unsigned NOT NULL AUTO_INCREMENT,
  `PartCode` varchar(50) DEFAULT NULL COMMENT '部位外觀碼',
  `PartType` tinyint(4) NOT NULL DEFAULT 0 COMMENT '部位',
  `AliasCode1` varchar(50) DEFAULT NULL COMMENT '技能識別碼',
  `AliasCode2` varchar(50) DEFAULT NULL COMMENT '技能識別碼',
  `AliasCode3` varchar(50) DEFAULT NULL COMMENT '技能識別碼',
  `SkillAffixID` int(11) unsigned NOT NULL COMMENT '詞綴技能ID',
  PRIMARY KEY (`SkillPartID`),
  UNIQUE KEY `PartCode_PartType` (`PartCode`,`PartType`)
) ENGINE=InnoDB DEFAULT CHARSET=utf8mb4 COMMENT='部位技能對照表';

-- 正在傾印表格  koa_static.SkillPart 的資料：~318 rows (近似值)
/*!40000 ALTER TABLE `SkillPart` DISABLE KEYS */;
INSERT INTO `SkillPart` (`SkillPartID`, `PartCode`, `PartType`, `AliasCode1`, `AliasCode2`, `AliasCode3`, `SkillAffixID`) VALUES
	(1, '110106', 1, 'Lion061', NULL, NULL, 7),
	(2, '110106', 2, 'Lion062', NULL, NULL, 7),
	(3, '110106', 3, 'Lion063', NULL, NULL, 7),
	(4, '110106', 4, 'Lion064', NULL, NULL, 7),
	(5, '110106', 5, 'Lion065', NULL, NULL, 7),
	(6, '110106', 6, 'Lion066', NULL, NULL, 7),
	(7, '110207', 1, 'Lion071', NULL, NULL, 5),
	(8, '110207', 2, 'Lion072', NULL, NULL, 5),
	(9, '110207', 3, 'Lion073', NULL, NULL, 5),
	(10, '110207', 4, 'Lion074', NULL, NULL, 5),
	(11, '110207', 5, 'Lion075', NULL, NULL, 5),
	(12, '110207', 6, 'Lion076', NULL, NULL, 5),
	(13, '110208', 1, 'Lion081', NULL, NULL, 9),
	(14, '110208', 2, 'Lion082', NULL, NULL, 9),
	(15, '110208', 3, 'Lion083', NULL, NULL, 9),
	(16, '110208', 4, 'Lion084', NULL, NULL, 9),
	(17, '110208', 5, 'Lion085', NULL, NULL, 9),
	(18, '110208', 6, 'Lion086', NULL, NULL, 9),
	(19, '110109', 1, 'Lion091', NULL, NULL, 10),
	(20, '110109', 2, 'Lion092', NULL, NULL, 10),
	(21, '110109', 3, 'Lion093', NULL, NULL, 10),
	(22, '110109', 4, 'Lion094', NULL, NULL, 10),
	(23, '110109', 5, 'Lion095', NULL, NULL, 10),
	(24, '110109', 6, 'Lion096', NULL, NULL, 10),
	(25, '110110', 1, 'Lion101', NULL, NULL, 12),
	(26, '110110', 2, 'Lion102', NULL, NULL, 12),
	(27, '110110', 3, 'Lion103', NULL, NULL, 12),
	(28, '110110', 4, 'Lion104', NULL, NULL, 12),
	(29, '110110', 5, 'Lion105', NULL, NULL, 12),
	(30, '110110', 6, 'Lion106', NULL, NULL, 12),
	(31, '110211', 1, 'Lion111', NULL, NULL, 2),
	(32, '110211', 2, 'Lion112', NULL, NULL, 2),
	(33, '110211', 3, 'Lion113', NULL, NULL, 2),
	(34, '110211', 4, 'Lion114', NULL, NULL, 2),
	(35, '110211', 5, 'Lion115', NULL, NULL, 2),
	(36, '110211', 6, 'Lion116', NULL, NULL, 2),
	(37, '130301', 1, 'Fox011', NULL, NULL, 6),
	(38, '130301', 2, 'Fox012', NULL, NULL, 6),
	(39, '130301', 3, 'Fox013', NULL, NULL, 6),
	(40, '130301', 4, 'Fox014', NULL, NULL, 6),
	(41, '130301', 5, 'Fox015', NULL, NULL, 6),
	(42, '130301', 6, 'Fox016', NULL, NULL, 6),
	(43, '130302', 1, 'Fox021', NULL, NULL, 11),
	(44, '130302', 2, 'Fox022', NULL, NULL, 11),
	(45, '130302', 3, 'Fox023', NULL, NULL, 11),
	(46, '130302', 4, 'Fox024', NULL, NULL, 11),
	(47, '130302', 5, 'Fox025', NULL, NULL, 11),
	(48, '130302', 6, 'Fox026', NULL, NULL, 11),
	(49, '130303', 1, 'Fox031', NULL, NULL, 12),
	(50, '130303', 2, 'Fox032', NULL, NULL, 12),
	(51, '130303', 3, 'Fox033', NULL, NULL, 12),
	(52, '130303', 4, 'Fox034', NULL, NULL, 12),
	(53, '130303', 5, 'Fox035', NULL, NULL, 12),
	(54, '130303', 6, 'Fox036', NULL, NULL, 12),
	(55, '140301', 1, 'Cat011', NULL, NULL, 3),
	(56, '140301', 2, 'Cat012', NULL, NULL, 3),
	(57, '140301', 3, 'Cat013', NULL, NULL, 3),
	(58, '140301', 4, 'Cat014', NULL, NULL, 3),
	(59, '140301', 5, 'Cat015', NULL, NULL, 3),
	(60, '140301', 6, 'Cat016', NULL, NULL, 3),
	(61, '140102', 1, 'Cat021', NULL, NULL, 4),
	(62, '140102', 2, 'Cat022', NULL, NULL, 4),
	(63, '140102', 3, 'Cat023', NULL, NULL, 4),
	(64, '140102', 4, 'Cat024', NULL, NULL, 4),
	(65, '140102', 5, 'Cat025', NULL, NULL, 4),
	(66, '140102', 6, 'Cat026', NULL, NULL, 4),
	(67, '140303', 1, 'Cat031', NULL, NULL, 10),
	(68, '140303', 2, 'Cat032', NULL, NULL, 10),
	(69, '140303', 3, 'Cat033', NULL, NULL, 10),
	(70, '140303', 4, 'Cat034', NULL, NULL, 10),
	(71, '140303', 5, 'Cat035', NULL, NULL, 10),
	(72, '140303', 6, 'Cat036', NULL, NULL, 10),
	(73, '140204', 1, 'Cat041', NULL, NULL, 2),
	(74, '140204', 2, 'Cat042', NULL, NULL, 2),
	(75, '140204', 3, 'Cat043', NULL, NULL, 2),
	(76, '140204', 4, 'Cat044', NULL, NULL, 2),
	(77, '140204', 5, 'Cat045', NULL, NULL, 2),
	(78, '140204', 6, 'Cat046', NULL, NULL, 2),
	(79, '140105', 1, 'Cat051', NULL, NULL, 1),
	(80, '140105', 2, 'Cat052', NULL, NULL, 1),
	(81, '140105', 3, 'Cat053', NULL, NULL, 1),
	(82, '140105', 4, 'Cat054', NULL, NULL, 1),
	(83, '140105', 5, 'Cat055', NULL, NULL, 1),
	(84, '140105', 6, 'Cat056', NULL, NULL, 1),
	(85, '140206', 1, 'Cat061', NULL, NULL, 9),
	(86, '140206', 2, 'Cat062', NULL, NULL, 9),
	(87, '140206', 3, 'Cat063', NULL, NULL, 9),
	(88, '140206', 4, 'Cat064', NULL, NULL, 9),
	(89, '140206', 5, 'Cat065', NULL, NULL, 9),
	(90, '140206', 6, 'Cat066', NULL, NULL, 9),
	(91, '110214', 1, 'Lion061', NULL, NULL, 13),
	(92, '110214', 2, 'Lion062', NULL, NULL, 13),
	(93, '110214', 3, 'Lion063', NULL, NULL, 13),
	(94, '110214', 4, 'Lion064', NULL, NULL, 13),
	(95, '110214', 5, 'Lion065', NULL, NULL, 13),
	(96, '110214', 6, 'Lion066', NULL, NULL, 13),
	(97, '140209', 1, 'Cat051', NULL, NULL, 13),
	(98, '140209', 2, 'Cat052', NULL, NULL, 13),
	(99, '140209', 3, 'Cat053', NULL, NULL, 13),
	(100, '140209', 4, 'Cat054', NULL, NULL, 13),
	(101, '140209', 5, 'Cat055', NULL, NULL, 13),
	(102, '140209', 6, 'Cat056', NULL, NULL, 13),
	(103, '110215', 1, 'Lion091', NULL, NULL, 13),
	(104, '110215', 2, 'Lion092', NULL, NULL, 13),
	(105, '110215', 3, 'Lion093', NULL, NULL, 13),
	(106, '110215', 4, 'Lion094', NULL, NULL, 13),
	(107, '110215', 5, 'Lion095', NULL, NULL, 13),
	(108, '110215', 6, 'Lion096', NULL, NULL, 13),
	(109, '130204', 1, 'Fox011', NULL, NULL, 13),
	(110, '130204', 2, 'Fox012', NULL, NULL, 13),
	(111, '130204', 3, 'Fox013', NULL, NULL, 13),
	(112, '130204', 4, 'Fox014', NULL, NULL, 13),
	(113, '130204', 5, 'Fox015', NULL, NULL, 13),
	(114, '130204', 6, 'Fox016', NULL, NULL, 13),
	(115, '170103', 1, 'Monkey011', NULL, NULL, 5),
	(116, '170103', 2, 'Monkey012', NULL, NULL, 5),
	(117, '170103', 3, 'Monkey013', NULL, NULL, 5),
	(118, '170103', 4, 'Monkey014', NULL, NULL, 5),
	(119, '170103', 5, 'Monkey015', NULL, NULL, 5),
	(120, '170103', 6, 'Monkey016', NULL, NULL, 5),
	(121, '170304', 1, 'Monkey021', NULL, NULL, 8),
	(122, '170304', 2, 'Monkey022', NULL, NULL, 8),
	(123, '170304', 3, 'Monkey023', NULL, NULL, 8),
	(124, '170304', 4, 'Monkey024', NULL, NULL, 8),
	(125, '170304', 5, 'Monkey025', NULL, NULL, 8),
	(126, '170304', 6, 'Monkey026', NULL, NULL, 8),
	(127, '170201', 1, 'Monkey031', NULL, NULL, 7),
	(128, '170201', 2, 'Monkey032', NULL, NULL, 7),
	(129, '170201', 3, 'Monkey033', NULL, NULL, 7),
	(130, '170201', 4, 'Monkey034', NULL, NULL, 7),
	(131, '170201', 5, 'Monkey035', NULL, NULL, 7),
	(132, '170201', 6, 'Monkey036', NULL, NULL, 7),
	(133, '170302', 1, 'Monkey041', NULL, NULL, 2),
	(134, '170302', 2, 'Monkey042', NULL, NULL, 2),
	(135, '170302', 3, 'Monkey043', NULL, NULL, 2),
	(136, '170302', 4, 'Monkey044', NULL, NULL, 2),
	(137, '170302', 5, 'Monkey045', NULL, NULL, 2),
	(138, '170302', 6, 'Monkey046', NULL, NULL, 2),
	(139, '170105', 1, 'Monkey051', NULL, NULL, 3),
	(140, '170105', 2, 'Monkey052', NULL, NULL, 3),
	(141, '170105', 3, 'Monkey053', NULL, NULL, 3),
	(142, '170105', 4, 'Monkey054', NULL, NULL, 3),
	(143, '170105', 5, 'Monkey055', NULL, NULL, 3),
	(144, '170105', 6, 'Monkey056', NULL, NULL, 3),
	(145, '110112', 1, 'Lion121', NULL, NULL, 8),
	(146, '110112', 2, 'Lion122', NULL, NULL, 8),
	(147, '110112', 3, 'Lion123', NULL, NULL, 8),
	(148, '110112', 4, 'Lion124', NULL, NULL, 8),
	(149, '110112', 5, 'Lion125', NULL, NULL, 8),
	(150, '110112', 6, 'Lion126', NULL, NULL, 8),
	(151, '110113', 1, 'Lion131', NULL, NULL, 6),
	(152, '110113', 2, 'Lion132', NULL, NULL, 6),
	(153, '110113', 3, 'Lion133', NULL, NULL, 6),
	(154, '110113', 4, 'Lion134', NULL, NULL, 6),
	(155, '110113', 5, 'Lion135', NULL, NULL, 6),
	(156, '110113', 6, 'Lion136', NULL, NULL, 6),
	(157, '160204', 1, 'Dog011', NULL, NULL, 11),
	(158, '160204', 2, 'Dog012', NULL, NULL, 11),
	(159, '160204', 3, 'Dog013', NULL, NULL, 11),
	(160, '160204', 4, 'Dog014', NULL, NULL, 11),
	(161, '160204', 5, 'Dog015', NULL, NULL, 11),
	(162, '160204', 6, 'Dog016', NULL, NULL, 11),
	(163, '140307', 1, 'Cat081', NULL, NULL, 6),
	(164, '140307', 2, 'Cat082', NULL, NULL, 6),
	(165, '140307', 3, 'Cat083', NULL, NULL, 6),
	(166, '140307', 4, 'Cat084', NULL, NULL, 6),
	(167, '140307', 5, 'Cat085', NULL, NULL, 6),
	(168, '140307', 6, 'Cat086', NULL, NULL, 6),
	(169, '140308', 1, 'Cat071', NULL, NULL, 4),
	(170, '140308', 2, 'Cat072', NULL, NULL, 4),
	(171, '140308', 3, 'Cat073', NULL, NULL, 4),
	(172, '140308', 4, 'Cat074', NULL, NULL, 4),
	(173, '140308', 5, 'Cat075', NULL, NULL, 4),
	(174, '140308', 6, 'Cat076', NULL, NULL, 4),
	(175, '180101', 1, 'Lion061', NULL, NULL, 7),
	(176, '180101', 2, 'Lion062', NULL, NULL, 7),
	(177, '180101', 3, 'Lion063', NULL, NULL, 7),
	(178, '180101', 4, 'Lion064', NULL, NULL, 7),
	(179, '180101', 5, 'Lion065', NULL, NULL, 7),
	(180, '180101', 6, 'Lion066', NULL, NULL, 7),
	(181, '180202', 1, 'Lion071', NULL, NULL, 5),
	(182, '180202', 2, 'Lion072', NULL, NULL, 5),
	(183, '180202', 3, 'Lion073', NULL, NULL, 5),
	(184, '180202', 4, 'Lion074', NULL, NULL, 5),
	(185, '180202', 5, 'Lion075', NULL, NULL, 5),
	(186, '180202', 6, 'Lion076', NULL, NULL, 5),
	(187, '180303', 1, 'Lion081', NULL, NULL, 9),
	(188, '180303', 2, 'Lion082', NULL, NULL, 9),
	(189, '180303', 3, 'Lion083', NULL, NULL, 9),
	(190, '180303', 4, 'Lion084', NULL, NULL, 9),
	(191, '180303', 5, 'Lion085', NULL, NULL, 9),
	(192, '180303', 6, 'Lion086', NULL, NULL, 9),
	(193, '180104', 1, 'Lion091', NULL, NULL, 10),
	(194, '180104', 2, 'Lion092', NULL, NULL, 10),
	(195, '180104', 3, 'Lion093', NULL, NULL, 10),
	(196, '180104', 4, 'Lion094', NULL, NULL, 10),
	(197, '180104', 5, 'Lion095', NULL, NULL, 10),
	(198, '180104', 6, 'Lion096', NULL, NULL, 10),
	(199, '180205', 1, 'Lion101', NULL, NULL, 12),
	(200, '180205', 2, 'Lion102', NULL, NULL, 12),
	(201, '180205', 3, 'Lion103', NULL, NULL, 12),
	(202, '180205', 4, 'Lion104', NULL, NULL, 12),
	(203, '180205', 5, 'Lion105', NULL, NULL, 12),
	(204, '180205', 6, 'Lion106', NULL, NULL, 12),
	(205, '180306', 1, 'Lion111', NULL, NULL, 2),
	(206, '180306', 2, 'Lion112', NULL, NULL, 2),
	(207, '180306', 3, 'Lion113', NULL, NULL, 2),
	(208, '180306', 4, 'Lion114', NULL, NULL, 2),
	(209, '180306', 5, 'Lion115', NULL, NULL, 2),
	(210, '180306', 6, 'Lion116', NULL, NULL, 2),
	(211, '180107', 1, 'Fox011', NULL, NULL, 6),
	(212, '180107', 2, 'Fox012', NULL, NULL, 6),
	(213, '180107', 3, 'Fox013', NULL, NULL, 6),
	(214, '180107', 4, 'Fox014', NULL, NULL, 6),
	(215, '180107', 5, 'Fox015', NULL, NULL, 6),
	(216, '180107', 6, 'Fox016', NULL, NULL, 6),
	(217, '180208', 1, 'Fox021', NULL, NULL, 11),
	(218, '180208', 2, 'Fox022', NULL, NULL, 11),
	(219, '180208', 3, 'Fox023', NULL, NULL, 11),
	(220, '180208', 4, 'Fox024', NULL, NULL, 11),
	(221, '180208', 5, 'Fox025', NULL, NULL, 11),
	(222, '180208', 6, 'Fox026', NULL, NULL, 11),
	(223, '180309', 1, 'Fox031', NULL, NULL, 12),
	(224, '180309', 2, 'Fox032', NULL, NULL, 12),
	(225, '180309', 3, 'Fox033', NULL, NULL, 12),
	(226, '180309', 4, 'Fox034', NULL, NULL, 12),
	(227, '180309', 5, 'Fox035', NULL, NULL, 12),
	(228, '180309', 6, 'Fox036', NULL, NULL, 12),
	(229, '180110', 1, 'Cat011', NULL, NULL, 3),
	(230, '180110', 2, 'Cat012', NULL, NULL, 3),
	(231, '180110', 3, 'Cat013', NULL, NULL, 3),
	(232, '180110', 4, 'Cat014', NULL, NULL, 3),
	(233, '180110', 5, 'Cat015', NULL, NULL, 3),
	(234, '180110', 6, 'Cat016', NULL, NULL, 3),
	(235, '180211', 1, 'Cat021', NULL, NULL, 4),
	(236, '180211', 2, 'Cat022', NULL, NULL, 4),
	(237, '180211', 3, 'Cat023', NULL, NULL, 4),
	(238, '180211', 4, 'Cat024', NULL, NULL, 4),
	(239, '180211', 5, 'Cat025', NULL, NULL, 4),
	(240, '180211', 6, 'Cat026', NULL, NULL, 4),
	(241, '180312', 1, 'Cat031', NULL, NULL, 10),
	(242, '180312', 2, 'Cat032', NULL, NULL, 10),
	(243, '180312', 3, 'Cat033', NULL, NULL, 10),
	(244, '180312', 4, 'Cat034', NULL, NULL, 10),
	(245, '180312', 5, 'Cat035', NULL, NULL, 10),
	(246, '180312', 6, 'Cat036', NULL, NULL, 10),
	(247, '180113', 1, 'Cat041', NULL, NULL, 2),
	(248, '180113', 2, 'Cat042', NULL, NULL, 2),
	(249, '180113', 3, 'Cat043', NULL, NULL, 2),
	(250, '180113', 4, 'Cat044', NULL, NULL, 2),
	(251, '180113', 5, 'Cat045', NULL, NULL, 2),
	(252, '180113', 6, 'Cat046', NULL, NULL, 2),
	(253, '180214', 1, 'Cat051', NULL, NULL, 1),
	(254, '180214', 2, 'Cat052', NULL, NULL, 1),
	(255, '180214', 3, 'Cat053', NULL, NULL, 1),
	(256, '180214', 4, 'Cat054', NULL, NULL, 1),
	(257, '180214', 5, 'Cat055', NULL, NULL, 1),
	(258, '180214', 6, 'Cat056', NULL, NULL, 1),
	(259, '180315', 1, 'Cat061', NULL, NULL, 9),
	(260, '180315', 2, 'Cat062', NULL, NULL, 9),
	(261, '180315', 3, 'Cat063', NULL, NULL, 9),
	(262, '180315', 4, 'Cat064', NULL, NULL, 9),
	(263, '180315', 5, 'Cat065', NULL, NULL, 9),
	(264, '180315', 6, 'Cat066', NULL, NULL, 9),
	(265, '180116', 1, 'Lion061', NULL, NULL, 7),
	(266, '180116', 2, 'Lion062', NULL, NULL, 7),
	(267, '180116', 3, 'Lion063', NULL, NULL, 7),
	(268, '180116', 4, 'Lion064', NULL, NULL, 7),
	(269, '180116', 5, 'Lion065', NULL, NULL, 7),
	(270, '180116', 6, 'Lion066', NULL, NULL, 7),
	(271, '180217', 1, 'Cat051', NULL, NULL, 1),
	(272, '180217', 2, 'Cat052', NULL, NULL, 1),
	(273, '180217', 3, 'Cat053', NULL, NULL, 1),
	(274, '180217', 4, 'Cat054', NULL, NULL, 1),
	(275, '180217', 5, 'Cat055', NULL, NULL, 1),
	(276, '180217', 6, 'Cat056', NULL, NULL, 1),
	(277, '180318', 1, 'Lion091', NULL, NULL, 10),
	(278, '180318', 2, 'Lion092', NULL, NULL, 10),
	(279, '180318', 3, 'Lion093', NULL, NULL, 10),
	(280, '180318', 4, 'Lion094', NULL, NULL, 10),
	(281, '180318', 5, 'Lion095', NULL, NULL, 10),
	(282, '180318', 6, 'Lion096', NULL, NULL, 10),
	(283, '180119', 1, 'Fox011', NULL, NULL, 6),
	(284, '180119', 2, 'Fox012', NULL, NULL, 6),
	(285, '180119', 3, 'Fox013', NULL, NULL, 6),
	(286, '180119', 4, 'Fox014', NULL, NULL, 6),
	(287, '180119', 5, 'Fox015', NULL, NULL, 6),
	(288, '180119', 6, 'Fox016', NULL, NULL, 6),
	(289, '180220', 1, 'Monkey011', NULL, NULL, 5),
	(290, '180220', 2, 'Monkey012', NULL, NULL, 5),
	(291, '180220', 3, 'Monkey013', NULL, NULL, 5),
	(292, '180220', 4, 'Monkey014', NULL, NULL, 5),
	(293, '180220', 5, 'Monkey015', NULL, NULL, 5),
	(294, '180220', 6, 'Monkey016', NULL, NULL, 5),
	(295, '180321', 1, 'Monkey021', NULL, NULL, 8),
	(296, '180321', 2, 'Monkey022', NULL, NULL, 8),
	(297, '180321', 3, 'Monkey023', NULL, NULL, 8),
	(298, '180321', 4, 'Monkey024', NULL, NULL, 8),
	(299, '180321', 5, 'Monkey025', NULL, NULL, 8),
	(300, '180321', 6, 'Monkey026', NULL, NULL, 8),
	(301, '180122', 1, 'Monkey031', NULL, NULL, 7),
	(302, '180122', 2, 'Monkey032', NULL, NULL, 7),
	(303, '180122', 3, 'Monkey033', NULL, NULL, 7),
	(304, '180122', 4, 'Monkey034', NULL, NULL, 7),
	(305, '180122', 5, 'Monkey035', NULL, NULL, 7),
	(306, '180122', 6, 'Monkey036', NULL, NULL, 7),
	(307, '180223', 1, 'Monkey041', NULL, NULL, 2),
	(308, '180223', 2, 'Monkey042', NULL, NULL, 2),
	(309, '180223', 3, 'Monkey043', NULL, NULL, 2),
	(310, '180223', 4, 'Monkey044', NULL, NULL, 2),
	(311, '180223', 5, 'Monkey045', NULL, NULL, 2),
	(312, '180223', 6, 'Monkey046', NULL, NULL, 2),
	(313, '170206', 1, 'Monkey031', NULL, NULL, 13),
	(314, '170206', 2, 'Monkey032', NULL, NULL, 13),
	(315, '170206', 3, 'Monkey033', NULL, NULL, 13),
	(316, '170206', 4, 'Monkey034', NULL, NULL, 13),
	(317, '170206', 5, 'Monkey035', NULL, NULL, 13),
	(318, '170206', 6, 'Monkey036', NULL, NULL, 13);
/*!40000 ALTER TABLE `SkillPart` ENABLE KEYS */;

-- 傾印  資料表 koa_static.SkillPurebred 結構
CREATE TABLE IF NOT EXISTS `SkillPurebred` (
  `SpeciesCode` tinyint(2) unsigned zerofill NOT NULL DEFAULT 00 COMMENT '物種碼',
  `AliasCode` varchar(50) NOT NULL COMMENT '技能識別碼',
  PRIMARY KEY (`SpeciesCode`)
) ENGINE=InnoDB DEFAULT CHARSET=utf8mb4 COMMENT='純種技能';

-- 正在傾印表格  koa_static.SkillPurebred 的資料：~6 rows (近似值)
/*!40000 ALTER TABLE `SkillPurebred` DISABLE KEYS */;
INSERT INTO `SkillPurebred` (`SpeciesCode`, `AliasCode`) VALUES
	(11, 'Pur_Lion'),
	(13, 'Pur_Fox'),
	(14, 'Pur_Cat'),
	(16, 'Pur_Lion'),
	(17, 'Pur_Cat'),
	(18, 'Pur_Fox');
/*!40000 ALTER TABLE `SkillPurebred` ENABLE KEYS */;

-- 傾印  資料表 koa_static.StoreCounters 結構
CREATE TABLE IF NOT EXISTS `StoreCounters` (
  `CIndex` int(11) unsigned NOT NULL DEFAULT 0 COMMENT '索引值',
  `GroupID` int(10) unsigned NOT NULL DEFAULT 0 COMMENT '群組',
  `CounterID` int(10) unsigned NOT NULL DEFAULT 0 COMMENT '專櫃Id',
  `ItemID` int(11) NOT NULL DEFAULT 0 COMMENT '商品Id',
  `Amount` int(10) unsigned NOT NULL DEFAULT 0 COMMENT '商品數量',
  `Inventory` int(10) NOT NULL DEFAULT 0 COMMENT '庫存',
  `Price` int(10) unsigned NOT NULL DEFAULT 0 COMMENT '售價',
  `Currency` int(11) NOT NULL DEFAULT 0 COMMENT '售價貨幣',
  `Promotion` tinyint(4) unsigned NOT NULL DEFAULT 0 COMMENT '促銷類型',
  PRIMARY KEY (`CIndex`),
  KEY `GroupID` (`GroupID`)
) ENGINE=InnoDB DEFAULT CHARSET=utf8mb4 COMMENT='一般商店';

-- 正在傾印表格  koa_static.StoreCounters 的資料：~36 rows (近似值)
/*!40000 ALTER TABLE `StoreCounters` DISABLE KEYS */;
INSERT INTO `StoreCounters` (`CIndex`, `GroupID`, `CounterID`, `ItemID`, `Amount`, `Inventory`, `Price`, `Currency`, `Promotion`) VALUES
	(1, 2000, 2000, 5100, 1, 3, 600, -2, 0),
	(2, 2000, 2000, -2, 1800, 1, 0, -2, 0),
	(3, 2000, 2000, 4012, 1, 1, 0, -2, 0),
	(4, 2001, 20011, 4008, 1, 5, 2400, -2, 3),
	(5, 2001, 20011, 4009, 1, 5, 700, -2, 3),
	(6, 2001, 20011, 4010, 1, 5, 7200, -2, 3),
	(7, 2001, 20011, 4011, 1, 5, 13000, -2, 3),
	(8, 2001, 20012, 4008, 1, 1, 2400, -2, 5),
	(9, 2001, 20012, 4009, 1, 1, 700, -2, 5),
	(10, 2001, 20012, 4010, 1, 1, 7200, -2, 5),
	(11, 2001, 20012, 4011, 1, 1, 13000, -2, 5),
	(12, 2001, 20013, 4008, 1, 99, 2400, -2, 0),
	(13, 2001, 20013, 4009, 1, 99, 700, -2, 0),
	(14, 2001, 20013, 4010, 1, 99, 7200, -2, 0),
	(15, 2001, 20013, 4011, 1, 99, 13000, -2, 0),
	(16, 2002, 2002, -2, 1000, 99, 240, -3, 0),
	(17, 2002, 2002, -2, 10000, 99, 2200, -3, 0),
	(18, 2002, 2002, -2, 100000, 99, 20000, -3, 0),
	(19, 2003, 2003, 1001, 1, 99, 5, -3, 0),
	(20, 2003, 2003, 1002, 1, 99, 20, -3, 0),
	(21, 2003, 2003, 1003, 1, 99, 50, -3, 0),
	(22, 2003, 2003, 1111, 1, 99, 10, -3, 0),
	(23, 2003, 2003, 1112, 1, 99, 75, -3, 0),
	(24, 2003, 2003, 1121, 1, 99, 10, -3, 0),
	(25, 2003, 2003, 1122, 1, 99, 75, -3, 0),
	(26, 2003, 2003, 1131, 1, 99, 10, -3, 0),
	(27, 2003, 2003, 1132, 1, 99, 75, -3, 0),
	(28, 2003, 2003, 2000, 1, 5, 125, -3, 0),
	(29, 2003, 2003, 2011, 1, 5, 125, -3, 0),
	(30, 2003, 2003, 2014, 1, 5, 125, -3, 0),
	(31, 2003, 2003, 2014, 1, 5, 125, -3, 0),
	(32, 2003, 2003, 2017, 1, 5, 125, -3, 0),
	(33, 2003, 2003, 2016, 1, 5, 125, -3, 0),
	(34, 2003, 2003, 2015, 1, 5, 125, -3, 0),
	(35, 2003, 2003, 2002, 1, 5, 125, -3, 0),
	(36, 2003, 2003, 2014, 1, 5, 125, -3, 0);
/*!40000 ALTER TABLE `StoreCounters` ENABLE KEYS */;

-- 傾印  資料表 koa_static.StoreData 結構
CREATE TABLE IF NOT EXISTS `StoreData` (
  `StoreID` int(11) unsigned NOT NULL DEFAULT 0 COMMENT '商店編號',
  `IsOpen` tinyint(2) unsigned NOT NULL DEFAULT 0 COMMENT '是否開放',
  `MultiName` varchar(20) NOT NULL DEFAULT '' COMMENT '商店名稱(多國語言編號)',
  `StoreType` tinyint(4) unsigned NOT NULL DEFAULT 0 COMMENT '商店類型',
  `UIStyle` tinyint(4) unsigned NOT NULL DEFAULT 0 COMMENT '介面類型',
  `FixedGroup` int(10) unsigned NOT NULL DEFAULT 0 COMMENT '固定商品專櫃群組',
  `StochasticGroup` int(10) unsigned DEFAULT 0 COMMENT '隨機商品專櫃群組',
  `RefreshCount` int(10) unsigned NOT NULL DEFAULT 0 COMMENT '每日刷新次數',
  `RefreshCost` int(10) unsigned NOT NULL DEFAULT 0 COMMENT '刷新費用',
  `RefreshCostCurrency` int(11) NOT NULL DEFAULT 0 COMMENT '刷新費用之貨幣',
  PRIMARY KEY (`StoreID`),
  KEY `IsOpen` (`IsOpen`)
) ENGINE=InnoDB DEFAULT CHARSET=utf8mb4 COMMENT='商店資訊';

-- 正在傾印表格  koa_static.StoreData 的資料：~2 rows (近似值)
/*!40000 ALTER TABLE `StoreData` DISABLE KEYS */;
INSERT INTO `StoreData` (`StoreID`, `IsOpen`, `MultiName`, `StoreType`, `UIStyle`, `FixedGroup`, `StochasticGroup`, `RefreshCount`, `RefreshCost`, `RefreshCostCurrency`) VALUES
	(1, 1, '367', 4, 1, 1, 0, 0, 0, 0),
	(2, 0, '', 2, 1, 2004, 0, 0, 0, 0),
	(3, 0, '', 3, 3, 2005, 0, 0, 0, 0),
	(4, 1, '370', 1, 3, 2000, 2001, 10, 10, 2),
	(5, 1, '368', 1, 3, 2002, 2003, 10, 10, 2);
/*!40000 ALTER TABLE `StoreData` ENABLE KEYS */;

-- 傾印  資料表 koa_static.StoreProductInfo 結構
CREATE TABLE IF NOT EXISTS `StoreProductInfo` (
  `Serial` int(11) unsigned NOT NULL AUTO_INCREMENT COMMENT '流水號',
  `ProductID` varchar(50) NOT NULL DEFAULT '' COMMENT '商品Key',
  `MultiNo` varchar(50) DEFAULT '' COMMENT '產品名稱(多語系編號)',
  `Price` float(10,2) unsigned NOT NULL DEFAULT 0.00 COMMENT '售價',
  `ISOCurrency` varchar(10) NOT NULL DEFAULT '' COMMENT '貨幣',
  PRIMARY KEY (`Serial`),
  UNIQUE KEY `ProductID_ISOCurrency` (`ProductID`,`ISOCurrency`),
  KEY `ProductID` (`ProductID`)
) ENGINE=InnoDB DEFAULT CHARSET=utf8mb4 COMMENT='儲值商店品項資訊';

-- 正在傾印表格  koa_static.StoreProductInfo 的資料：~2 rows (近似值)
/*!40000 ALTER TABLE `StoreProductInfo` DISABLE KEYS */;
INSERT INTO `StoreProductInfo` (`Serial`, `ProductID`, `MultiNo`, `Price`, `ISOCurrency`) VALUES
	(1, 'com.oteygaming.peta_01_001', '8134', 50.00, 'TWD'),
	(2, 'com.oteygaming.peta_01_002', '8134', 170.00, 'TWD'),
	(3, 'com.oteygaming.peta_01_003', '8134', 350.00, 'TWD'),
	(4, 'com.oteygaming.peta_01_004', '8134', 1000.00, 'TWD'),
	(5, 'com.oteygaming.peta_01_005', '8134', 1690.00, 'TWD'),
	(6, 'com.oteygaming.peta_01_006', '8134', 3290.00, 'TWD'),
	(7, 'com.oteygaming.peta_01_101', '8130', 50.00, 'TWD'),
	(8, 'com.oteygaming.peta_01_102', '8130', 350.00, 'TWD'),
	(9, 'com.oteygaming.peta_01_103', '8130', 1490.00, 'TWD');
/*!40000 ALTER TABLE `StoreProductInfo` ENABLE KEYS */;

-- 傾印  資料表 koa_static.StorePurchase 結構
CREATE TABLE IF NOT EXISTS `StorePurchase` (
  `PIndex` int(11) unsigned NOT NULL DEFAULT 0 COMMENT '索引值',
  `GroupID` int(10) unsigned NOT NULL DEFAULT 0 COMMENT '群組',
  `PurchaseID` int(10) unsigned NOT NULL DEFAULT 0 COMMENT '課金Id',
  `ItemID` int(11) NOT NULL DEFAULT 0 COMMENT '商品Id',
  `Amount` int(10) unsigned NOT NULL DEFAULT 0 COMMENT '商品數量',
  `ProductID` varchar(255) NOT NULL DEFAULT '0' COMMENT '商品ProductID',
  PRIMARY KEY (`PIndex`),
  KEY `GroupID` (`GroupID`)
) ENGINE=InnoDB DEFAULT CHARSET=utf8mb4 COMMENT='儲值商店';

-- 正在傾印表格  koa_static.StorePurchase 的資料：~12 rows (近似值)
/*!40000 ALTER TABLE `StorePurchase` DISABLE KEYS */;
INSERT INTO `StorePurchase` (`PIndex`, `GroupID`, `PurchaseID`, `ItemID`, `Amount`, `ProductID`) VALUES
	(1, 1, 1001, -3, 700, 'com.oteygaming.peta_01_001'),
	(2, 1, 1002, -3, 3700, 'com.oteygaming.peta_01_002'),
	(3, 1, 1003, -3, 8100, 'com.oteygaming.peta_01_003'),
	(4, 1, 1004, -3, 25000, 'com.oteygaming.peta_01_004'),
	(5, 1, 1005, -3, 45000, 'com.oteygaming.peta_01_005'),
	(6, 1, 1006, -3, 94000, 'com.oteygaming.peta_01_006'),
	(7, 1, 1007, 5201, 1, 'com.oteygaming.peta_01_101'),
	(8, 1, 1008, 5201, 10, 'com.oteygaming.peta_01_102'),
	(9, 1, 1009, 5201, 50, 'com.oteygaming.peta_01_103');
/*!40000 ALTER TABLE `StorePurchase` ENABLE KEYS */;

-- 傾印  資料表 koa_static.UpgradeBonus 結構
CREATE TABLE IF NOT EXISTS `UpgradeBonus` (
  `BonusID` int(11) NOT NULL AUTO_INCREMENT COMMENT '編號',
  `Multiplier` int(11) unsigned NOT NULL DEFAULT 0 COMMENT '加成倍率',
  PRIMARY KEY (`BonusID`)
) ENGINE=InnoDB DEFAULT CHARSET=utf8mb4 COMMENT='升級加成倍率';

-- 正在傾印表格  koa_static.UpgradeBonus 的資料：~2 rows (近似值)
/*!40000 ALTER TABLE `UpgradeBonus` DISABLE KEYS */;
INSERT INTO `UpgradeBonus` (`BonusID`, `Multiplier`) VALUES
	(1, 150),
	(2, 200);
/*!40000 ALTER TABLE `UpgradeBonus` ENABLE KEYS */;

-- 傾印  資料表 koa_static.UpgradeMode 結構
CREATE TABLE IF NOT EXISTS `UpgradeMode` (
  `Mode` tinyint(4) NOT NULL DEFAULT 0 COMMENT '強化模式',
  `ChargeMultiply` int(11) NOT NULL DEFAULT 0 COMMENT '手續費倍率',
  `BigBonusProbability` int(11) NOT NULL DEFAULT 0 COMMENT '大成功機率',
  `UltimateBonusProbability` int(11) NOT NULL DEFAULT 0 COMMENT '大成功機率',
  PRIMARY KEY (`Mode`)
) ENGINE=InnoDB DEFAULT CHARSET=utf8mb4 COMMENT='提升角色等級的模式';

-- 正在傾印表格  koa_static.UpgradeMode 的資料：~3 rows (近似值)
/*!40000 ALTER TABLE `UpgradeMode` DISABLE KEYS */;
INSERT INTO `UpgradeMode` (`Mode`, `ChargeMultiply`, `BigBonusProbability`, `UltimateBonusProbability`) VALUES
	(1, 100, 20, 5);
/*!40000 ALTER TABLE `UpgradeMode` ENABLE KEYS */;

-- 傾印  資料表 koa_static.VIPPrivilege 結構
CREATE TABLE IF NOT EXISTS `VIPPrivilege` (
  `VIPRank` int(11) NOT NULL DEFAULT 0 COMMENT 'VIP等級',
  `Diamond` int(11) NOT NULL DEFAULT 0 COMMENT '儲值鑽石數',
  `PowerLimit` int(11) NOT NULL DEFAULT 0 COMMENT '體力上限',
  `PowerRate` int(11) NOT NULL DEFAULT 0 COMMENT '每一點體力回復秒數',
  `UCGChain` tinyint(4) NOT NULL DEFAULT 0 COMMENT '可否上鍊匯出',
  `TicketCoin` tinyint(4) NOT NULL DEFAULT 0 COMMENT '每日發PVP練習券(晉級金幣賽)',
  `TicketCoinLimit` tinyint(4) NOT NULL DEFAULT 0 COMMENT 'PVP練習券上限(晉級金幣賽)',
  `TicketQualifying` tinyint(4) NOT NULL DEFAULT 0 COMMENT '每日發PVP邀請券(晉級UCG賽)',
  `TicketQualifyingLimit` tinyint(4) NOT NULL DEFAULT 0 COMMENT 'PVP邀請券上限(晉級UCG賽)',
  `TicketMaxLevel` int(11) NOT NULL DEFAULT 0 COMMENT '每日發PVP門票(滿等技術賽)',
  `TicketMaxLevelLimit` int(11) NOT NULL DEFAULT 0 COMMENT 'PVP門票上限(滿等技術賽)',
  `FreePlayer` int(11) DEFAULT NULL COMMENT '免費Peta領取',
  `PVESpeedRun` tinyint(4) NOT NULL DEFAULT 0 COMMENT 'PVE掃蕩權限',
  PRIMARY KEY (`VIPRank`)
) ENGINE=InnoDB DEFAULT CHARSET=utf8mb4 COMMENT='VIP用戶權限表';

-- 正在傾印表格  koa_static.VIPPrivilege 的資料：~16 rows (近似值)
/*!40000 ALTER TABLE `VIPPrivilege` DISABLE KEYS */;
INSERT INTO `VIPPrivilege` (`VIPRank`, `Diamond`, `PowerLimit`, `PowerRate`, `UCGChain`, `TicketCoin`, `TicketCoinLimit`, `TicketQualifying`, `TicketQualifyingLimit`, `TicketMaxLevel`, `TicketMaxLevelLimit`, `FreePlayer`, `PVESpeedRun`) VALUES
	(0, 0, 100, 1200, 0, 1, 3, 0, 0, 0, 0, NULL, 0),
	(1, 1, 100, 1200, 0, 1, 4, 0, 0, 0, 0, NULL, 1),
	(2, 100, 100, 1150, 0, 1, 5, 0, 0, 0, 0, NULL, 1),
	(3, 600, 100, 1100, 0, 2, 6, 0, 0, 0, 0, NULL, 1),
	(4, 3000, 100, 1050, 0, 2, 7, 0, 0, 0, 0, NULL, 1),
	(5, 6000, 100, 1000, 0, 2, 8, 0, 0, 0, 0, NULL, 1),
	(6, 10000, 150, 900, 1, 3, 9, 1, 3, 0, 0, NULL, 1),
	(7, 30000, 150, 850, 1, 4, 10, 2, 5, 0, 0, NULL, 1),
	(8, 50000, 200, 800, 1, 5, 15, 3, 10, 1, 3, NULL, 1),
	(9, 100000, 200, 750, 1, 6, 20, 4, 12, 1, 4, NULL, 1),
	(10, 150000, 200, 700, 1, 7, 25, 5, 15, 1, 5, NULL, 1),
	(11, 180000, 250, 650, 1, 8, 30, 6, 20, 2, 6, NULL, 1),
	(12, 210000, 250, 600, 1, 9, 35, 7, 25, 2, 7, NULL, 1),
	(13, 240000, 250, 500, 1, 10, 40, 8, 30, 2, 8, NULL, 1),
	(14, 270000, 250, 400, 1, 11, 45, 9, 40, 3, 9, NULL, 1),
	(15, 300000, 300, 300, 1, 12, 50, 10, 50, 4, 10, NULL, 1);
/*!40000 ALTER TABLE `VIPPrivilege` ENABLE KEYS */;

/*!40101 SET SQL_MODE=IFNULL(@OLD_SQL_MODE, '') */;
/*!40014 SET FOREIGN_KEY_CHECKS=IFNULL(@OLD_FOREIGN_KEY_CHECKS, 1) */;
/*!40101 SET CHARACTER_SET_CLIENT=@OLD_CHARACTER_SET_CLIENT */;
/*!40111 SET SQL_NOTES=IFNULL(@OLD_SQL_NOTES, 1) */;
