-- --------------------------------------------------------
-- 主機:                           192.168.2.196
-- 伺服器版本:                        10.6.5-MariaDB-1:10.6.5+maria~focal - mariadb.org binary distribution
-- 伺服器作業系統:                      debian-linux-gnu
-- HeidiSQL 版本:                  11.3.0.6295
-- --------------------------------------------------------

/*!40101 SET @OLD_CHARACTER_SET_CLIENT=@@CHARACTER_SET_CLIENT */;
/*!40101 SET NAMES utf8 */;
/*!50503 SET NAMES utf8mb4 */;
/*!40014 SET @OLD_FOREIGN_KEY_CHECKS=@@FOREIGN_KEY_CHECKS, FOREIGN_KEY_CHECKS=0 */;
/*!40101 SET @OLD_SQL_MODE=@@SQL_MODE, SQL_MODE='NO_AUTO_VALUE_ON_ZERO' */;
/*!40111 SET @OLD_SQL_NOTES=@@SQL_NOTES, SQL_NOTES=0 */;


-- 傾印 koa_main 的資料庫結構
CREATE DATABASE IF NOT EXISTS `koa_main` /*!40100 DEFAULT CHARACTER SET utf8mb4 */;
USE `koa_main`;

-- 傾印  資料表 koa_main.Configs 結構
CREATE TABLE IF NOT EXISTS `Configs` (
  `Name` varchar(255) NOT NULL,
  `Value` varchar(255) NOT NULL,
  `Comment` varchar(255) NOT NULL,
  PRIMARY KEY (`Name`) USING BTREE
) ENGINE=InnoDB DEFAULT CHARSET=utf8mb3 COMMENT='雜項設置';

-- 正在傾印表格  koa_main.Configs 的資料：~4 rows (近似值)
/*!40000 ALTER TABLE `Configs` DISABLE KEYS */;
INSERT INTO `Configs` (`Name`, `Value`, `Comment`) VALUES
	('AmountRacePlayerMax', '8', '開房最大人數'),
	('EnabledProcessTime', '0', '啟用回傳紀錄處理時間(1=啟用)'),
	('TimelimitElitetestRace', '300', '菁英測試競賽時限(秒)'),
	('TimezoneDefault', '8', '預設時區，數值範圍 -11~12');
/*!40000 ALTER TABLE `Configs` ENABLE KEYS */;

-- 傾印  資料表 koa_main.DatabaseInfo 結構
CREATE TABLE IF NOT EXISTS `DatabaseInfo` (
  `Label` varchar(255) NOT NULL COMMENT '標記代號',
  `Host` varchar(255) NOT NULL COMMENT '主機名稱或IP',
  `Username` varchar(255) NOT NULL COMMENT '帳號',
  `Password` varchar(255) NOT NULL COMMENT '密碼',
  `Name` varchar(255) NOT NULL COMMENT '資料庫名稱',
  `Port` smallint(5) unsigned DEFAULT 3306,
  PRIMARY KEY (`Label`) USING BTREE
) ENGINE=InnoDB DEFAULT CHARSET=utf8mb3 COMMENT='資料庫連線資訊';

-- 正在傾印表格  koa_main.DatabaseInfo 的資料：~4 rows (近似值)
/*!40000 ALTER TABLE `DatabaseInfo` DISABLE KEYS */;
INSERT INTO `DatabaseInfo` (`Label`, `Host`, `Username`, `Password`, `Name`, `Port`) VALUES
	('EliteTest', 'db', 'root', '1111', 'koa_elitetest', 3306),
	('KoaLog', 'db', 'root', '1111', 'koa_log', 3306),
	('KoaMain', 'db', 'root', '1111', 'koa_main', 3306),
	('KoaStatic', 'db', 'root', '1111', 'koa_static', 3306);
/*!40000 ALTER TABLE `DatabaseInfo` ENABLE KEYS */;

-- 傾印  資料表 koa_main.Marquee 結構
CREATE TABLE IF NOT EXISTS `Marquee` (
  `Serial` int(10) unsigned NOT NULL AUTO_INCREMENT,
  `Status` tinyint(4) NOT NULL DEFAULT 0 COMMENT '狀態(1=啟用)',
  `Lang` tinyint(4) NOT NULL DEFAULT 1 COMMENT '語系',
  `Sorting` tinyint(4) NOT NULL DEFAULT 0 COMMENT '排序',
  `Content` text NOT NULL COMMENT '內容',
  `CreateTime` int(11) NOT NULL DEFAULT 0 COMMENT '建立時間',
  `UpdateTime` int(11) NOT NULL DEFAULT 0 COMMENT '更新時間',
  PRIMARY KEY (`Serial`),
  KEY `Sorting` (`Sorting`),
  KEY `Staus` (`Status`,`Lang`) USING BTREE
) ENGINE=InnoDB AUTO_INCREMENT=5 DEFAULT CHARSET=utf8mb4 COMMENT='跑馬燈訊息';

-- 正在傾印表格  koa_main.Marquee 的資料：~4 rows (近似值)
/*!40000 ALTER TABLE `Marquee` DISABLE KEYS */;
INSERT INTO `Marquee` (`Serial`, `Status`, `Lang`, `Sorting`, `Content`, `CreateTime`, `UpdateTime`) VALUES
	(1, 1, 0, 0, 'So glad to have you in PetaRush. Come and join the festivity!', 0, 0),
	(2, 1, 1, 0, 'Willkommen bei PetaRush! Komm und feiere mit uns das Peta Fest!', 0, 0),
	(3, 1, 2, 0, 'So glad to have you in PetaRush. Come and join the festivity!', 0, 0),
	(4, 1, 3, 0, '¡Bienvenido a PetaRush! ¡Venga y únase a la fiesta de Peta con nosotros!', 0, 0),
	(5, 1, 4, 0, 'Maligayang pagdating sa “PetaRush”. Taos-puso kaming inaanyayahan na sumali sa amin sa malaking kaganapan ng Peta, “pagtakbo ng hayop” !', 0, 0),
	(6, 1, 5, 0, 'Selamat datang di PetaRush. Dengan senang hati, kami mengundang Anda untuk bergabung dengan kami di acara akbar Peta, yaitu PetaRush!', 0, 0),
	(7, 1, 6, 0, '《PetaRush》へようこそ一緒に《PetaRush》で盛り上がりましょう！', 0, 0),
	(8, 1, 7, 0, '<PetaRush>에 오신 걸 환영합니다. 당신을 <페타 러시> Peta의 대형 행사에 초대합니다!', 0, 0),
	(9, 1, 8, 0, '"PetaRush" မွ ႀကိဳဆိုပါသည္။ Peta ၏အဓိကပြဲျဖစ္သည့္ "PetaRush" တြင္ ပါဝင္ဆင္ႏႊဲရန္ ေလးစားစြာျဖင့္ ဖိတ္ၾကားအပ္ပါသည္။', 0, 0),
	(10, 1, 9, 0, 'Bem-vindo à PetaRush! Vem participar das comemorações da Peta com a gente!', 0, 0),
	(11, 1, 10, 0, 'Добро пожаловать в PetaRush! Присоединяйтесь к празднику Peta вместе с нами!', 0, 0),
	(12, 1, 11, 0, 'ยินดีต้อนรับสู่ 《PetaRush》. เราขอเชิญคุณมาร่วมงานPetaครั้งสำคัญใน PetaRush', 0, 0),
	(13, 1, 12, 0, '歡迎來到《PetaRush》誠摯邀請你一同來參與《動物大奔走》這個Peta的大型盛事！', 0, 0);
/*!40000 ALTER TABLE `Marquee` ENABLE KEYS */;

-- 傾印  資料表 koa_main.PlayerHolder 結構
CREATE TABLE IF NOT EXISTS `PlayerHolder` (
  `PlayerID` bigint(20) NOT NULL,
  `UserID` int(10) NOT NULL DEFAULT 0,
  `Nickname` varchar(50) DEFAULT NULL COMMENT '角色暱稱',
  `SyncRate` smallint(5) unsigned NOT NULL DEFAULT 0 COMMENT '同步率',
  PRIMARY KEY (`PlayerID`) USING BTREE,
  UNIQUE KEY `CharacterID_UserID` (`PlayerID`,`UserID`) USING BTREE,
  KEY `UserID` (`UserID`)
) ENGINE=InnoDB DEFAULT CHARSET=utf8mb4 COMMENT='角色持有資訊';

-- 正在傾印表格  koa_main.PlayerHolder 的資料：~76 rows (近似值)
/*!40000 ALTER TABLE `PlayerHolder` DISABLE KEYS */;
INSERT INTO `PlayerHolder` (`PlayerID`, `UserID`, `Nickname`, `SyncRate`) VALUES
	(-38, -38, 'aichar0038', 0),
	(-37, -37, 'aichar0037', 0),
	(-36, -36, 'aichar0036', 0),
	(-35, -35, 'aichar0035', 0),
	(-34, -34, 'aichar0034', 0),
	(-33, -33, 'aichar0033', 0),
	(-32, -32, 'aichar0032', 0),
	(-31, -31, 'aichar0031', 0),
	(-30, -30, 'aichar0030', 0),
	(-29, -29, 'aichar0029', 0),
	(-28, -28, 'aichar0028', 0),
	(-27, -27, 'aichar0027', 0),
	(-26, -26, 'aichar0026', 0),
	(-25, -25, 'aichar0025', 0),
	(-24, -24, 'aichar0024', 0),
	(-23, -23, 'aichar0023', 0),
	(-22, -22, 'aichar0022', 0),
	(-21, -21, 'aichar0021', 0),
	(-20, -20, 'aichar0020', 0),
	(-19, -19, 'aichar0019', 0),
	(-18, -18, 'aichar0018', 0),
	(-17, -17, 'aichar0017', 0),
	(-16, -16, 'aichar0016', 0),
	(-15, -15, 'aichar0015', 0),
	(-14, -14, 'aichar0014', 0),
	(-13, -13, 'aichar0013', 0),
	(-12, -12, 'aichar0012', 0),
	(-11, -11, 'aichar0011', 0),
	(-10, -10, 'aichar0010', 0),
	(-9, -9, 'aichar0009', 0),
	(-8, -8, 'aichar0008', 0),
	(-7, -7, 'aichar0007', 0),
	(-6, -6, 'aichar0006', 0),
	(-5, -5, 'aichar0005', 0),
	(-4, -4, 'aichar0004', 0),
	(-3, -3, 'aichar0003', 0),
	(-2, -2, 'aichar0002', 0),
	(-1, -1, 'aichar0001', 0),
	(1010000000000001, 1, NULL, 0),
	(1010000000000002, 1, NULL, 0),
	(1010000000000003, 2, NULL, 0),
	(1010000000000004, 2, NULL, 0),
	(1010000000000005, 3, NULL, 0),
	(1010000000000006, 3, NULL, 0),
	(1010000000000007, 4, NULL, 0),
	(1010000000000008, 4, NULL, 0),
	(1010000000000009, 5, NULL, 0),
	(1010000000000010, 5, NULL, 0),
	(1010000000000011, 6, NULL, 0),
	(1010000000000012, 6, NULL, 0),
	(1010000000000013, 7, NULL, 0),
	(1010000000000014, 7, NULL, 0),
	(1010000000000015, 8, NULL, 0),
	(1010000000000016, 8, NULL, 0),
	(1010000000000017, 9, NULL, 0),
	(1010000000000018, 9, NULL, 0),
	(1010000000000019, 10, NULL, 0),
	(1010000000000020, 10, NULL, 0),
	(1010000000000021, 0, NULL, 0),
	(1010000000000022, 0, NULL, 0),
	(1010000000000023, 0, NULL, 0),
	(1010000000000024, 0, NULL, 0),
	(1010000000000025, 0, NULL, 0),
	(1010000000000026, 0, NULL, 0),
	(1010000000000027, 0, NULL, 0),
	(1010000000000028, 0, NULL, 0),
	(1010000000000029, 0, NULL, 0),
	(1010000000000030, 0, NULL, 0),
	(1010000000000031, 0, NULL, 0),
	(1010000000000032, 0, NULL, 0),
	(1010000000000033, 0, NULL, 0),
	(1010000000000034, 0, NULL, 0),
	(1010000000000035, 0, NULL, 0),
	(1010000000000036, 0, NULL, 0),
	(1010000000000037, 0, NULL, 0),
	(1010000000000038, 0, NULL, 0);
/*!40000 ALTER TABLE `PlayerHolder` ENABLE KEYS */;

-- 傾印  資料表 koa_main.PlayerLevel 結構
CREATE TABLE IF NOT EXISTS `PlayerLevel` (
  `PlayerID` bigint(20) NOT NULL,
  `Level` tinyint(3) unsigned NOT NULL DEFAULT 1 COMMENT '等級',
  `Rank` tinyint(3) unsigned NOT NULL DEFAULT 1 COMMENT '階級',
  `Exp` bigint(20) unsigned NOT NULL DEFAULT 0 COMMENT '經驗值',
  PRIMARY KEY (`PlayerID`) USING BTREE
) ENGINE=InnoDB DEFAULT CHARSET=utf8mb4 COMMENT='角色養成數值';

-- 正在傾印表格  koa_main.PlayerLevel 的資料：~76 rows (近似值)
/*!40000 ALTER TABLE `PlayerLevel` DISABLE KEYS */;
INSERT INTO `PlayerLevel` (`PlayerID`, `Level`, `Rank`, `Exp`) VALUES
	(-38, 1, 1, 0),
	(-37, 1, 1, 0),
	(-36, 1, 1, 0),
	(-35, 1, 1, 0),
	(-34, 1, 1, 0),
	(-33, 1, 1, 0),
	(-32, 1, 1, 0),
	(-31, 1, 1, 0),
	(-30, 1, 1, 0),
	(-29, 1, 1, 0),
	(-28, 1, 1, 0),
	(-27, 1, 1, 0),
	(-26, 1, 1, 0),
	(-25, 1, 1, 0),
	(-24, 1, 1, 0),
	(-23, 1, 1, 0),
	(-22, 1, 1, 0),
	(-21, 1, 1, 0),
	(-20, 1, 1, 0),
	(-19, 1, 1, 0),
	(-18, 1, 1, 0),
	(-17, 1, 1, 0),
	(-16, 1, 1, 0),
	(-15, 1, 1, 0),
	(-14, 1, 1, 0),
	(-13, 1, 1, 0),
	(-12, 1, 1, 0),
	(-11, 1, 1, 0),
	(-10, 1, 1, 0),
	(-9, 1, 1, 0),
	(-8, 1, 1, 0),
	(-7, 1, 1, 0),
	(-6, 1, 1, 0),
	(-5, 1, 1, 0),
	(-4, 1, 1, 0),
	(-3, 1, 1, 0),
	(-2, 1, 1, 0),
	(-1, 1, 1, 0),
	(1010000000000001, 1, 1, 0),
	(1010000000000002, 1, 1, 0),
	(1010000000000003, 1, 1, 0),
	(1010000000000004, 1, 1, 0),
	(1010000000000005, 1, 1, 0),
	(1010000000000006, 1, 1, 0),
	(1010000000000007, 1, 1, 0),
	(1010000000000008, 1, 1, 0),
	(1010000000000009, 1, 1, 0),
	(1010000000000010, 1, 1, 0),
	(1010000000000011, 1, 1, 0),
	(1010000000000012, 1, 1, 0),
	(1010000000000013, 1, 1, 0),
	(1010000000000014, 1, 1, 0),
	(1010000000000015, 1, 1, 0),
	(1010000000000016, 1, 1, 0),
	(1010000000000017, 1, 1, 0),
	(1010000000000018, 1, 1, 0),
	(1010000000000019, 1, 1, 0),
	(1010000000000020, 1, 1, 0),
	(1010000000000021, 1, 1, 0),
	(1010000000000022, 1, 1, 0),
	(1010000000000023, 1, 1, 0),
	(1010000000000024, 1, 1, 0),
	(1010000000000025, 1, 1, 0),
	(1010000000000026, 1, 1, 0),
	(1010000000000027, 1, 1, 0),
	(1010000000000028, 1, 1, 0),
	(1010000000000029, 1, 1, 0),
	(1010000000000030, 1, 1, 0),
	(1010000000000031, 1, 1, 0),
	(1010000000000032, 1, 1, 0),
	(1010000000000033, 1, 1, 0),
	(1010000000000034, 1, 1, 0),
	(1010000000000035, 1, 1, 0),
	(1010000000000036, 1, 1, 0),
	(1010000000000037, 1, 1, 0),
	(1010000000000038, 1, 1, 0);
/*!40000 ALTER TABLE `PlayerLevel` ENABLE KEYS */;

-- 傾印  資料表 koa_main.PlayerNFT 結構
CREATE TABLE IF NOT EXISTS `PlayerNFT` (
  `PlayerID` bigint(20) NOT NULL,
  `Constitution` smallint(5) unsigned NOT NULL DEFAULT 100 COMMENT '體力',
  `Strength` smallint(5) unsigned NOT NULL DEFAULT 100 COMMENT '力量',
  `Dexterity` smallint(5) unsigned NOT NULL DEFAULT 100 COMMENT '技巧',
  `Agility` smallint(5) unsigned NOT NULL DEFAULT 100 COMMENT '敏捷',
  `Attribute` tinyint(3) unsigned NOT NULL DEFAULT 0 COMMENT '屬性',
  `HeadDNA` varchar(50) NOT NULL COMMENT '頭部 DNA 編碼',
  `BodyDNA` varchar(50) NOT NULL COMMENT '身體 DNA 編碼',
  `HandDNA` varchar(50) NOT NULL COMMENT '手部 DNA 編碼',
  `LegDNA` varchar(50) NOT NULL COMMENT '腿部 DNA 編碼',
  `BackDNA` varchar(50) NOT NULL COMMENT '背脊 DNA 編碼',
  `HatDNA` varchar(50) NOT NULL COMMENT '頭冠 DNA 編碼',
  `Achievement` varchar(50) NOT NULL DEFAULT '0000000000000000' COMMENT '成就標籤',
  `Native` tinyint(2) unsigned zerofill NOT NULL DEFAULT 00 COMMENT '原生種標記',
  PRIMARY KEY (`PlayerID`) USING BTREE
) ENGINE=InnoDB DEFAULT CHARSET=utf8mb4 COMMENT='來自 NFT 角色資訊';

-- 正在傾印表格  koa_main.PlayerNFT 的資料：~76 rows (近似值)
/*!40000 ALTER TABLE `PlayerNFT` DISABLE KEYS */;
INSERT INTO `PlayerNFT` (`PlayerID`, `Constitution`, `Strength`, `Dexterity`, `Agility`, `Attribute`, `HeadDNA`, `BodyDNA`, `HandDNA`, `LegDNA`, `BackDNA`, `HatDNA`, `Achievement`, `Native`) VALUES
	(-38, 3494, 3669, 3086, 3654, 1, '110102701101047031020170', '110102702103017011010370', '110101701102053021030170', '110101701203017011010270', '110101703102017011010370', '110103701101027012030170', '0000000000000000', 00),
	(-37, 4492, 4308, 4178, 4153, 1, '110102701101037021030170', '110101701203017011010470', '110101703102017012030170', '110101701101027011010470', '110104702103017011010170', '110103701101017011010470', '0000000000000000', 00),
	(-36, 3634, 3840, 4165, 4071, 1, '110101701101027012030170', '110104701101017012030170', '110101701203017011010470', '110101701101047011010370', '110101701203017011020530', '110205303102017011010370', '0000000000000000', 00),
	(-35, 3470, 3144, 3282, 4469, 1, '110101701101037011010470', '110103703102017021030170', '110101701101047011010370', '110101701101027021030170', '110101701101047031020170', '110103702103017011010270', '0000000000000000', 00),
	(-34, 3854, 4397, 3319, 4487, 1, '110101703102017011010370', '110102702103017031020170', '110101701203017011010270', '110101701101027011020530', '110101701101037012030170', '110103701203017011010170', '0000000000000000', 00),
	(-33, 3203, 4146, 4151, 3570, 1, '110101702103017011010270', '110101701203017011020530', '110101701101027011020530', '110101703102017021030170', '110101701101027011010370', '110103701101047011020530', '0000000000000000', 00),
	(-32, 3219, 3408, 3102, 4054, 1, '110104701203017011010170', '110104703102017011010170', '110101702103017031020170', '110101702103017012030170', '110101701101047021030170', '110102701101037031020170', '0000000000000000', 00),
	(-31, 3257, 3667, 4404, 3643, 1, '110104701101027031020170', '110103702103017011010270', '120301701101017021030170', '110101701203017031020170', '110101703102017011010470', '110102701101047021030170', '0000000000000000', 00),
	(-30, 3922, 4439, 4251, 4400, 1, '110104701101037021030170', '110102701203017011010370', '110101701102053012030170', '110101701101047011010270', '110101702103017011010370', '110102701101017012030170', '0000000000000000', 00),
	(-29, 3686, 4061, 3503, 4487, 1, '110104701101027012030170', '110205301101017011010470', '110101703102017011010470', '110101701101037011010470', '110103701203017011010170', '110102703102017011010470', '0000000000000000', 00),
	(-28, 4323, 3854, 4292, 4474, 1, '110103701101017011010470', '110104701101037012030170', '110101701101047011010370', '110101701101027011010370', '110101701101047011020530', '110102702103017011010370', '0000000000000000', 00),
	(-27, 3822, 3549, 4280, 3167, 1, '110205303102017011010370', '110103701101027021030170', '110101701101037011010270', '110101702103017012030170', '110101701101037031020170', '110102701203017011010370', '0000000000000000', 00),
	(-26, 3684, 3902, 4290, 3066, 1, '110103702103017011010270', '110102701101017031020170', '110101701203017031020170', '110101703102017011020530', '110101701101027012030170', '210301701101047011010270', '0000000000000000', 00),
	(-25, 3821, 3095, 4311, 3344, 1, '110103701203017011010170', '110101703102017011020530', '110101701101027031020170', '110101701102053021030170', '110101701101047011010270', '110102701101037011010170', '0000000000000000', 00),
	(-24, 3322, 4477, 3013, 4205, 1, '110102701101047031020170', '110104702103017011010170', '110101701101037021030170', '110101703102017012030170', '110101703102017021030170', '110102701101037011020530', '0000000000000000', 00),
	(-23, 3471, 3019, 3928, 4340, 1, '110102701101037021030170', '110103701203017011010270', '210301701101017012030170', '110101701101047031020170', '110101702103017011010470', '110102701101017031020170', '0000000000000000', 00),
	(-22, 4485, 4171, 3879, 4482, 1, '110102701101017012030170', '110102701101047011010370', '110101701102053011010470', '110101701101037011010270', '110101701203017011010370', '110102703102017021030170', '0000000000000000', 00),
	(-21, 3610, 4435, 4404, 3640, 1, '110102701101017011010470', '110101701101037011010470', '110101703102017011010370', '110101701101027011010470', '110205301101047011010170', '110102702103017012030170', '0000000000000000', 00),
	(-20, 3632, 4471, 3164, 4441, 1, '110101703102017011010370', '110104701101027012030170', '110101701101047011010270', '110101702103017011010370', '110101701101037011020530', '110102701203017011010470', '0000000000000000', 00),
	(-19, 3116, 4047, 3111, 3171, 1, '110101702103017011010270', '110103701101017021030170', '110101701101037021030170', '110101703102017011010470', '110101701101027031020170', '110102701101047011010370', '0000000000000000', 00),
	(-18, 4182, 3747, 3383, 4151, 1, '110205301203017011010170', '110205301101027031020170', '110101701203017031020170', '110101702103017011020530', '110101701101047012030170', '110102701101037012030170', '0000000000000000', 00),
	(-17, 3827, 4413, 4076, 3925, 1, '110101701101047031020170', '110101702103017011020530', '110101701101027021030170', '110101701203017021030170', '110101703102017011010270', '110104701101017011010270', '0000000000000000', 00),
	(-16, 4107, 4474, 3567, 3876, 1, '110104701101037021030170', '110104701203017011010170', '110101702103017012030170', '110101701101047012030170', '110101702103017031020170', '110103701101027011010170', '0000000000000000', 00),
	(-15, 3137, 4453, 3883, 3395, 1, '110104701101027012030170', '110103701101047011010270', '310201701101017011010470', '110101701101037031020170', '110101701203017011010470', '110101703102017011020530', '0000000000000000', 00),
	(-14, 3661, 4365, 3335, 4063, 1, '110104701101017011020530', '110205301101027011010370', '110101701102053011010370', '110101702103017011010270', '110101701101047011010370', '110101702103017031020170', '0000000000000000', 00),
	(-13, 3158, 3236, 3921, 3279, 1, '110104703102017011010370', '110205301101017011010470', '110101703102017011010270', '110101702103017011010470', '210301701101037011010170', '110101701203017021030170', '0000000000000000', 00),
	(-12, 3093, 4278, 3204, 3890, 1, '110103702103017011010270', '110104701101017012030170', '110101701101047012030170', '110101703102017011010370', '110101701101027011020530', '110101701101047012030170', '0000000000000000', 00),
	(-11, 4103, 4138, 3549, 3908, 1, '110103701203017011010170', '110103703102017021030170', '110101701101037031020170', '110101702103017011010370', '110101701101047031020170', '110101701101037011010470', '0000000000000000', 00),
	(-10, 3277, 4318, 3967, 3847, 1, '110103701101047031020170', '110102702103017031020170', '110101701203017021030170', '110101701203017011020530', '110101703102017012030170', '110101701101027011010370', '0000000000000000', 00),
	(-9, 3744, 3251, 3250, 4328, 1, '110103701101027021030170', '110101701203017011020530', '110101701101027012030170', '110101701101047021030170', '110101702103017011010270', '110101701101037011020530', '0000000000000000', 00),
	(-8, 4310, 3964, 3229, 4281, 1, '110102701101047012030170', '110205301101047011010170', '110101702103017011010470', '110101701101037012030170', '110101701203017021030170', '110101703102017011010270', '0000000000000000', 00),
	(-7, 3569, 3696, 4423, 4101, 1, '110102701101017011010470', '110103703102017011010270', '110205301101017011010370', '110101701101027031020170', '110101701101047012030170', '310201702103017011010170', '0000000000000000', 00),
	(-6, 3217, 4470, 3945, 3134, 1, '110102703102017011010370', '110102702103017011010370', '110101701102053011010270', '110101701203017011010270', '110101701101037011010470', '110101701203017011020530', '0000000000000000', 00),
	(-5, 3365, 4345, 4479, 3570, 1, '110205302103017011010270', '110101701203017011010470', '110101703102017011010470', '110101703102017011010470', '110103701101027011010170', '110101701101047031020170', '0000000000000000', 00),
	(-4, 3395, 3344, 3778, 3253, 1, '110205301203017011010170', '110104703102017012030170', '110101701101047031020170', '110101702103017011010370', '110101701101047011020530', '110101701101037021030170', '0000000000000000', 00),
	(-3, 4416, 3629, 4425, 3104, 1, '110101701101047031020170', '110205301101037021030170', '110101701101037021030170', '110101701203017011010270', '110101703102017011010270', '110101701101027012030170', '0000000000000000', 00),
	(-2, 3392, 3457, 4383, 3243, 1, '110101701101037021030170', '110102701203017031020170', '110101701101027012030170', '110101701101047011020530', '110101702103017012030170', '110101701101027011010470', '0000000000000000', 00),
	(-1, 3990, 3713, 4358, 3639, 1, '110101701101027012030170', '110101701101047011020530', '110101701101027011010470', '110101701101037021030170', '110101701203017011010270', '110101703102017011010370', '0000000000000000', 00),
	(1010000000000001, 3990, 3713, 4358, 3639, 1, '110101701101027012030170', '110101701101047011020530', '110101701101027011010470', '110101701101037021030170', '110101701203017011010270', '110101703102017011010370', '0000000000000000', 00),
	(1010000000000002, 3392, 3457, 4383, 3243, 1, '110101701101037021030170', '110102701203017031020170', '110101701101027012030170', '110101701101047011020530', '110101702103017012030170', '110101701101027011010470', '0000000000000000', 00),
	(1010000000000003, 4416, 3629, 4425, 3104, 1, '110101701101047031020170', '110205301101037021030170', '110101701101037021030170', '110101701203017011010270', '110101703102017011010270', '110101701101027012030170', '0000000000000000', 00),
	(1010000000000004, 3395, 3344, 3778, 3253, 1, '110205301203017011010170', '110104703102017012030170', '110101701101047031020170', '110101702103017011010370', '110101701101047011020530', '110101701101037021030170', '0000000000000000', 00),
	(1010000000000005, 3365, 4345, 4479, 3570, 1, '110205302103017011010270', '110101701203017011010470', '110101703102017011010470', '110101703102017011010470', '110103701101027011010170', '110101701101047031020170', '0000000000000000', 00),
	(1010000000000006, 3217, 4470, 3945, 3134, 1, '110102703102017011010370', '110102702103017011010370', '110101701102053011010270', '110101701203017011010270', '110101701101037011010470', '110101701203017011020530', '0000000000000000', 00),
	(1010000000000007, 3569, 3696, 4423, 4101, 1, '110102701101017011010470', '110103703102017011010270', '110205301101017011010370', '110101701101027031020170', '110101701101047012030170', '310201702103017011010170', '0000000000000000', 00),
	(1010000000000008, 4310, 3964, 3230, 4281, 1, '110102701101047012030170', '110205301101047011010170', '110101702103017011010470', '110101701101037012030170', '110101701203017021030170', '110101703102017011010270', '0000000000000000', 00),
	(1010000000000009, 3744, 3251, 3250, 4328, 1, '110103701101027021030170', '110101701203017011020530', '110101701101027012030170', '110101701101047021030170', '110101702103017011010270', '110101701101037011020530', '0000000000000000', 00),
	(1010000000000010, 3277, 4318, 3967, 3848, 1, '110103701101047031020170', '110102702103017031020170', '110101701203017021030170', '110101701203017011020530', '110101703102017012030170', '110101701101027011010370', '0000000000000000', 00),
	(1010000000000011, 4103, 4138, 3549, 3908, 1, '110103701203017011010170', '110103703102017021030170', '110101701101037031020170', '110101702103017011010370', '110101701101047031020170', '110101701101037011010470', '0000000000000000', 00),
	(1010000000000012, 3093, 4278, 3204, 3890, 1, '110103702103017011010270', '110104701101017012030170', '110101701101047012030170', '110101703102017011010370', '110101701101027011020530', '110101701101047012030170', '0000000000000000', 00),
	(1010000000000013, 3158, 3236, 3921, 3280, 1, '110104703102017011010370', '110205301101017011010470', '110101703102017011010270', '110101702103017011010470', '210301701101037011010170', '110101701203017021030170', '0000000000000000', 00),
	(1010000000000014, 3662, 4365, 3335, 4063, 1, '110104701101017011020530', '110205301101027011010370', '110101701102053011010370', '110101702103017011010270', '110101701101047011010370', '110101702103017031020170', '0000000000000000', 00),
	(1010000000000015, 3137, 4453, 3883, 3395, 1, '110104701101027012030170', '110103701101047011010270', '310201701101017011010470', '110101701101037031020170', '110101701203017011010470', '110101703102017011020530', '0000000000000000', 00),
	(1010000000000016, 4107, 4474, 3567, 3876, 1, '110104701101037021030170', '110104701203017011010170', '110101702103017012030170', '110101701101047012030170', '110101702103017031020170', '110103701101027011010170', '0000000000000000', 00),
	(1010000000000017, 3827, 4413, 4076, 3925, 1, '110101701101047031020170', '110101702103017011020530', '110101701101027021030170', '110101701203017021030170', '110101703102017011010270', '110104701101017011010270', '0000000000000000', 00),
	(1010000000000018, 4182, 3748, 3383, 4151, 1, '110205301203017011010170', '110205301101027031020170', '110101701203017031020170', '110101702103017011020530', '110101701101047012030170', '110102701101037012030170', '0000000000000000', 00),
	(1010000000000019, 3116, 4047, 3111, 3171, 1, '110101702103017011010270', '110103701101017021030170', '110101701101037021030170', '110101703102017011010470', '110101701101027031020170', '110102701101047011010370', '0000000000000000', 00),
	(1010000000000020, 3632, 4471, 3164, 4441, 1, '110101703102017011010370', '110104701101027012030170', '110101701101047011010270', '110101702103017011010370', '110101701101037011020530', '110102701203017011010470', '0000000000000000', 00),
	(1010000000000021, 3610, 4435, 4404, 3640, 1, '110102701101017011010470', '110101701101037011010470', '110101703102017011010370', '110101701101027011010470', '110205301101047011010170', '110102702103017012030170', '0000000000000000', 00),
	(1010000000000022, 4485, 4171, 3879, 4482, 1, '110102701101017012030170', '110102701101047011010370', '110101701102053011010470', '110101701101037011010270', '110101701203017011010370', '110102703102017021030170', '0000000000000000', 00),
	(1010000000000023, 3471, 3019, 3928, 4340, 1, '110102701101037021030170', '110103701203017011010270', '210301701101017012030170', '110101701101047031020170', '110101702103017011010470', '110102701101017031020170', '0000000000000000', 00),
	(1010000000000024, 3323, 4477, 3013, 4205, 1, '110102701101047031020170', '110104702103017011010170', '110101701101037021030170', '110101703102017012030170', '110101703102017021030170', '110102701101037011020530', '0000000000000000', 00),
	(1010000000000025, 3821, 3095, 4311, 3344, 1, '110103701203017011010170', '110101703102017011020530', '110101701101027031020170', '110101701102053021030170', '110101701101047011010270', '110102701101037011010170', '0000000000000000', 00),
	(1010000000000026, 3684, 3902, 4290, 3066, 1, '110103702103017011010270', '110102701101017031020170', '110101701203017031020170', '110101703102017011020530', '110101701101027012030170', '210301701101047011010270', '0000000000000000', 00),
	(1010000000000027, 3822, 3549, 4280, 3167, 1, '110205303102017011010370', '110103701101027021030170', '110101701101037011010270', '110101702103017012030170', '110101701101037031020170', '110102701203017011010370', '0000000000000000', 00),
	(1010000000000028, 4323, 3854, 4292, 4474, 1, '110103701101017011010470', '110104701101037012030170', '110101701101047011010370', '110101701101027011010370', '110101701101047011020530', '110102702103017011010370', '0000000000000000', 00),
	(1010000000000029, 3687, 4061, 3503, 4487, 1, '110104701101027012030170', '110205301101017011010470', '110101703102017011010470', '110101701101037011010470', '110103701203017011010170', '110102703102017011010470', '0000000000000000', 00),
	(1010000000000030, 3923, 4439, 4251, 4400, 1, '110104701101037021030170', '110102701203017011010370', '110101701102053012030170', '110101701101047011010270', '110101702103017011010370', '110102701101017012030170', '0000000000000000', 00),
	(1010000000000031, 3257, 3667, 4404, 3643, 1, '110104701101027031020170', '110103702103017011010270', '120301701101017021030170', '110101701203017031020170', '110101703102017011010470', '110102701101047021030170', '0000000000000000', 00),
	(1010000000000032, 3219, 3408, 3102, 4055, 1, '110104701203017011010170', '110104703102017011010170', '110101702103017031020170', '110101702103017012030170', '110101701101047021030170', '110102701101037031020170', '0000000000000000', 00),
	(1010000000000033, 3203, 4146, 4151, 3570, 1, '110101702103017011010270', '110101701203017011020530', '110101701101027011020530', '110101703102017021030170', '110101701101027011010370', '110103701101047011020530', '0000000000000000', 00),
	(1010000000000034, 3854, 4397, 3319, 4487, 1, '110101703102017011010370', '110102702103017031020170', '110101701203017011010270', '110101701101027011020530', '110101701101037012030170', '110103701203017011010170', '0000000000000000', 00),
	(1010000000000035, 3470, 3144, 3282, 4469, 1, '110101701101037011010470', '110103703102017021030170', '110101701101047011010370', '110101701101027021030170', '110101701101047031020170', '110103702103017011010270', '0000000000000000', 00),
	(1010000000000036, 3634, 3841, 4165, 4071, 1, '110101701101027012030170', '110104701101017012030170', '110101701203017011010470', '110101701101047011010370', '110101701203017011020530', '110205303102017011010370', '0000000000000000', 00),
	(1010000000000037, 4492, 4308, 4178, 4153, 1, '110102701101037021030170', '110101701203017011010470', '110101703102017012030170', '110101701101027011010470', '110104702103017011010170', '110103701101017011010470', '0000000000000000', 00),
	(1010000000000038, 3494, 3669, 3086, 3655, 1, '110102701101047031020170', '110102702103017011010370', '110101701102053021030170', '110101701203017011010270', '110101703102017011010370', '110103701101027012030170', '0000000000000000', 00);
/*!40000 ALTER TABLE `PlayerNFT` ENABLE KEYS */;

-- 傾印  資料表 koa_main.PlayerrCounts 結構
CREATE TABLE IF NOT EXISTS `PlayerrCounts` (
  `PlayerID` bigint(20) NOT NULL,
  `PVPPlay` int(10) unsigned NOT NULL DEFAULT 0 COMMENT 'PvP 比賽次數',
  `PVPFirst` int(10) unsigned NOT NULL DEFAULT 0 COMMENT 'PvP 第一名次數',
  `PVPTopThree` int(10) unsigned NOT NULL DEFAULT 0 COMMENT 'PvP 前三名次數',
  `PVPMiddle` int(10) unsigned NOT NULL DEFAULT 0 COMMENT 'PvP 中間名次次數',
  `PVPLastThree` int(10) unsigned NOT NULL DEFAULT 0 COMMENT 'PvP 後三名次數',
  `TeamPlay` int(10) unsigned NOT NULL DEFAULT 0 COMMENT '團體戰次數',
  `TeamWin` int(10) unsigned NOT NULL DEFAULT 0 COMMENT '團體戰優勝次數',
  PRIMARY KEY (`PlayerID`) USING BTREE
) ENGINE=InnoDB DEFAULT CHARSET=utf8mb4 COMMENT='角色計量數值';

-- 正在傾印表格  koa_main.PlayerrCounts 的資料：~0 rows (近似值)
/*!40000 ALTER TABLE `PlayerrCounts` DISABLE KEYS */;
/*!40000 ALTER TABLE `PlayerrCounts` ENABLE KEYS */;

-- 傾印  資料表 koa_main.PlayerSkill 結構
CREATE TABLE IF NOT EXISTS `PlayerSkill` (
  `PlayerID` bigint(20) NOT NULL,
  `SkillID` bigint(20) unsigned NOT NULL,
  `Level` tinyint(3) unsigned NOT NULL DEFAULT 1 COMMENT '星級',
  `Slot` tinyint(3) unsigned NOT NULL DEFAULT 0 COMMENT '裝備插槽',
  PRIMARY KEY (`PlayerID`,`SkillID`) USING BTREE,
  KEY `CharacterID` (`PlayerID`) USING BTREE
) ENGINE=InnoDB DEFAULT CHARSET=utf8mb4 COMMENT='角色技能等級\r\n只記錄該角色所具備的技能';

-- 正在傾印表格  koa_main.PlayerSkill 的資料：~522 rows (近似值)
/*!40000 ALTER TABLE `PlayerSkill` DISABLE KEYS */;
INSERT INTO `PlayerSkill` (`PlayerID`, `SkillID`, `Level`, `Slot`) VALUES
	(-38, 3, 1, 0),
	(-38, 4, 1, 0),
	(-38, 5, 1, 0),
	(-38, 7, 1, 0),
	(-38, 8, 1, 0),
	(-38, 18, 1, 0),
	(-38, 31, 1, 0),
	(-37, 2, 1, 0),
	(-37, 3, 1, 0),
	(-37, 4, 1, 0),
	(-37, 7, 1, 0),
	(-37, 18, 1, 0),
	(-37, 23, 1, 0),
	(-37, 31, 1, 0),
	(-36, 1, 1, 0),
	(-36, 3, 1, 0),
	(-36, 4, 1, 0),
	(-36, 5, 1, 0),
	(-36, 20, 1, 0),
	(-36, 32, 1, 0),
	(-36, 56, 1, 0),
	(-35, 1, 1, 0),
	(-35, 3, 1, 0),
	(-35, 4, 1, 0),
	(-35, 5, 1, 0),
	(-35, 14, 1, 0),
	(-35, 18, 1, 0),
	(-35, 32, 1, 0),
	(-34, 1, 1, 0),
	(-34, 3, 1, 0),
	(-34, 4, 1, 0),
	(-34, 5, 1, 0),
	(-34, 8, 1, 0),
	(-34, 18, 1, 0),
	(-34, 32, 1, 0),
	(-33, 1, 1, 0),
	(-33, 2, 1, 0),
	(-33, 3, 1, 0),
	(-33, 4, 1, 0),
	(-33, 5, 1, 0),
	(-33, 18, 1, 0),
	(-33, 33, 1, 0),
	(-32, 3, 1, 0),
	(-32, 4, 1, 0),
	(-32, 5, 1, 0),
	(-32, 12, 1, 0),
	(-32, 19, 1, 0),
	(-32, 20, 1, 0),
	(-32, 31, 1, 0),
	(-31, 4, 1, 0),
	(-31, 5, 1, 0),
	(-31, 12, 1, 0),
	(-31, 14, 1, 0),
	(-31, 19, 1, 0),
	(-31, 27, 1, 0),
	(-30, 3, 1, 0),
	(-30, 4, 1, 0),
	(-30, 5, 1, 0),
	(-30, 8, 1, 0),
	(-30, 12, 1, 0),
	(-30, 19, 1, 0),
	(-30, 31, 1, 0),
	(-29, 3, 1, 0),
	(-29, 4, 1, 0),
	(-29, 12, 1, 0),
	(-29, 17, 1, 0),
	(-29, 19, 1, 0),
	(-29, 52, 1, 0),
	(-28, 3, 1, 0),
	(-28, 4, 1, 0),
	(-28, 5, 1, 0),
	(-28, 12, 1, 0),
	(-28, 13, 1, 0),
	(-28, 20, 1, 0),
	(-28, 31, 1, 0),
	(-27, 3, 1, 0),
	(-27, 4, 1, 0),
	(-27, 5, 1, 0),
	(-27, 12, 1, 0),
	(-27, 14, 1, 0),
	(-27, 31, 1, 0),
	(-27, 51, 1, 0),
	(-26, 3, 1, 0),
	(-26, 4, 1, 0),
	(-26, 5, 1, 0),
	(-26, 8, 1, 0),
	(-26, 13, 1, 0),
	(-26, 31, 1, 0),
	(-26, 62, 1, 0),
	(-25, 2, 1, 0),
	(-25, 3, 1, 0),
	(-25, 4, 1, 0),
	(-25, 5, 1, 0),
	(-25, 12, 1, 0),
	(-25, 13, 1, 0),
	(-25, 32, 1, 0),
	(-24, 3, 1, 0),
	(-24, 4, 1, 0),
	(-24, 5, 1, 0),
	(-24, 7, 1, 0),
	(-24, 12, 1, 0),
	(-24, 20, 1, 0),
	(-24, 31, 1, 0),
	(-23, 4, 1, 0),
	(-23, 5, 1, 0),
	(-23, 7, 1, 0),
	(-23, 12, 1, 0),
	(-23, 14, 1, 0),
	(-23, 59, 1, 0),
	(-22, 3, 1, 0),
	(-22, 4, 1, 0),
	(-22, 5, 1, 0),
	(-22, 7, 1, 0),
	(-22, 8, 1, 0),
	(-22, 12, 1, 0),
	(-22, 31, 1, 0),
	(-22, 35, 1, 0),
	(-21, 2, 1, 0),
	(-21, 3, 1, 0),
	(-21, 4, 1, 0),
	(-21, 7, 1, 0),
	(-21, 12, 1, 0),
	(-21, 31, 1, 0),
	(-21, 55, 1, 0),
	(-20, 1, 1, 0),
	(-20, 3, 1, 0),
	(-20, 4, 1, 0),
	(-20, 5, 1, 0),
	(-20, 12, 1, 0),
	(-20, 20, 1, 0),
	(-20, 32, 1, 0),
	(-19, 1, 1, 0),
	(-19, 3, 1, 0),
	(-19, 4, 1, 0),
	(-19, 5, 1, 0),
	(-19, 12, 1, 0),
	(-19, 14, 1, 0),
	(-19, 32, 1, 0),
	(-18, 3, 1, 0),
	(-18, 4, 1, 0),
	(-18, 5, 1, 0),
	(-18, 12, 1, 0),
	(-18, 31, 1, 0),
	(-18, 51, 1, 0),
	(-18, 52, 1, 0),
	(-17, 1, 1, 0),
	(-17, 2, 1, 0),
	(-17, 3, 1, 0),
	(-17, 4, 1, 0),
	(-17, 5, 1, 0),
	(-17, 24, 1, 0),
	(-17, 33, 1, 0),
	(-16, 3, 1, 0),
	(-16, 4, 1, 0),
	(-16, 5, 1, 0),
	(-16, 18, 1, 0),
	(-16, 19, 1, 0),
	(-16, 20, 1, 0),
	(-16, 31, 1, 0),
	(-15, 4, 1, 0),
	(-15, 5, 1, 0),
	(-15, 6, 1, 0),
	(-15, 14, 1, 0),
	(-15, 19, 1, 0),
	(-15, 31, 1, 0),
	(-14, 3, 1, 0),
	(-14, 4, 1, 0),
	(-14, 5, 1, 0),
	(-14, 6, 1, 0),
	(-14, 19, 1, 0),
	(-14, 32, 1, 0),
	(-14, 52, 1, 0),
	(-13, 3, 1, 0),
	(-13, 4, 1, 0),
	(-13, 6, 1, 0),
	(-13, 19, 1, 0),
	(-13, 31, 1, 0),
	(-13, 52, 1, 0),
	(-13, 61, 1, 0),
	(-12, 3, 1, 0),
	(-12, 4, 1, 0),
	(-12, 5, 1, 0),
	(-12, 6, 1, 0),
	(-12, 13, 1, 0),
	(-12, 20, 1, 0),
	(-12, 32, 1, 0),
	(-11, 3, 1, 0),
	(-11, 4, 1, 0),
	(-11, 5, 1, 0),
	(-11, 6, 1, 0),
	(-11, 13, 1, 0),
	(-11, 14, 1, 0),
	(-11, 32, 1, 0),
	(-10, 3, 1, 0),
	(-10, 4, 1, 0),
	(-10, 5, 1, 0),
	(-10, 6, 1, 0),
	(-10, 8, 1, 0),
	(-10, 13, 1, 0),
	(-10, 32, 1, 0),
	(-9, 2, 1, 0),
	(-9, 3, 1, 0),
	(-9, 4, 1, 0),
	(-9, 5, 1, 0),
	(-9, 6, 1, 0),
	(-9, 13, 1, 0),
	(-9, 33, 1, 0),
	(-8, 3, 1, 0),
	(-8, 4, 1, 0),
	(-8, 5, 1, 0),
	(-8, 6, 1, 0),
	(-8, 7, 1, 0),
	(-8, 32, 1, 0),
	(-8, 52, 1, 0),
	(-7, 4, 1, 0),
	(-7, 5, 1, 0),
	(-7, 7, 1, 0),
	(-7, 14, 1, 0),
	(-7, 53, 1, 0),
	(-6, 3, 1, 0),
	(-6, 4, 1, 0),
	(-6, 5, 1, 0),
	(-6, 6, 1, 0),
	(-6, 7, 1, 0),
	(-6, 8, 1, 0),
	(-6, 32, 1, 0),
	(-5, 2, 1, 0),
	(-5, 3, 1, 0),
	(-5, 4, 1, 0),
	(-5, 6, 1, 0),
	(-5, 17, 1, 0),
	(-5, 32, 1, 0),
	(-5, 51, 1, 0),
	(-4, 3, 1, 0),
	(-4, 4, 1, 0),
	(-4, 5, 1, 0),
	(-4, 6, 1, 0),
	(-4, 20, 1, 0),
	(-4, 32, 1, 0),
	(-4, 51, 1, 0),
	(-3, 1, 1, 0),
	(-3, 3, 1, 0),
	(-3, 4, 1, 0),
	(-3, 5, 1, 0),
	(-3, 6, 1, 0),
	(-3, 33, 1, 0),
	(-3, 52, 1, 0),
	(-2, 1, 1, 0),
	(-2, 3, 1, 0),
	(-2, 4, 1, 0),
	(-2, 5, 1, 0),
	(-2, 6, 1, 0),
	(-2, 8, 1, 0),
	(-2, 33, 1, 0),
	(-1, 1, 1, 0),
	(-1, 2, 1, 0),
	(-1, 3, 1, 0),
	(-1, 4, 1, 0),
	(-1, 5, 1, 0),
	(-1, 6, 1, 0),
	(-1, 34, 1, 0),
	(1010000000000001, 1, 1, 0),
	(1010000000000001, 2, 1, 0),
	(1010000000000001, 3, 1, 0),
	(1010000000000001, 4, 1, 0),
	(1010000000000001, 5, 1, 0),
	(1010000000000001, 6, 1, 0),
	(1010000000000001, 34, 1, 0),
	(1010000000000002, 1, 1, 0),
	(1010000000000002, 3, 1, 0),
	(1010000000000002, 4, 1, 0),
	(1010000000000002, 5, 1, 0),
	(1010000000000002, 6, 1, 0),
	(1010000000000002, 8, 1, 0),
	(1010000000000002, 33, 1, 0),
	(1010000000000003, 1, 1, 0),
	(1010000000000003, 3, 1, 0),
	(1010000000000003, 4, 1, 0),
	(1010000000000003, 5, 1, 0),
	(1010000000000003, 6, 1, 0),
	(1010000000000003, 33, 1, 0),
	(1010000000000003, 52, 1, 0),
	(1010000000000004, 3, 1, 0),
	(1010000000000004, 4, 1, 0),
	(1010000000000004, 5, 1, 0),
	(1010000000000004, 6, 1, 0),
	(1010000000000004, 20, 1, 0),
	(1010000000000004, 32, 1, 0),
	(1010000000000004, 51, 1, 0),
	(1010000000000005, 2, 1, 0),
	(1010000000000005, 3, 1, 0),
	(1010000000000005, 4, 1, 0),
	(1010000000000005, 6, 1, 0),
	(1010000000000005, 17, 1, 0),
	(1010000000000005, 32, 1, 0),
	(1010000000000005, 51, 1, 0),
	(1010000000000006, 3, 1, 0),
	(1010000000000006, 4, 1, 0),
	(1010000000000006, 5, 1, 0),
	(1010000000000006, 6, 1, 0),
	(1010000000000006, 7, 1, 0),
	(1010000000000006, 8, 1, 0),
	(1010000000000006, 32, 1, 0),
	(1010000000000007, 4, 1, 0),
	(1010000000000007, 5, 1, 0),
	(1010000000000007, 7, 1, 0),
	(1010000000000007, 14, 1, 0),
	(1010000000000007, 53, 1, 0),
	(1010000000000008, 3, 1, 0),
	(1010000000000008, 4, 1, 0),
	(1010000000000008, 5, 1, 0),
	(1010000000000008, 6, 1, 0),
	(1010000000000008, 7, 1, 0),
	(1010000000000008, 32, 1, 0),
	(1010000000000008, 52, 1, 0),
	(1010000000000009, 2, 1, 0),
	(1010000000000009, 3, 1, 0),
	(1010000000000009, 4, 1, 0),
	(1010000000000009, 5, 1, 0),
	(1010000000000009, 6, 1, 0),
	(1010000000000009, 13, 1, 0),
	(1010000000000009, 33, 1, 0),
	(1010000000000010, 3, 1, 0),
	(1010000000000010, 4, 1, 0),
	(1010000000000010, 5, 1, 0),
	(1010000000000010, 6, 1, 0),
	(1010000000000010, 8, 1, 0),
	(1010000000000010, 13, 1, 0),
	(1010000000000010, 32, 1, 0),
	(1010000000000011, 3, 1, 0),
	(1010000000000011, 4, 1, 0),
	(1010000000000011, 5, 1, 0),
	(1010000000000011, 6, 1, 0),
	(1010000000000011, 13, 1, 0),
	(1010000000000011, 14, 1, 0),
	(1010000000000011, 32, 1, 0),
	(1010000000000012, 3, 1, 0),
	(1010000000000012, 4, 1, 0),
	(1010000000000012, 5, 1, 0),
	(1010000000000012, 6, 1, 0),
	(1010000000000012, 13, 1, 0),
	(1010000000000012, 20, 1, 0),
	(1010000000000012, 32, 1, 0),
	(1010000000000013, 3, 1, 0),
	(1010000000000013, 4, 1, 0),
	(1010000000000013, 6, 1, 0),
	(1010000000000013, 19, 1, 0),
	(1010000000000013, 31, 1, 0),
	(1010000000000013, 52, 1, 0),
	(1010000000000013, 61, 1, 0),
	(1010000000000014, 3, 1, 0),
	(1010000000000014, 4, 1, 0),
	(1010000000000014, 5, 1, 0),
	(1010000000000014, 6, 1, 0),
	(1010000000000014, 19, 1, 0),
	(1010000000000014, 32, 1, 0),
	(1010000000000014, 52, 1, 0),
	(1010000000000015, 4, 1, 0),
	(1010000000000015, 5, 1, 0),
	(1010000000000015, 6, 1, 0),
	(1010000000000015, 14, 1, 0),
	(1010000000000015, 19, 1, 0),
	(1010000000000015, 31, 1, 0),
	(1010000000000016, 3, 1, 0),
	(1010000000000016, 4, 1, 0),
	(1010000000000016, 5, 1, 0),
	(1010000000000016, 18, 1, 0),
	(1010000000000016, 19, 1, 0),
	(1010000000000016, 20, 1, 0),
	(1010000000000016, 31, 1, 0),
	(1010000000000017, 1, 1, 0),
	(1010000000000017, 2, 1, 0),
	(1010000000000017, 3, 1, 0),
	(1010000000000017, 4, 1, 0),
	(1010000000000017, 5, 1, 0),
	(1010000000000017, 24, 1, 0),
	(1010000000000017, 33, 1, 0),
	(1010000000000018, 3, 1, 0),
	(1010000000000018, 4, 1, 0),
	(1010000000000018, 5, 1, 0),
	(1010000000000018, 12, 1, 0),
	(1010000000000018, 31, 1, 0),
	(1010000000000018, 51, 1, 0),
	(1010000000000018, 52, 1, 0),
	(1010000000000019, 1, 1, 0),
	(1010000000000019, 3, 1, 0),
	(1010000000000019, 4, 1, 0),
	(1010000000000019, 5, 1, 0),
	(1010000000000019, 12, 1, 0),
	(1010000000000019, 14, 1, 0),
	(1010000000000019, 32, 1, 0),
	(1010000000000020, 1, 1, 0),
	(1010000000000020, 3, 1, 0),
	(1010000000000020, 4, 1, 0),
	(1010000000000020, 5, 1, 0),
	(1010000000000020, 12, 1, 0),
	(1010000000000020, 20, 1, 0),
	(1010000000000020, 32, 1, 0),
	(1010000000000021, 2, 1, 0),
	(1010000000000021, 3, 1, 0),
	(1010000000000021, 4, 1, 0),
	(1010000000000021, 7, 1, 0),
	(1010000000000021, 12, 1, 0),
	(1010000000000021, 31, 1, 0),
	(1010000000000021, 55, 1, 0),
	(1010000000000022, 3, 1, 0),
	(1010000000000022, 4, 1, 0),
	(1010000000000022, 5, 1, 0),
	(1010000000000022, 7, 1, 0),
	(1010000000000022, 8, 1, 0),
	(1010000000000022, 12, 1, 0),
	(1010000000000022, 31, 1, 0),
	(1010000000000022, 35, 1, 0),
	(1010000000000023, 4, 1, 0),
	(1010000000000023, 5, 1, 0),
	(1010000000000023, 7, 1, 0),
	(1010000000000023, 12, 1, 0),
	(1010000000000023, 14, 1, 0),
	(1010000000000023, 59, 1, 0),
	(1010000000000024, 3, 1, 0),
	(1010000000000024, 4, 1, 0),
	(1010000000000024, 5, 1, 0),
	(1010000000000024, 7, 1, 0),
	(1010000000000024, 12, 1, 0),
	(1010000000000024, 20, 1, 0),
	(1010000000000024, 31, 1, 0),
	(1010000000000025, 2, 1, 0),
	(1010000000000025, 3, 1, 0),
	(1010000000000025, 4, 1, 0),
	(1010000000000025, 5, 1, 0),
	(1010000000000025, 12, 1, 0),
	(1010000000000025, 13, 1, 0),
	(1010000000000025, 32, 1, 0),
	(1010000000000026, 3, 1, 0),
	(1010000000000026, 4, 1, 0),
	(1010000000000026, 5, 1, 0),
	(1010000000000026, 8, 1, 0),
	(1010000000000026, 13, 1, 0),
	(1010000000000026, 31, 1, 0),
	(1010000000000026, 62, 1, 0),
	(1010000000000027, 3, 1, 0),
	(1010000000000027, 4, 1, 0),
	(1010000000000027, 5, 1, 0),
	(1010000000000027, 12, 1, 0),
	(1010000000000027, 14, 1, 0),
	(1010000000000027, 31, 1, 0),
	(1010000000000027, 51, 1, 0),
	(1010000000000028, 3, 1, 0),
	(1010000000000028, 4, 1, 0),
	(1010000000000028, 5, 1, 0),
	(1010000000000028, 12, 1, 0),
	(1010000000000028, 13, 1, 0),
	(1010000000000028, 20, 1, 0),
	(1010000000000028, 31, 1, 0),
	(1010000000000029, 3, 1, 0),
	(1010000000000029, 4, 1, 0),
	(1010000000000029, 12, 1, 0),
	(1010000000000029, 17, 1, 0),
	(1010000000000029, 19, 1, 0),
	(1010000000000029, 52, 1, 0),
	(1010000000000030, 3, 1, 0),
	(1010000000000030, 4, 1, 0),
	(1010000000000030, 5, 1, 0),
	(1010000000000030, 8, 1, 0),
	(1010000000000030, 12, 1, 0),
	(1010000000000030, 19, 1, 0),
	(1010000000000030, 31, 1, 0),
	(1010000000000031, 4, 1, 0),
	(1010000000000031, 5, 1, 0),
	(1010000000000031, 12, 1, 0),
	(1010000000000031, 14, 1, 0),
	(1010000000000031, 19, 1, 0),
	(1010000000000031, 27, 1, 0),
	(1010000000000032, 3, 1, 0),
	(1010000000000032, 4, 1, 0),
	(1010000000000032, 5, 1, 0),
	(1010000000000032, 12, 1, 0),
	(1010000000000032, 19, 1, 0),
	(1010000000000032, 20, 1, 0),
	(1010000000000032, 31, 1, 0),
	(1010000000000033, 1, 1, 0),
	(1010000000000033, 2, 1, 0),
	(1010000000000033, 3, 1, 0),
	(1010000000000033, 4, 1, 0),
	(1010000000000033, 5, 1, 0),
	(1010000000000033, 18, 1, 0),
	(1010000000000033, 33, 1, 0),
	(1010000000000034, 1, 1, 0),
	(1010000000000034, 3, 1, 0),
	(1010000000000034, 4, 1, 0),
	(1010000000000034, 5, 1, 0),
	(1010000000000034, 8, 1, 0),
	(1010000000000034, 18, 1, 0),
	(1010000000000034, 32, 1, 0),
	(1010000000000035, 1, 1, 0),
	(1010000000000035, 3, 1, 0),
	(1010000000000035, 4, 1, 0),
	(1010000000000035, 5, 1, 0),
	(1010000000000035, 14, 1, 0),
	(1010000000000035, 18, 1, 0),
	(1010000000000035, 32, 1, 0),
	(1010000000000036, 1, 1, 0),
	(1010000000000036, 3, 1, 0),
	(1010000000000036, 4, 1, 0),
	(1010000000000036, 5, 1, 0),
	(1010000000000036, 20, 1, 0),
	(1010000000000036, 32, 1, 0),
	(1010000000000036, 56, 1, 0),
	(1010000000000037, 2, 1, 0),
	(1010000000000037, 3, 1, 0),
	(1010000000000037, 4, 1, 0),
	(1010000000000037, 7, 1, 0),
	(1010000000000037, 18, 1, 0),
	(1010000000000037, 23, 1, 0),
	(1010000000000037, 31, 1, 0),
	(1010000000000038, 3, 1, 0),
	(1010000000000038, 4, 1, 0),
	(1010000000000038, 5, 1, 0),
	(1010000000000038, 7, 1, 0),
	(1010000000000038, 8, 1, 0),
	(1010000000000038, 18, 1, 0),
	(1010000000000038, 31, 1, 0);
/*!40000 ALTER TABLE `PlayerSkill` ENABLE KEYS */;

-- 傾印  程序 koa_main.RaceFinish 結構
DELIMITER //
CREATE PROCEDURE `RaceFinish`(
	IN `inRaceID` INT,
	IN `inStatus` INT,
	IN `inTime` DECIMAL(20,6)
)
BEGIN
    
    DECLARE step INT DEFAULT 0;
    DECLARE EXIT HANDLER FOR SQLEXCEPTION, NOT FOUND, SQLWARNING
    
    BEGIN
    
        GET DIAGNOSTICS CONDITION 1 @`errno` = MYSQL_ERRNO, @`sqlstate` = RETURNED_SQLSTATE, @`text` = MESSAGE_TEXT;
        SET @full_error = CONCAT('ERROR ', @`errno`, ' (', @`sqlstate`, '): ', @`text`);
        ROLLBACK;
        SELECT step, @full_error;
    
    END;

    START TRANSACTION;

        UPDATE `RacePlayer` SET `Status`= inStatus, `UpdateTime` = inTime WHERE `RaceID` = inRaceID;
        SET step = 1;

        UPDATE `Users` SET `Race` = 0, `UpdateTime` = inTime WHERE `UserID` IN (SELECT `UserID` FROM `RacePlayer` WHERE `RaceID` = inRaceID);
        SET step = 2;

        UPDATE `Races` SET `Status` = inStatus, `UpdateTime` = inTime, `FinishTime` = inTime WHERE `RaceID` = inRaceID;
        SET step = 3;

        SELECT step, '';

    COMMIT;

END//
DELIMITER ;

-- 傾印  資料表 koa_main.RacePlayer 結構
CREATE TABLE IF NOT EXISTS `RacePlayer` (
  `RacePlayerID` int(10) unsigned NOT NULL AUTO_INCREMENT,
  `RaceID` int(10) unsigned NOT NULL DEFAULT 0 COMMENT '競賽編號',
  `UserID` int(10) NOT NULL DEFAULT 0 COMMENT '使用者編號',
  `PlayerID` bigint(20) NOT NULL DEFAULT 0 COMMENT '角色編號',
  `RaceNumber` tinyint(3) unsigned NOT NULL DEFAULT 0 COMMENT '參與比賽號碼',
  `Status` tinyint(3) NOT NULL DEFAULT 0 COMMENT '狀態',
  `Position` varchar(50) DEFAULT NULL COMMENT '所在位置',
  `Direction` tinyint(3) NOT NULL DEFAULT 0 COMMENT '角色方向',
  `Energy` varchar(50) DEFAULT NULL COMMENT '能量 紅,黃,藍,綠',
  `TrackType` tinyint(4) NOT NULL DEFAULT 0 COMMENT '賽道類別',
  `TrackShape` tinyint(4) NOT NULL DEFAULT 0 COMMENT '賽道形狀',
  `Rhythm` tinyint(3) NOT NULL DEFAULT 0 COMMENT '比賽節奏',
  `Ranking` tinyint(3) unsigned NOT NULL DEFAULT 0 COMMENT '排名',
  `TrackNumber` tinyint(3) unsigned NOT NULL DEFAULT 0 COMMENT '賽道號碼',
  `HP` int(10) unsigned NOT NULL DEFAULT 0 COMMENT '剩餘耐力',
  `Offside` tinyint(3) unsigned NOT NULL DEFAULT 0 COMMENT '超越 n 名',
  `Hit` tinyint(3) unsigned NOT NULL DEFAULT 0 COMMENT '被妨礙次數',
  `CreateTime` decimal(20,6) NOT NULL DEFAULT 0.000000 COMMENT '建立時間',
  `UpdateTime` decimal(20,6) NOT NULL DEFAULT 0.000000 COMMENT '更新時間',
  `FinishTime` decimal(20,6) NOT NULL DEFAULT 0.000000 COMMENT '結束時間',
  PRIMARY KEY (`RacePlayerID`),
  UNIQUE KEY `RaceID_UserID` (`RaceID`,`UserID`),
  UNIQUE KEY `RaceID_PlayerID` (`RaceID`,`PlayerID`),
  KEY `RaceID` (`RaceID`)
) ENGINE=InnoDB DEFAULT CHARSET=utf8mb4 COMMENT='競賽角色';

-- 傾印  資料表 koa_main.RacePlayerEffect 結構
CREATE TABLE IF NOT EXISTS `RacePlayerEffect` (
  `Serial` int(10) unsigned NOT NULL AUTO_INCREMENT,
  `RacePlayerID` int(10) unsigned NOT NULL DEFAULT 0 COMMENT '競賽角色資料編號',
  `EffectType` smallint(6) NOT NULL DEFAULT 0 COMMENT '效果類型',
  `EffectValue` decimal(20,6) NOT NULL DEFAULT 0.000000 COMMENT '效果影響值',
  `StartTime` decimal(20,6) NOT NULL DEFAULT 0.000000 COMMENT '起始時間',
  `EndTime` decimal(20,6) NOT NULL DEFAULT 0.000000 COMMENT '結束時間',
  PRIMARY KEY (`Serial`),
  KEY `RacePlayerID` (`RacePlayerID`)
) ENGINE=InnoDB DEFAULT CHARSET=utf8mb4 COMMENT='競賽角色效果';

-- 傾印  資料表 koa_main.RacePlayerSkill 結構
CREATE TABLE IF NOT EXISTS `RacePlayerSkill` (
  `Serial` int(10) unsigned NOT NULL AUTO_INCREMENT,
  `RacePlayerID` int(10) unsigned NOT NULL DEFAULT 0 COMMENT '競賽角色資料編號',
  `CreateTime` decimal(20,6) NOT NULL DEFAULT 0.000000 COMMENT '觸發時間',
  `SkillID` int(10) unsigned NOT NULL DEFAULT 0 COMMENT '技能編號',
  `LaunchMax` tinyint(4) NOT NULL DEFAULT 0 COMMENT '是否發動滿星效果',
  `Result` tinyint(4) NOT NULL DEFAULT 0 COMMENT '發動結果',
  PRIMARY KEY (`Serial`),
  KEY `RacePlayerID` (`RacePlayerID`)
) ENGINE=InnoDB DEFAULT CHARSET=utf8mb4 COMMENT='競賽角色技能';

-- 傾印  資料表 koa_main.Races 結構
CREATE TABLE IF NOT EXISTS `Races` (
  `RaceID` int(10) unsigned NOT NULL AUTO_INCREMENT,
  `SceneID` int(10) unsigned NOT NULL DEFAULT 0 COMMENT '場景編號',
  `Status` tinyint(4) NOT NULL DEFAULT 0 COMMENT '狀態',
  `CreateTime` decimal(20,6) NOT NULL DEFAULT 0.000000 COMMENT '建立時間',
  `UpdateTime` decimal(20,6) NOT NULL DEFAULT 0.000000 COMMENT '更新時間',
  `FinishTime` decimal(20,6) NOT NULL DEFAULT 0.000000 COMMENT '結束時間',
  `Weather` tinyint(3) unsigned NOT NULL DEFAULT 0 COMMENT '天氣',
  `WindDirection` tinyint(4) NOT NULL DEFAULT 0 COMMENT '風向',
  `RacePlayerIDs` text DEFAULT NULL COMMENT '競賽角色編號',
  PRIMARY KEY (`RaceID`)
) ENGINE=InnoDB DEFAULT CHARSET=utf8mb4 COMMENT='競賽資訊';

-- 傾印  資料表 koa_main.Sessions 結構
CREATE TABLE IF NOT EXISTS `Sessions` (
  `SessionID` varchar(255) NOT NULL,
  `SessionExpires` int(10) unsigned NOT NULL DEFAULT 0,
  `SessionData` text DEFAULT NULL,
  `UserID` int(11) NOT NULL,
  PRIMARY KEY (`SessionID`),
  KEY `SessionExpires` (`SessionExpires`)
) ENGINE=InnoDB DEFAULT CHARSET=utf8mb4;

-- 傾印  資料表 koa_main.UserItems 結構
CREATE TABLE IF NOT EXISTS `UserItems` (
  `UserItemID` int(10) unsigned NOT NULL AUTO_INCREMENT COMMENT '使用者物品編號',
  `UserID` int(10) unsigned NOT NULL DEFAULT 0 COMMENT '使用者編號',
  `ItemID` int(11) NOT NULL DEFAULT 0 COMMENT '物品編號',
  `Amount` int(10) NOT NULL DEFAULT 0 COMMENT '數量',
  `CreateTime` int(10) unsigned NOT NULL DEFAULT 0 COMMENT '建立時間',
  `UpdateTime` int(10) unsigned NOT NULL DEFAULT 0 COMMENT '更新時間',
  PRIMARY KEY (`UserItemID`),
  KEY `UserID` (`UserID`),
  KEY `ItemID` (`ItemID`)
) ENGINE=InnoDB DEFAULT CHARSET=utf8mb4 COMMENT='使用者持有物品';

-- 傾印  資料表 koa_main.Users 結構
CREATE TABLE IF NOT EXISTS `Users` (
  `UserID` int(10) NOT NULL AUTO_INCREMENT,
  `Status` tinyint(4) DEFAULT 1 COMMENT '狀態(1=啟用)',
  `Username` varchar(255) NOT NULL COMMENT '帳號',
  `Nickname` varchar(255) NOT NULL COMMENT '暱稱',
  `Password` varchar(255) NOT NULL COMMENT '密碼',
  `Level` smallint(5) unsigned NOT NULL DEFAULT 1 COMMENT '等級',
  `Exp` bigint(20) unsigned NOT NULL DEFAULT 0 COMMENT '經驗值',
  `Vitality` smallint(5) unsigned NOT NULL DEFAULT 0 COMMENT '體力',
  `Money` bigint(20) NOT NULL DEFAULT 0 COMMENT '金錢',
  `Player` bigint(20) NOT NULL DEFAULT 0 COMMENT '當前角色',
  `Scene` int(10) unsigned NOT NULL DEFAULT 0 COMMENT '當前場景',
  `Race` int(10) NOT NULL DEFAULT 0 COMMENT '當前競賽',
  `CreateTime` int(11) NOT NULL DEFAULT 0 COMMENT '建立時間',
  `UpdateTime` int(11) NOT NULL DEFAULT 0 COMMENT '更新時間',
  PRIMARY KEY (`UserID`),
  UNIQUE KEY `Username` (`Username`),
  KEY `Race` (`Race`)
) ENGINE=InnoDB AUTO_INCREMENT=11 DEFAULT CHARSET=utf8mb4 COMMENT='使用者資料';

-- 正在傾印表格  koa_main.Users 的資料：~48 rows (近似值)
/*!40000 ALTER TABLE `Users` DISABLE KEYS */;
INSERT INTO `Users` (`UserID`, `Status`, `Username`, `Nickname`, `Password`, `Level`, `Exp`, `Vitality`, `Money`, `Player`, `Scene`, `Race`, `CreateTime`, `UpdateTime`) VALUES
	(-38, 1, 'ai0038', 'aiacc0038', 'pass0038', 1, 0, 0, 0, -38, 1, 0, 0, 0),
	(-37, 1, 'ai0037', 'aiacc0037', 'pass0037', 1, 0, 0, 0, -37, 1, 0, 0, 0),
	(-36, 1, 'ai0036', 'aiacc0036', 'pass0036', 1, 0, 0, 0, -36, 1, 0, 0, 0),
	(-35, 1, 'ai0035', 'aiacc0035', 'pass0035', 1, 0, 0, 0, -35, 1, 0, 0, 0),
	(-34, 1, 'ai0034', 'aiacc0034', 'pass0034', 1, 0, 0, 0, -34, 1, 0, 0, 0),
	(-33, 1, 'ai0033', 'aiacc0033', 'pass0033', 1, 0, 0, 0, -33, 1, 0, 0, 0),
	(-32, 1, 'ai0032', 'aiacc0032', 'pass0032', 1, 0, 0, 0, -32, 1, 0, 0, 0),
	(-31, 1, 'ai0031', 'aiacc0031', 'pass0031', 1, 0, 0, 0, -31, 1, 0, 0, 0),
	(-30, 1, 'ai0030', 'aiacc0030', 'pass0030', 1, 0, 0, 0, -30, 1, 0, 0, 0),
	(-29, 1, 'ai0029', 'aiacc0029', 'pass0029', 1, 0, 0, 0, -29, 1, 0, 0, 0),
	(-28, 1, 'ai0028', 'aiacc0028', 'pass0028', 1, 0, 0, 0, -28, 1, 0, 0, 0),
	(-27, 1, 'ai0027', 'aiacc0027', 'pass0027', 1, 0, 0, 0, -27, 1, 0, 0, 0),
	(-26, 1, 'ai0026', 'aiacc0026', 'pass0026', 1, 0, 0, 0, -26, 1, 0, 0, 0),
	(-25, 1, 'ai0025', 'aiacc0025', 'pass0025', 1, 0, 0, 0, -25, 1, 0, 0, 0),
	(-24, 1, 'ai0024', 'aiacc0024', 'pass0024', 1, 0, 0, 0, -24, 1, 0, 0, 0),
	(-23, 1, 'ai0023', 'aiacc0023', 'pass0023', 1, 0, 0, 0, -23, 1, 0, 0, 0),
	(-22, 1, 'ai0022', 'aiacc0022', 'pass0022', 1, 0, 0, 0, -22, 1, 0, 0, 0),
	(-21, 1, 'ai0021', 'aiacc0021', 'pass0021', 1, 0, 0, 0, -21, 1, 0, 0, 0),
	(-20, 1, 'ai0020', 'aiacc0020', 'pass0020', 1, 0, 0, 0, -20, 1, 0, 0, 0),
	(-19, 1, 'ai0019', 'aiacc0019', 'pass0019', 1, 0, 0, 0, -19, 1, 0, 0, 0),
	(-18, 1, 'ai0018', 'aiacc0018', 'pass0018', 1, 0, 0, 0, -18, 1, 0, 0, 0),
	(-17, 1, 'ai0017', 'aiacc0017', 'pass0017', 1, 0, 0, 0, -17, 1, 0, 0, 0),
	(-16, 1, 'ai0016', 'aiacc0016', 'pass0016', 1, 0, 0, 0, -16, 1, 0, 0, 0),
	(-15, 1, 'ai0015', 'aiacc0015', 'pass0015', 1, 0, 0, 0, -15, 1, 0, 0, 0),
	(-14, 1, 'ai0014', 'aiacc0014', 'pass0014', 1, 0, 0, 0, -14, 1, 0, 0, 0),
	(-13, 1, 'ai0013', 'aiacc0013', 'pass0013', 1, 0, 0, 0, -13, 1, 0, 0, 0),
	(-12, 1, 'ai0012', 'aiacc0012', 'pass0012', 1, 0, 0, 0, -12, 1, 0, 0, 0),
	(-11, 1, 'ai0011', 'aiacc0011', 'pass0011', 1, 0, 0, 0, -11, 1, 0, 0, 0),
	(-10, 1, 'ai0010', 'aiacc0010', 'pass0010', 1, 0, 0, 0, -10, 1, 0, 0, 0),
	(-9, 1, 'ai0009', 'aiacc0009', 'pass0009', 1, 0, 0, 0, -9, 1, 0, 0, 0),
	(-8, 1, 'ai0008', 'aiacc0008', 'pass0008', 1, 0, 0, 0, -8, 1, 0, 0, 0),
	(-7, 1, 'ai0007', 'aiacc0007', 'pass0007', 1, 0, 0, 0, -7, 1, 0, 0, 0),
	(-6, 1, 'ai0006', 'aiacc0006', 'pass0006', 1, 0, 0, 0, -6, 1, 0, 0, 0),
	(-5, 1, 'ai0005', 'aiacc0005', 'pass0005', 1, 0, 0, 0, -5, 1, 0, 0, 0),
	(-4, 1, 'ai0004', 'aiacc0004', 'pass0004', 1, 0, 0, 0, -4, 1, 0, 0, 0),
	(-3, 1, 'ai0003', 'aiacc0003', 'pass0003', 1, 0, 0, 0, -3, 1, 0, 0, 0),
	(-2, 1, 'ai0002', 'aiacc0002', 'pass0002', 1, 0, 0, 0, -2, 1, 0, 0, 0),
	(-1, 1, 'ai0001', 'aiacc0001', 'pass0001', 1, 0, 0, 0, -1, 1, 0, 0, 0),
	(1, 1, 'test001', 'test001', '$2y$10$elorX60dGEdj50HVHxJqE.aigfqxUu86tPKCCYmDyIdWoDHUL3JVy', 1, 0, 0, 0, 1010000000000001, 1, 0, 0, 0),
	(2, 1, 'test002', 'test002', '$2y$10$elorX60dGEdj50HVHxJqE.aigfqxUu86tPKCCYmDyIdWoDHUL3JVy', 1, 0, 0, 0, 1010000000000003, 1, 0, 0, 0),
	(3, 1, 'test003', 'test003', '$2y$10$elorX60dGEdj50HVHxJqE.aigfqxUu86tPKCCYmDyIdWoDHUL3JVy', 1, 0, 0, 0, 1010000000000005, 1, 0, 0, 0),
	(4, 1, 'test004', 'test004', '$2y$10$elorX60dGEdj50HVHxJqE.aigfqxUu86tPKCCYmDyIdWoDHUL3JVy', 1, 0, 0, 0, 1010000000000007, 1, 0, 0, 0),
	(5, 1, 'test005', 'test005', '$2y$10$elorX60dGEdj50HVHxJqE.aigfqxUu86tPKCCYmDyIdWoDHUL3JVy', 1, 0, 0, 0, 1010000000000009, 1, 0, 0, 0),
	(6, 1, 'test006', 'test006', '$2y$10$elorX60dGEdj50HVHxJqE.aigfqxUu86tPKCCYmDyIdWoDHUL3JVy', 1, 0, 0, 0, 1010000000000011, 1, 0, 0, 0),
	(7, 1, 'test007', 'test007', '$2y$10$elorX60dGEdj50HVHxJqE.aigfqxUu86tPKCCYmDyIdWoDHUL3JVy', 1, 0, 0, 0, 1010000000000013, 1, 0, 0, 0),
	(8, 1, 'test008', 'test008', '$2y$10$elorX60dGEdj50HVHxJqE.aigfqxUu86tPKCCYmDyIdWoDHUL3JVy', 1, 0, 0, 0, 1010000000000015, 1, 0, 0, 0),
	(9, 1, 'test009', 'test009', '$2y$10$elorX60dGEdj50HVHxJqE.aigfqxUu86tPKCCYmDyIdWoDHUL3JVy', 1, 0, 0, 0, 1010000000000017, 1, 0, 0, 0),
	(10, 1, 'test010', 'test010', '$2y$10$elorX60dGEdj50HVHxJqE.aigfqxUu86tPKCCYmDyIdWoDHUL3JVy', 1, 0, 0, 0, 1010000000000019, 1, 0, 0, 0);
/*!40000 ALTER TABLE `Users` ENABLE KEYS */;

/*!40101 SET SQL_MODE=IFNULL(@OLD_SQL_MODE, '') */;
/*!40014 SET FOREIGN_KEY_CHECKS=IFNULL(@OLD_FOREIGN_KEY_CHECKS, 1) */;
/*!40101 SET CHARACTER_SET_CLIENT=@OLD_CHARACTER_SET_CLIENT */;
/*!40111 SET SQL_NOTES=IFNULL(@OLD_SQL_NOTES, 1) */;
